date,counterparty_id,name,status,unpaid_sales,unpaid_purchases,future_value,exposure,credit_limit,effective_limit,utilization,alert
2025-01-02,CP01,Permian Producer A,active,0.0,0.0,0.0,0.0,8000000.0,8000000.0,0.0,green
2025-01-02,CP02,Haynesville Producer B,active,0.0,0.0,0.0,0.0,5000000.0,5000000.0,0.0,green
2025-01-02,CP03,Gulf Coast Utility C,active,0.0,0.0,8400.0,8400.0,15000000.0,15000000.0,0.0006,green
2025-01-02,CP04,Texas Power Generator D,active,0.0,0.0,0.0,0.0,10000000.0,10000000.0,0.0,green
2025-01-02,CP05,Petrochemical Plant E,active,0.0,0.0,0.0,0.0,12000000.0,12000000.0,0.0,green
2025-01-02,CP06,LNG Feedgas Buyer F,active,0.0,0.0,0.0,0.0,20000000.0,20000000.0,0.0,green
2025-01-02,CP07,LNG Feedgas Buyer G,commissioning,0.0,0.0,8400.0,8400.0,6000000.0,3000000.0,0.0028,green
2025-01-02,CP08,Regional Marketer H,active,0.0,0.0,12600.0,12600.0,3000000.0,3000000.0,0.0042,green
2025-01-03,CP01,Permian Producer A,active,0.0,0.0,4200.0,4200.0,8000000.0,8000000.0,0.0005,green
2025-01-03,CP02,Haynesville Producer B,active,0.0,0.0,0.0,0.0,5000000.0,5000000.0,0.0,green
2025-01-03,CP03,Gulf Coast Utility C,active,0.0,0.0,94080.0,94080.0,15000000.0,15000000.0,0.0063,green
2025-01-03,CP04,Texas Power Generator D,active,0.0,0.0,0.0,0.0,10000000.0,10000000.0,0.0,green
2025-01-03,CP05,Petrochemical Plant E,active,0.0,0.0,6300.0,6300.0,12000000.0,12000000.0,0.0005,green
2025-01-03,CP06,LNG Feedgas Buyer F,active,0.0,0.0,0.0,0.0,20000000.0,20000000.0,0.0,green
2025-01-03,CP07,LNG Feedgas Buyer G,commissioning,0.0,0.0,8400.0,8400.0,6000000.0,3000000.0,0.0028,green
2025-01-03,CP08,Regional Marketer H,active,0.0,0.0,12600.0,12600.0,3000000.0,3000000.0,0.0042,green
2025-01-06,CP01,Permian Producer A,active,0.0,0.0,48720.0,48720.0,8000000.0,8000000.0,0.0061,green
2025-01-06,CP02,Haynesville Producer B,active,0.0,0.0,0.0,0.0,5000000.0,5000000.0,0.0,green
2025-01-06,CP03,Gulf Coast Utility C,active,0.0,0.0,5040.0,5040.0,15000000.0,15000000.0,0.0003,green
2025-01-06,CP04,Texas Power Generator D,active,0.0,0.0,0.0,0.0,10000000.0,10000000.0,0.0,green
2025-01-06,CP05,Petrochemical Plant E,active,0.0,0.0,-60480.0,0.0,12000000.0,12000000.0,0.0,green
2025-01-06,CP06,LNG Feedgas Buyer F,active,0.0,0.0,0.0,0.0,20000000.0,20000000.0,0.0,green
2025-01-06,CP07,LNG Feedgas Buyer G,commissioning,0.0,0.0,8400.0,8400.0,6000000.0,3000000.0,0.0028,green
2025-01-06,CP08,Regional Marketer H,active,0.0,0.0,21000.0,21000.0,3000000.0,3000000.0,0.007,green
2025-01-07,CP01,Permian Producer A,active,0.0,0.0,17500.0,17500.0,8000000.0,8000000.0,0.0022,green
2025-01-07,CP02,Haynesville Producer B,active,0.0,0.0,0.0,0.0,5000000.0,5000000.0,0.0,green
2025-01-07,CP03,Gulf Coast Utility C,active,0.0,0.0,67480.0,67480.0,15000000.0,15000000.0,0.0045,green
2025-01-07,CP04,Texas Power Generator D,active,0.0,0.0,0.0,0.0,10000000.0,10000000.0,0.0,green
2025-01-07,CP05,Petrochemical Plant E,active,0.0,0.0,-13650.0,0.0,12000000.0,12000000.0,0.0,green
2025-01-07,CP06,LNG Feedgas Buyer F,active,0.0,0.0,0.0,0.0,20000000.0,20000000.0,0.0,green
2025-01-07,CP07,LNG Feedgas Buyer G,commissioning,0.0,0.0,8400.0,8400.0,6000000.0,3000000.0,0.0028,green
2025-01-07,CP08,Regional Marketer H,active,0.0,0.0,-41440.0,0.0,3000000.0,3000000.0,0.0,green
2025-01-08,CP01,Permian Producer A,active,0.0,0.0,45780.0,45780.0,8000000.0,8000000.0,0.0057,green
2025-01-08,CP02,Haynesville Producer B,active,0.0,0.0,0.0,0.0,5000000.0,5000000.0,0.0,green
2025-01-08,CP03,Gulf Coast Utility C,active,0.0,0.0,10920.0,10920.0,15000000.0,15000000.0,0.0007,green
2025-01-08,CP04,Texas Power Generator D,active,0.0,0.0,0.0,0.0,10000000.0,10000000.0,0.0,green
2025-01-08,CP05,Petrochemical Plant E,active,0.0,0.0,-56070.0,0.0,12000000.0,12000000.0,0.0,green
2025-01-08,CP06,LNG Feedgas Buyer F,active,0.0,0.0,0.0,0.0,20000000.0,20000000.0,0.0,green
2025-01-08,CP07,LNG Feedgas Buyer G,commissioning,0.0,0.0,8400.0,8400.0,6000000.0,3000000.0,0.0028,green
2025-01-08,CP08,Regional Marketer H,active,0.0,0.0,15120.0,15120.0,3000000.0,3000000.0,0.005,green
2025-01-09,CP01,Permian Producer A,active,0.0,0.0,52780.0,52780.0,8000000.0,8000000.0,0.0066,green
2025-01-09,CP02,Haynesville Producer B,active,0.0,0.0,0.0,0.0,5000000.0,5000000.0,0.0,green
2025-01-09,CP03,Gulf Coast Utility C,active,0.0,0.0,-3080.0,0.0,15000000.0,15000000.0,0.0,green
2025-01-09,CP04,Texas Power Generator D,active,0.0,0.0,0.0,0.0,10000000.0,10000000.0,0.0,green
2025-01-09,CP05,Petrochemical Plant E,active,0.0,0.0,-66570.0,0.0,12000000.0,12000000.0,0.0,green
2025-01-09,CP06,LNG Feedgas Buyer F,active,0.0,0.0,8400.0,8400.0,20000000.0,20000000.0,0.0004,green
2025-01-09,CP07,LNG Feedgas Buyer G,commissioning,0.0,0.0,8400.0,8400.0,6000000.0,3000000.0,0.0028,green
2025-01-09,CP08,Regional Marketer H,active,0.0,0.0,37520.0,37520.0,3000000.0,3000000.0,0.0125,green
2025-01-10,CP01,Permian Producer A,active,0.0,0.0,93100.0,93100.0,8000000.0,8000000.0,0.0116,green
2025-01-10,CP02,Haynesville Producer B,active,0.0,0.0,0.0,0.0,5000000.0,5000000.0,0.0,green
2025-01-10,CP03,Gulf Coast Utility C,active,0.0,0.0,-83720.0,0.0,15000000.0,15000000.0,0.0,green
2025-01-10,CP04,Texas Power Generator D,active,0.0,0.0,0.0,0.0,10000000.0,10000000.0,0.0,green
2025-01-10,CP05,Petrochemical Plant E,active,0.0,0.0,-118650.0,0.0,12000000.0,12000000.0,0.0,green
2025-01-10,CP06,LNG Feedgas Buyer F,active,0.0,0.0,8400.0,8400.0,20000000.0,20000000.0,0.0004,green
2025-01-10,CP07,LNG Feedgas Buyer G,commissioning,0.0,0.0,8400.0,8400.0,6000000.0,3000000.0,0.0028,green
2025-01-10,CP08,Regional Marketer H,active,0.0,0.0,198800.0,198800.0,3000000.0,3000000.0,0.0663,green
2025-01-13,CP01,Permian Producer A,active,0.0,0.0,91700.0,91700.0,8000000.0,8000000.0,0.0115,green
2025-01-13,CP02,Haynesville Producer B,active,0.0,0.0,0.0,0.0,5000000.0,5000000.0,0.0,green
2025-01-13,CP03,Gulf Coast Utility C,active,0.0,0.0,-68320.0,0.0,15000000.0,15000000.0,0.0,green
2025-01-13,CP04,Texas Power Generator D,active,0.0,0.0,0.0,0.0,10000000.0,10000000.0,0.0,green
2025-01-13,CP05,Petrochemical Plant E,active,0.0,0.0,-83300.0,0.0,12000000.0,12000000.0,0.0,green
2025-01-13,CP06,LNG Feedgas Buyer F,active,0.0,0.0,12600.0,12600.0,20000000.0,20000000.0,0.0006,green
2025-01-13,CP07,LNG Feedgas Buyer G,commissioning,0.0,0.0,10500.0,10500.0,6000000.0,3000000.0,0.0035,green
2025-01-13,CP08,Regional Marketer H,active,0.0,0.0,168000.0,168000.0,3000000.0,3000000.0,0.056,green
2025-01-14,CP01,Permian Producer A,active,0.0,0.0,104860.0,104860.0,8000000.0,8000000.0,0.0131,green
2025-01-14,CP02,Haynesville Producer B,active,0.0,0.0,0.0,0.0,5000000.0,5000000.0,0.0,green
2025-01-14,CP03,Gulf Coast Utility C,active,0.0,0.0,-77840.0,0.0,15000000.0,15000000.0,0.0,green
2025-01-14,CP04,Texas Power Generator D,active,0.0,0.0,0.0,0.0,10000000.0,10000000.0,0.0,green
2025-01-14,CP05,Petrochemical Plant E,active,0.0,0.0,-109480.0,0.0,12000000.0,12000000.0,0.0,green
2025-01-14,CP06,LNG Feedgas Buyer F,active,0.0,0.0,7840.0,7840.0,20000000.0,20000000.0,0.0004,green
2025-01-14,CP07,LNG Feedgas Buyer G,commissioning,0.0,0.0,8120.0,8120.0,6000000.0,3000000.0,0.0027,green
2025-01-14,CP08,Regional Marketer H,active,0.0,0.0,195440.0,195440.0,3000000.0,3000000.0,0.0651,green
2025-01-15,CP01,Permian Producer A,active,0.0,0.0,153160.0,153160.0,8000000.0,8000000.0,0.0191,green
2025-01-15,CP02,Haynesville Producer B,active,0.0,0.0,0.0,0.0,5000000.0,5000000.0,0.0,green
2025-01-15,CP03,Gulf Coast Utility C,active,0.0,0.0,-110040.0,0.0,15000000.0,15000000.0,0.0,green
2025-01-15,CP04,Texas Power Generator D,active,0.0,0.0,0.0,0.0,10000000.0,10000000.0,0.0,green
2025-01-15,CP05,Petrochemical Plant E,active,0.0,0.0,-198030.0,0.0,12000000.0,12000000.0,0.0,green
2025-01-15,CP06,LNG Feedgas Buyer F,active,0.0,0.0,-8260.0,0.0,20000000.0,20000000.0,0.0,green
2025-01-15,CP07,LNG Feedgas Buyer G,commissioning,0.0,0.0,70.0,70.0,6000000.0,3000000.0,0.0,green
2025-01-15,CP08,Regional Marketer H,active,0.0,0.0,267890.0,267890.0,3000000.0,3000000.0,0.0893,green
2025-01-16,CP01,Permian Producer A,active,0.0,0.0,235060.0,235060.0,8000000.0,8000000.0,0.0294,green
2025-01-16,CP02,Haynesville Producer B,active,0.0,0.0,12600.0,12600.0,5000000.0,5000000.0,0.0025,green
2025-01-16,CP03,Gulf Coast Utility C,active,0.0,0.0,-159040.0,0.0,15000000.0,15000000.0,0.0,green
2025-01-16,CP04,Texas Power Generator D,active,0.0,0.0,0.0,0.0,10000000.0,10000000.0,0.0,green
2025-01-16,CP05,Petrochemical Plant E,active,0.0,0.0,-328580.0,0.0,12000000.0,12000000.0,0.0,green
2025-01-16,CP06,LNG Feedgas Buyer F,active,0.0,0.0,-32760.0,0.0,20000000.0,20000000.0,0.0,green
2025-01-16,CP07,LNG Feedgas Buyer G,commissioning,0.0,0.0,-12180.0,0.0,6000000.0,3000000.0,0.0,green
2025-01-16,CP08,Regional Marketer H,active,0.0,0.0,394940.0,394940.0,3000000.0,3000000.0,0.1316,green
2025-01-17,CP01,Permian Producer A,active,0.0,0.0,104860.0,104860.0,8000000.0,8000000.0,0.0131,green
2025-01-17,CP02,Haynesville Producer B,active,0.0,0.0,-117600.0,0.0,5000000.0,5000000.0,0.0,green
2025-01-17,CP03,Gulf Coast Utility C,active,0.0,0.0,-72240.0,0.0,15000000.0,15000000.0,0.0,green
2025-01-17,CP04,Texas Power Generator D,active,0.0,0.0,0.0,0.0,10000000.0,10000000.0,0.0,green
2025-01-17,CP05,Petrochemical Plant E,active,0.0,0.0,-46480.0,0.0,12000000.0,12000000.0,0.0,green
2025-01-17,CP06,LNG Feedgas Buyer F,active,0.0,0.0,10640.0,10640.0,20000000.0,20000000.0,0.0005,green
2025-01-17,CP07,LNG Feedgas Buyer G,commissioning,0.0,0.0,9520.0,9520.0,6000000.0,3000000.0,0.0032,green
2025-01-17,CP08,Regional Marketer H,active,0.0,0.0,199640.0,199640.0,3000000.0,3000000.0,0.0665,green
2025-01-21,CP01,Permian Producer A,active,0.0,0.0,24220.0,24220.0,8000000.0,8000000.0,0.003,green
2025-01-21,CP02,Haynesville Producer B,active,0.0,0.0,-196140.0,0.0,5000000.0,5000000.0,0.0,green
2025-01-21,CP03,Gulf Coast Utility C,active,0.0,0.0,-18480.0,0.0,15000000.0,15000000.0,0.0,green
2025-01-21,CP04,Texas Power Generator D,active,0.0,0.0,0.0,0.0,10000000.0,10000000.0,0.0,green
2025-01-21,CP05,Petrochemical Plant E,active,0.0,0.0,128240.0,128240.0,12000000.0,12000000.0,0.0107,green
2025-01-21,CP06,LNG Feedgas Buyer F,active,0.0,0.0,37520.0,37520.0,20000000.0,20000000.0,0.0019,green
2025-01-21,CP07,LNG Feedgas Buyer G,commissioning,0.0,0.0,22960.0,22960.0,6000000.0,3000000.0,0.0077,green
2025-01-21,CP08,Regional Marketer H,active,0.0,0.0,78680.0,78680.0,3000000.0,3000000.0,0.0262,green
2025-01-22,CP01,Permian Producer A,active,0.0,0.0,109900.0,109900.0,8000000.0,8000000.0,0.0137,green
2025-01-22,CP02,Haynesville Producer B,active,0.0,0.0,-110460.0,0.0,5000000.0,5000000.0,0.0,green
2025-01-22,CP03,Gulf Coast Utility C,active,0.0,0.0,-75600.0,0.0,15000000.0,15000000.0,0.0,green
2025-01-22,CP04,Texas Power Generator D,active,0.0,0.0,0.0,0.0,10000000.0,10000000.0,0.0,green
2025-01-22,CP05,Petrochemical Plant E,active,0.0,0.0,-57400.0,0.0,12000000.0,12000000.0,0.0,green
2025-01-22,CP06,LNG Feedgas Buyer F,active,0.0,0.0,8960.0,8960.0,20000000.0,20000000.0,0.0004,green
2025-01-22,CP07,LNG Feedgas Buyer G,commissioning,0.0,0.0,8680.0,8680.0,6000000.0,3000000.0,0.0029,green
2025-01-22,CP08,Regional Marketer H,active,0.0,0.0,207200.0,207200.0,3000000.0,3000000.0,0.0691,green
2025-01-23,CP01,Permian Producer A,active,0.0,0.0,103600.0,103600.0,8000000.0,8000000.0,0.0129,green
2025-01-23,CP02,Haynesville Producer B,active,0.0,0.0,-116760.0,0.0,5000000.0,5000000.0,0.0,green
2025-01-23,CP03,Gulf Coast Utility C,active,0.0,0.0,-71400.0,0.0,15000000.0,15000000.0,0.0,green
2025-01-23,CP04,Texas Power Generator D,active,0.0,0.0,0.0,0.0,10000000.0,10000000.0,0.0,green
2025-01-23,CP05,Petrochemical Plant E,active,0.0,0.0,-43750.0,0.0,12000000.0,12000000.0,0.0,green
2025-01-23,CP06,LNG Feedgas Buyer F,active,0.0,0.0,13160.0,13160.0,20000000.0,20000000.0,0.0007,green
2025-01-23,CP07,LNG Feedgas Buyer G,commissioning,0.0,0.0,9730.0,9730.0,6000000.0,3000000.0,0.0032,green
2025-01-23,CP08,Regional Marketer H,active,0.0,0.0,197750.0,197750.0,3000000.0,3000000.0,0.0659,green
2025-01-24,CP01,Permian Producer A,active,0.0,0.0,138040.0,138040.0,8000000.0,8000000.0,0.0173,green
2025-01-24,CP02,Haynesville Producer B,active,0.0,0.0,-82320.0,0.0,5000000.0,5000000.0,0.0,green
2025-01-24,CP03,Gulf Coast Utility C,active,0.0,0.0,-94360.0,0.0,15000000.0,15000000.0,0.0,green
2025-01-24,CP04,Texas Power Generator D,active,0.0,0.0,8400.0,8400.0,10000000.0,10000000.0,0.0008,green
2025-01-24,CP05,Petrochemical Plant E,active,0.0,0.0,-118370.0,0.0,12000000.0,12000000.0,0.0,green
2025-01-24,CP06,LNG Feedgas Buyer F,active,0.0,0.0,4340.0,4340.0,20000000.0,20000000.0,0.0002,green
2025-01-24,CP07,LNG Feedgas Buyer G,commissioning,0.0,0.0,3990.0,3990.0,6000000.0,3000000.0,0.0013,green
2025-01-24,CP08,Regional Marketer H,active,0.0,0.0,249410.0,249410.0,3000000.0,3000000.0,0.0831,green
2025-01-27,CP01,Permian Producer A,active,0.0,0.0,5740.0,5740.0,8000000.0,8000000.0,0.0007,green
2025-01-27,CP02,Haynesville Producer B,active,0.0,0.0,-220920.0,0.0,5000000.0,5000000.0,0.0,green
2025-01-27,CP03,Gulf Coast Utility C,active,0.0,0.0,-1960.0,0.0,15000000.0,15000000.0,0.0,green
2025-01-27,CP04,Texas Power Generator D,active,0.0,0.0,25200.0,25200.0,10000000.0,10000000.0,0.0025,green
2025-01-27,CP05,Petrochemical Plant E,active,0.0,0.0,181930.0,181930.0,12000000.0,12000000.0,0.0152,green
2025-01-27,CP06,LNG Feedgas Buyer F,active,0.0,0.0,73640.0,73640.0,20000000.0,20000000.0,0.0037,green
2025-01-27,CP07,LNG Feedgas Buyer G,commissioning,0.0,0.0,35490.0,35490.0,6000000.0,3000000.0,0.0118,green
2025-01-27,CP08,Regional Marketer H,active,0.0,0.0,41510.0,41510.0,3000000.0,3000000.0,0.0138,green
2025-01-28,CP01,Permian Producer A,active,0.0,0.0,-82880.0,0.0,8000000.0,8000000.0,0.0,green
2025-01-28,CP02,Haynesville Producer B,active,0.0,0.0,-315840.0,0.0,5000000.0,5000000.0,0.0,green
2025-01-28,CP03,Gulf Coast Utility C,active,0.0,0.0,61320.0,61320.0,15000000.0,15000000.0,0.0041,green
2025-01-28,CP04,Texas Power Generator D,active,0.0,0.0,42000.0,42000.0,10000000.0,10000000.0,0.0042,green
2025-01-28,CP05,Petrochemical Plant E,active,0.0,0.0,387590.0,387590.0,12000000.0,12000000.0,0.0323,green
2025-01-28,CP06,LNG Feedgas Buyer F,active,0.0,0.0,121100.0,121100.0,20000000.0,20000000.0,0.0061,green
2025-01-28,CP07,LNG Feedgas Buyer G,commissioning,0.0,0.0,114590.0,114590.0,6000000.0,3000000.0,0.0382,green
2025-01-28,CP08,Regional Marketer H,active,0.0,0.0,-92470.0,0.0,3000000.0,3000000.0,0.0,green
2025-01-29,CP01,Permian Producer A,active,0.0,0.0,-42560.0,0.0,8000000.0,8000000.0,0.0,green
2025-01-29,CP02,Haynesville Producer B,active,0.0,0.0,-272160.0,0.0,5000000.0,5000000.0,0.0,green
2025-01-29,CP03,Gulf Coast Utility C,active,0.0,0.0,43400.0,43400.0,15000000.0,15000000.0,0.0029,green
2025-01-29,CP04,Texas Power Generator D,active,0.0,0.0,42000.0,42000.0,10000000.0,10000000.0,0.0042,green
2025-01-29,CP05,Petrochemical Plant E,active,0.0,0.0,329350.0,329350.0,12000000.0,12000000.0,0.0274,green
2025-01-29,CP06,LNG Feedgas Buyer F,active,0.0,0.0,107660.0,107660.0,20000000.0,20000000.0,0.0054,green
2025-01-29,CP07,LNG Feedgas Buyer G,commissioning,0.0,0.0,92190.0,92190.0,6000000.0,3000000.0,0.0307,green
2025-01-29,CP08,Regional Marketer H,active,0.0,0.0,-35350.0,0.0,3000000.0,3000000.0,0.0,green
2025-01-30,CP01,Permian Producer A,active,0.0,0.0,-42560.0,0.0,8000000.0,8000000.0,0.0,green
2025-01-30,CP02,Haynesville Producer B,active,0.0,0.0,-272160.0,0.0,5000000.0,5000000.0,0.0,green
2025-01-30,CP03,Gulf Coast Utility C,active,0.0,0.0,43400.0,43400.0,15000000.0,15000000.0,0.0029,green
2025-01-30,CP04,Texas Power Generator D,active,0.0,0.0,42000.0,42000.0,10000000.0,10000000.0,0.0042,green
2025-01-30,CP05,Petrochemical Plant E,active,0.0,0.0,329350.0,329350.0,12000000.0,12000000.0,0.0274,green
2025-01-30,CP06,LNG Feedgas Buyer F,active,0.0,0.0,107660.0,107660.0,20000000.0,20000000.0,0.0054,green
2025-01-30,CP07,LNG Feedgas Buyer G,commissioning,0.0,0.0,92190.0,92190.0,6000000.0,3000000.0,0.0307,green
2025-01-30,CP08,Regional Marketer H,active,0.0,0.0,-35350.0,0.0,3000000.0,3000000.0,0.0,green
2025-01-31,CP01,Permian Producer A,active,0.0,0.0,-42560.0,0.0,8000000.0,8000000.0,0.0,green
2025-01-31,CP02,Haynesville Producer B,active,0.0,0.0,-272160.0,0.0,5000000.0,5000000.0,0.0,green
2025-01-31,CP03,Gulf Coast Utility C,active,0.0,0.0,43400.0,43400.0,15000000.0,15000000.0,0.0029,green
2025-01-31,CP04,Texas Power Generator D,active,0.0,0.0,42000.0,42000.0,10000000.0,10000000.0,0.0042,green
2025-01-31,CP05,Petrochemical Plant E,active,0.0,0.0,329350.0,329350.0,12000000.0,12000000.0,0.0274,green
2025-01-31,CP06,LNG Feedgas Buyer F,active,0.0,0.0,107660.0,107660.0,20000000.0,20000000.0,0.0054,green
2025-01-31,CP07,LNG Feedgas Buyer G,commissioning,0.0,0.0,92190.0,92190.0,6000000.0,3000000.0,0.0307,green
2025-01-31,CP08,Regional Marketer H,active,0.0,0.0,-35350.0,0.0,3000000.0,3000000.0,0.0,green
2025-02-03,CP01,Permian Producer A,active,0.0,472172.5,-170187.5,0.0,8000000.0,8000000.0,0.0,green
2025-02-03,CP02,Haynesville Producer B,active,0.0,423235.0,-448625.0,0.0,5000000.0,5000000.0,0.0,green
2025-02-03,CP03,Gulf Coast Utility C,active,110700.0,0.0,97500.0,208200.0,15000000.0,15000000.0,0.0139,green
2025-02-03,CP04,Texas Power Generator D,active,462500.0,0.0,37500.0,500000.0,10000000.0,10000000.0,0.05,green
2025-02-03,CP05,Petrochemical Plant E,active,379950.0,0.0,494300.0,874250.0,12000000.0,12000000.0,0.0729,green
2025-02-03,CP06,LNG Feedgas Buyer F,active,274272.5,0.0,140187.5,414460.0,20000000.0,20000000.0,0.0207,green
2025-02-03,CP07,LNG Feedgas Buyer G,commissioning,234040.0,0.0,165050.0,399090.0,6000000.0,3000000.0,0.133,green
2025-02-03,CP08,Regional Marketer H,active,398900.0,543700.0,-46250.0,0.0,3000000.0,3000000.0,0.0,green
2025-02-04,CP01,Permian Producer A,active,0.0,634480.0,-190380.0,0.0,8000000.0,8000000.0,0.0,green
2025-02-04,CP02,Haynesville Producer B,active,0.0,564805.0,-433155.0,0.0,5000000.0,5000000.0,0.0,green
2025-02-04,CP03,Gulf Coast Utility C,active,147600.0,0.0,105600.0,253200.0,15000000.0,15000000.0,0.0169,green
2025-02-04,CP04,Texas Power Generator D,active,626500.0,0.0,36000.0,662500.0,10000000.0,10000000.0,0.0663,green
2025-02-04,CP05,Petrochemical Plant E,active,506600.0,0.0,544590.0,1051190.0,12000000.0,12000000.0,0.0876,green
2025-02-04,CP06,LNG Feedgas Buyer F,active,369630.0,0.0,143580.0,513210.0,20000000.0,20000000.0,0.0257,green
2025-02-04,CP07,LNG Feedgas Buyer G,commissioning,314020.0,0.0,173820.0,487840.0,6000000.0,3000000.0,0.1626,green
2025-02-04,CP08,Regional Marketer H,active,535800.0,731325.0,-33450.0,0.0,3000000.0,3000000.0,0.0,green
2025-02-05,CP01,Permian Producer A,active,0.0,796037.5,-197972.5,0.0,8000000.0,8000000.0,0.0,green
2025-02-05,CP02,Haynesville Producer B,active,0.0,706300.0,-360652.5,0.0,5000000.0,5000000.0,0.0,green
2025-02-05,CP03,Gulf Coast Utility C,active,184500.0,0.0,110425.0,294925.0,15000000.0,15000000.0,0.0197,green
2025-02-05,CP04,Texas Power Generator D,active,789000.0,0.0,34500.0,823500.0,10000000.0,10000000.0,0.0824,green
2025-02-05,CP05,Petrochemical Plant E,active,633250.0,0.0,512820.0,1146070.0,12000000.0,12000000.0,0.0955,green
2025-02-05,CP06,LNG Feedgas Buyer F,active,464387.5,0.0,142772.5,607160.0,20000000.0,20000000.0,0.0304,green
2025-02-05,CP07,LNG Feedgas Buyer G,commissioning,393700.0,0.0,189540.0,583240.0,6000000.0,3000000.0,0.1944,green
2025-02-05,CP08,Regional Marketer H,active,672100.0,917975.0,-33200.0,0.0,3000000.0,3000000.0,0.0,green
2025-02-06,CP01,Permian Producer A,active,0.0,959845.0,-144815.0,0.0,8000000.0,8000000.0,0.0,green
2025-02-06,CP02,Haynesville Producer B,active,0.0,848020.0,-237127.5,0.0,5000000.0,5000000.0,0.0,green
2025-02-06,CP03,Gulf Coast Utility C,active,221400.0,0.0,98480.0,319880.0,15000000.0,15000000.0,0.0213,green
2025-02-06,CP04,Texas Power Generator D,active,956000.0,0.0,33000.0,989000.0,10000000.0,10000000.0,0.0989,green
2025-02-06,CP05,Petrochemical Plant E,active,759900.0,0.0,411590.0,1171490.0,12000000.0,12000000.0,0.0976,green
2025-02-06,CP06,LNG Feedgas Buyer F,active,560945.0,0.0,121715.0,682660.0,20000000.0,20000000.0,0.0341,green
2025-02-06,CP07,LNG Feedgas Buyer G,commissioning,474280.0,0.0,135240.0,609520.0,6000000.0,3000000.0,0.2032,green
2025-02-06,CP08,Regional Marketer H,active,810200.0,1107550.0,-7600.0,0.0,3000000.0,3000000.0,0.0,green
2025-02-07,CP01,Permian Producer A,active,0.0,1123902.5,-133507.5,0.0,8000000.0,8000000.0,0.0,green
2025-02-07,CP02,Haynesville Producer B,active,0.0,989765.0,-281235.0,0.0,5000000.0,5000000.0,0.0,green
2025-02-07,CP03,Gulf Coast Utility C,active,258300.0,0.0,153960.0,412260.0,15000000.0,15000000.0,0.0275,green
2025-02-07,CP04,Texas Power Generator D,active,1123500.0,0.0,31500.0,1155000.0,10000000.0,10000000.0,0.1155,green
2025-02-07,CP05,Petrochemical Plant E,active,886550.0,0.0,416380.0,1302930.0,12000000.0,12000000.0,0.1086,green
2025-02-07,CP06,LNG Feedgas Buyer F,active,657702.5,0.0,114607.5,772310.0,20000000.0,20000000.0,0.0386,green
2025-02-07,CP07,LNG Feedgas Buyer G,commissioning,554960.0,0.0,172545.0,727505.0,6000000.0,3000000.0,0.2425,green
2025-02-07,CP08,Regional Marketer H,active,948500.0,1297450.0,-61980.0,0.0,3000000.0,3000000.0,0.0,green
2025-02-10,CP01,Permian Producer A,active,0.0,1620075.0,-49635.0,0.0,8000000.0,8000000.0,0.0,green
2025-02-10,CP02,Haynesville Producer B,active,0.0,1415400.0,-34537.5,0.0,5000000.0,5000000.0,0.0,green
2025-02-10,CP03,Gulf Coast Utility C,active,369000.0,0.0,30360.0,399360.0,15000000.0,15000000.0,0.0266,green
2025-02-10,CP04,Texas Power Generator D,active,1634000.0,0.0,27000.0,1661000.0,10000000.0,10000000.0,0.1661,green
2025-02-10,CP05,Petrochemical Plant E,active,1266500.0,0.0,224680.0,1491180.0,12000000.0,12000000.0,0.1243,green
2025-02-10,CP06,LNG Feedgas Buyer F,active,951175.0,0.0,76635.0,1027810.0,20000000.0,20000000.0,0.0514,green
2025-02-10,CP07,LNG Feedgas Buyer G,commissioning,798600.0,0.0,55830.0,854430.0,6000000.0,3000000.0,0.2848,green
2025-02-10,CP08,Regional Marketer H,active,1366600.0,1872350.0,55245.0,0.0,3000000.0,3000000.0,0.0,green
2025-02-11,CP01,Permian Producer A,active,0.0,1792382.5,36747.5,0.0,8000000.0,8000000.0,0.0,green
2025-02-11,CP02,Haynesville Producer B,active,0.0,1557970.0,130570.0,0.0,5000000.0,5000000.0,0.0,green
2025-02-11,CP03,Gulf Coast Utility C,active,405900.0,0.0,-47140.0,358760.0,15000000.0,15000000.0,0.0239,green
2025-02-11,CP04,Texas Power Generator D,active,1818000.0,0.0,48750.0,1866750.0,10000000.0,10000000.0,0.1867,green
2025-02-11,CP05,Petrochemical Plant E,active,1393150.0,0.0,93955.0,1487105.0,12000000.0,12000000.0,0.1239,green
2025-02-11,CP06,LNG Feedgas Buyer F,active,1054532.5,0.0,50702.5,1105235.0,20000000.0,20000000.0,0.0553,green
2025-02-11,CP07,LNG Feedgas Buyer G,commissioning,882580.0,0.0,-19150.0,863430.0,6000000.0,3000000.0,0.2878,green
2025-02-11,CP08,Regional Marketer H,active,1511500.0,2072975.0,121995.0,0.0,3000000.0,3000000.0,0.0,green
2025-02-12,CP01,Permian Producer A,active,0.0,1972690.0,155530.0,0.0,8000000.0,8000000.0,0.0,green
2025-02-12,CP02,Haynesville Producer B,active,0.0,1701340.0,347550.0,0.0,5000000.0,5000000.0,0.0,green
2025-02-12,CP03,Gulf Coast Utility C,active,442800.0,0.0,-127260.0,315540.0,15000000.0,15000000.0,0.021,green
2025-02-12,CP04,Texas Power Generator D,active,2018000.0,0.0,32990.0,2050990.0,10000000.0,10000000.0,0.2051,green
2025-02-12,CP05,Petrochemical Plant E,active,1519800.0,0.0,-92405.0,1427395.0,12000000.0,12000000.0,0.1189,green
2025-02-12,CP06,LNG Feedgas Buyer F,active,1164290.0,0.0,9320.0,1173610.0,20000000.0,20000000.0,0.0587,green
2025-02-12,CP07,LNG Feedgas Buyer G,commissioning,969760.0,0.0,-106395.0,863365.0,6000000.0,3000000.0,0.2878,green
2025-02-12,CP08,Regional Marketer H,active,1662800.0,2284000.0,171420.0,0.0,3000000.0,3000000.0,0.0,green
2025-02-13,CP01,Permian Producer A,active,0.0,2164497.5,312277.5,0.0,8000000.0,8000000.0,0.0,green
2025-02-13,CP02,Haynesville Producer B,active,0.0,1845860.0,646087.5,0.0,5000000.0,5000000.0,0.0,green
2025-02-13,CP03,Gulf Coast Utility C,active,479700.0,0.0,-223220.0,256480.0,15000000.0,15000000.0,0.0171,green
2025-02-13,CP04,Texas Power Generator D,active,2241000.0,0.0,16610.0,2257610.0,10000000.0,10000000.0,0.2258,green
2025-02-13,CP05,Petrochemical Plant E,active,1646450.0,0.0,-333810.0,1312640.0,12000000.0,12000000.0,0.1094,green
2025-02-13,CP06,LNG Feedgas Buyer F,active,1283247.5,0.0,-43012.5,1240235.0,20000000.0,20000000.0,0.062,green
2025-02-13,CP07,LNG Feedgas Buyer G,commissioning,1061540.0,0.0,-219795.0,841745.0,6000000.0,3000000.0,0.2806,green
2025-02-13,CP08,Regional Marketer H,active,1823300.0,2509975.0,251620.0,0.0,3000000.0,3000000.0,0.0,green
2025-02-14,CP01,Permian Producer A,active,0.0,2360555.0,362245.0,0.0,8000000.0,8000000.0,0.0,green
2025-02-14,CP02,Haynesville Producer B,active,0.0,1990805.0,835580.0,0.0,5000000.0,5000000.0,0.0,green
2025-02-14,CP03,Gulf Coast Utility C,active,516600.0,0.0,-299760.0,216840.0,15000000.0,15000000.0,0.0145,green
2025-02-14,CP04,Texas Power Generator D,active,2472500.0,0.0,-14960.0,2457540.0,10000000.0,10000000.0,0.2458,green
2025-02-14,CP05,Petrochemical Plant E,active,1773100.0,0.0,-423905.0,1349195.0,12000000.0,12000000.0,0.1124,green
2025-02-14,CP06,LNG Feedgas Buyer F,active,1405605.0,0.0,-57995.0,1347610.0,20000000.0,20000000.0,0.0674,green
2025-02-14,CP07,LNG Feedgas Buyer G,commissioning,1155020.0,0.0,-286755.0,868265.0,6000000.0,3000000.0,0.2894,green
2025-02-14,CP08,Regional Marketer H,active,1987200.0,2741475.0,295965.0,0.0,3000000.0,3000000.0,0.0,green
2025-02-18,CP01,Permian Producer A,active,0.0,3189785.0,721185.0,0.0,8000000.0,8000000.0,0.0,green
2025-02-18,CP02,Haynesville Producer B,active,0.0,2575085.0,1726895.0,0.0,5000000.0,5000000.0,0.0,green
2025-02-18,CP03,Gulf Coast Utility C,active,664200.0,0.0,-618200.0,46000.0,15000000.0,15000000.0,0.0031,green
2025-02-18,CP04,Texas Power Generator D,active,3488500.0,0.0,-108380.0,3380120.0,10000000.0,10000000.0,0.338,green
2025-02-18,CP05,Petrochemical Plant E,active,2279700.0,0.0,-1004925.0,1274775.0,12000000.0,12000000.0,0.1062,green
2025-02-18,CP06,LNG Feedgas Buyer F,active,1931035.0,0.0,-176425.0,1754610.0,20000000.0,20000000.0,0.0877,green
2025-02-18,CP07,LNG Feedgas Buyer G,commissioning,1546940.0,0.0,-602805.0,944135.0,6000000.0,3000000.0,0.3147,green
2025-02-18,CP08,Regional Marketer H,active,2678800.0,3725975.0,510205.0,0.0,3000000.0,3000000.0,0.0,green
2025-02-19,CP01,Permian Producer A,active,0.0,3449592.5,852432.5,0.0,8000000.0,8000000.0,0.0,green
2025-02-19,CP02,Haynesville Producer B,active,0.0,2726405.0,2239242.5,0.0,5000000.0,5000000.0,0.0,green
2025-02-19,CP03,Gulf Coast Utility C,active,701100.0,0.0,-827860.0,0.0,15000000.0,15000000.0,0.0,green
2025-02-19,CP04,Texas Power Generator D,active,3847500.0,0.0,-194510.0,3652990.0,10000000.0,10000000.0,0.3653,green
2025-02-19,CP05,Petrochemical Plant E,active,2406350.0,0.0,-1227580.0,1178770.0,12000000.0,12000000.0,0.0982,green
2025-02-19,CP06,LNG Feedgas Buyer F,active,2104392.5,0.0,-209407.5,1894985.0,20000000.0,20000000.0,0.0947,green
2025-02-19,CP07,LNG Feedgas Buyer G,commissioning,1665920.0,0.0,-781605.0,884315.0,6000000.0,3000000.0,0.2948,green
2025-02-19,CP08,Regional Marketer H,active,2893700.0,4040350.0,690440.0,0.0,3000000.0,3000000.0,0.0,green
2025-02-20,CP01,Permian Producer A,active,0.0,3671150.0,477375.0,0.0,8000000.0,8000000.0,0.0,green
2025-02-20,CP02,Haynesville Producer B,active,0.0,2873900.0,1525397.5,0.0,5000000.0,5000000.0,0.0,green
2025-02-20,CP03,Gulf Coast Utility C,active,738000.0,0.0,-591500.0,146500.0,15000000.0,15000000.0,0.0098,green
2025-02-20,CP04,Texas Power Generator D,active,4130000.0,0.0,-156330.0,3973670.0,10000000.0,10000000.0,0.3974,green
2025-02-20,CP05,Petrochemical Plant E,active,2533000.0,0.0,-684375.0,1848625.0,12000000.0,12000000.0,0.1541,green
2025-02-20,CP06,LNG Feedgas Buyer F,active,2247150.0,0.0,-94340.0,2152810.0,20000000.0,20000000.0,0.1076,green
2025-02-20,CP07,LNG Feedgas Buyer G,commissioning,1769600.0,0.0,-527190.0,1242410.0,6000000.0,3000000.0,0.4141,green
2025-02-20,CP08,Regional Marketer H,active,3078000.0,4305000.0,572705.0,0.0,3000000.0,3000000.0,0.0,green
2025-02-21,CP01,Permian Producer A,active,0.0,3862957.5,257267.5,0.0,8000000.0,8000000.0,0.0,green
2025-02-21,CP02,Haynesville Producer B,active,0.0,3018420.0,1278627.5,0.0,5000000.0,5000000.0,0.0,green
2025-02-21,CP03,Gulf Coast Utility C,active,774900.0,0.0,-539740.0,235160.0,15000000.0,15000000.0,0.0157,green
2025-02-21,CP04,Texas Power Generator D,active,4353000.0,0.0,-183250.0,4169750.0,10000000.0,10000000.0,0.417,green
2025-02-21,CP05,Petrochemical Plant E,active,2659650.0,0.0,-383070.0,2276580.0,12000000.0,12000000.0,0.1897,green
2025-02-21,CP06,LNG Feedgas Buyer F,active,2366107.5,0.0,-20072.5,2346035.0,20000000.0,20000000.0,0.1173,green
2025-02-21,CP07,LNG Feedgas Buyer G,commissioning,1861380.0,0.0,-438425.0,1422955.0,6000000.0,3000000.0,0.4743,green
2025-02-21,CP08,Regional Marketer H,active,3238500.0,4530975.0,598770.0,0.0,3000000.0,3000000.0,0.0,green
2025-02-24,CP01,Permian Producer A,active,0.0,4424130.0,119890.0,0.0,8000000.0,8000000.0,0.0,green
2025-02-24,CP02,Haynesville Producer B,active,0.0,3450555.0,836412.5,0.0,5000000.0,5000000.0,0.0,green
2025-02-24,CP03,Gulf Coast Utility C,active,885600.0,0.0,-345940.0,539660.0,15000000.0,15000000.0,0.036,green
2025-02-24,CP04,Texas Power Generator D,active,4993500.0,0.0,-113350.0,4880150.0,10000000.0,10000000.0,0.488,green
2025-02-24,CP05,Petrochemical Plant E,active,3039600.0,0.0,-182595.0,2857005.0,12000000.0,12000000.0,0.2381,green
2025-02-24,CP06,LNG Feedgas Buyer F,active,2711580.0,0.0,5630.0,2717210.0,20000000.0,20000000.0,0.1359,green
2025-02-24,CP07,LNG Feedgas Buyer G,commissioning,2131020.0,0.0,-274640.0,1856380.0,6000000.0,3000000.0,0.6188,green
2025-02-24,CP08,Regional Marketer H,active,3708600.0,5190375.0,441345.0,0.0,3000000.0,3000000.0,0.0,green
2025-02-25,CP01,Permian Producer A,active,0.0,4602187.5,185197.5,0.0,8000000.0,8000000.0,0.0,green
2025-02-25,CP02,Haynesville Producer B,active,0.0,3593700.0,1074007.5,0.0,5000000.0,5000000.0,0.0,green
2025-02-25,CP03,Gulf Coast Utility C,active,922500.0,0.0,-456440.0,466060.0,15000000.0,15000000.0,0.0311,green
2025-02-25,CP04,Texas Power Generator D,active,5189000.0,0.0,-170650.0,5018350.0,10000000.0,10000000.0,0.5018,green
2025-02-25,CP05,Petrochemical Plant E,active,3166250.0,0.0,-241545.0,2924705.0,12000000.0,12000000.0,0.2437,green
2025-02-25,CP06,LNG Feedgas Buyer F,active,2819537.5,0.0,3772.5,2823310.0,20000000.0,20000000.0,0.1412,green
2025-02-25,CP07,LNG Feedgas Buyer G,commissioning,2217300.0,0.0,-358320.0,1858980.0,6000000.0,3000000.0,0.6197,green
2025-02-25,CP08,Regional Marketer H,active,3858100.0,5398475.0,553545.0,0.0,3000000.0,3000000.0,0.0,green
2025-02-26,CP01,Permian Producer A,active,0.0,4780745.0,76005.0,0.0,8000000.0,8000000.0,0.0,green
2025-02-26,CP02,Haynesville Producer B,active,0.0,3736895.0,719962.5,0.0,5000000.0,5000000.0,0.0,green
2025-02-26,CP03,Gulf Coast Utility C,active,959400.0,0.0,-288780.0,670620.0,15000000.0,15000000.0,0.0447,green
2025-02-26,CP04,Texas Power Generator D,active,5385500.0,0.0,-86745.0,5298755.0,10000000.0,10000000.0,0.5299,green
2025-02-26,CP05,Petrochemical Plant E,active,3292900.0,0.0,-160315.0,3132585.0,12000000.0,12000000.0,0.261,green
2025-02-26,CP06,LNG Feedgas Buyer F,active,2927895.0,0.0,20815.0,2948710.0,20000000.0,20000000.0,0.1474,green
2025-02-26,CP07,LNG Feedgas Buyer G,commissioning,2303780.0,0.0,-233180.0,2070600.0,6000000.0,3000000.0,0.6902,green
2025-02-26,CP08,Regional Marketer H,active,4008000.0,5607225.0,387885.0,0.0,3000000.0,3000000.0,0.0,green
2025-02-27,CP01,Permian Producer A,active,0.0,4959552.5,69537.5,0.0,8000000.0,8000000.0,0.0,green
2025-02-27,CP02,Haynesville Producer B,active,0.0,3880115.0,717257.5,0.0,5000000.0,5000000.0,0.0,green
2025-02-27,CP03,Gulf Coast Utility C,active,996300.0,0.0,-286780.0,709520.0,15000000.0,15000000.0,0.0473,green
2025-02-27,CP04,Texas Power Generator D,active,5582500.0,0.0,-88245.0,5494255.0,10000000.0,10000000.0,0.5494,green
2025-02-27,CP05,Petrochemical Plant E,active,3419550.0,0.0,-156040.0,3263510.0,12000000.0,12000000.0,0.272,green
2025-02-27,CP06,LNG Feedgas Buyer F,active,3036452.5,0.0,19632.5,3056085.0,20000000.0,20000000.0,0.1528,green
2025-02-27,CP07,LNG Feedgas Buyer G,commissioning,2390360.0,0.0,-232035.0,2158325.0,6000000.0,3000000.0,0.7194,green
2025-02-27,CP08,Regional Marketer H,active,4158100.0,5816300.0,406260.0,0.0,3000000.0,3000000.0,0.0,green
2025-02-28,CP01,Permian Producer A,active,0.0,5138360.0,62620.0,0.0,8000000.0,8000000.0,0.0,green
2025-02-28,CP02,Haynesville Producer B,active,0.0,4023335.0,718352.5,0.0,5000000.0,5000000.0,0.0,green
2025-02-28,CP03,Gulf Coast Utility C,active,1033200.0,0.0,-284580.0,748620.0,15000000.0,15000000.0,0.0499,green
2025-02-28,CP04,Texas Power Generator D,active,5779500.0,0.0,-89745.0,5689755.0,10000000.0,10000000.0,0.569,green
2025-02-28,CP05,Petrochemical Plant E,active,3546200.0,0.0,-140615.0,3405585.0,12000000.0,12000000.0,0.2838,green
2025-02-28,CP06,LNG Feedgas Buyer F,active,3145010.0,0.0,18600.0,3163610.0,20000000.0,20000000.0,0.1582,green
2025-02-28,CP07,LNG Feedgas Buyer G,commissioning,2476940.0,0.0,-230640.0,2246300.0,6000000.0,3000000.0,0.7488,green
2025-02-28,CP08,Regional Marketer H,active,4308200.0,6025375.0,406585.0,0.0,3000000.0,3000000.0,0.0,green
2025-03-03,CP01,Permian Producer A,active,0.0,5511175.0,19460.0,0.0,8000000.0,8000000.0,0.0,green
2025-03-03,CP02,Haynesville Producer B,active,0.0,5033267.5,566330.0,0.0,5000000.0,5000000.0,0.0,green
2025-03-03,CP03,Gulf Coast Utility C,active,1356220.0,0.0,-197680.0,1158540.0,15000000.0,15000000.0,0.0772,green
2025-03-03,CP04,Texas Power Generator D,active,6149690.0,0.0,-43960.0,6105730.0,10000000.0,10000000.0,0.6106,green
2025-03-03,CP05,Petrochemical Plant E,active,3676935.0,0.0,-138640.0,3538295.0,12000000.0,12000000.0,0.2949,green
2025-03-03,CP06,LNG Feedgas Buyer F,active,3381170.0,0.0,76160.0,3457330.0,20000000.0,20000000.0,0.1729,green
2025-03-03,CP07,LNG Feedgas Buyer G,commissioning,2746590.0,0.0,-163800.0,2582790.0,6000000.0,3000000.0,0.8609,amber
2025-03-03,CP08,Regional Marketer H,active,4472810.0,6561040.0,309620.0,0.0,3000000.0,3000000.0,0.0,green
2025-03-04,CP01,Permian Producer A,active,0.0,5645780.0,217890.0,0.0,8000000.0,8000000.0,0.0,green
2025-03-04,CP02,Haynesville Producer B,active,0.0,5395745.0,1259032.5,0.0,5000000.0,5000000.0,0.0,green
2025-03-04,CP03,Gulf Coast Utility C,active,1469060.0,0.0,-509220.0,959840.0,15000000.0,15000000.0,0.064,green
2025-03-04,CP04,Texas Power Generator D,active,6283420.0,0.0,-241515.0,6041905.0,10000000.0,10000000.0,0.6042,green
2025-03-04,CP05,Petrochemical Plant E,active,3721805.0,0.0,-328035.0,3393770.0,12000000.0,12000000.0,0.2828,green
2025-03-04,CP06,LNG Feedgas Buyer F,active,3459890.0,0.0,-245160.0,3214730.0,20000000.0,20000000.0,0.1607,green
2025-03-04,CP07,LNG Feedgas Buyer G,commissioning,2841640.0,0.0,-396900.0,2444740.0,6000000.0,3000000.0,0.8149,amber
2025-03-04,CP08,Regional Marketer H,active,4527680.0,6747345.0,617805.0,0.0,3000000.0,3000000.0,0.0,green
2025-03-05,CP01,Permian Producer A,active,0.0,5780585.0,213070.0,0.0,8000000.0,8000000.0,0.0,green
2025-03-05,CP02,Haynesville Producer B,active,0.0,5758722.5,1241485.0,0.0,5000000.0,5000000.0,0.0,green
2025-03-05,CP03,Gulf Coast Utility C,active,1582000.0,0.0,-495560.0,1086440.0,15000000.0,15000000.0,0.0724,green
2025-03-05,CP04,Texas Power Generator D,active,6417350.0,0.0,-235820.0,6181530.0,10000000.0,10000000.0,0.6182,green
2025-03-05,CP05,Petrochemical Plant E,active,3766700.0,0.0,-335630.0,3431070.0,12000000.0,12000000.0,0.2859,green
2025-03-05,CP06,LNG Feedgas Buyer F,active,3538610.0,0.0,-241280.0,3297330.0,20000000.0,20000000.0,0.1649,green
2025-03-05,CP07,LNG Feedgas Buyer G,commissioning,2936790.0,0.0,-386100.0,2550690.0,6000000.0,3000000.0,0.8502,amber
2025-03-05,CP08,Regional Marketer H,active,4582550.0,6933800.0,603040.0,0.0,3000000.0,3000000.0,0.0,green
2025-03-06,CP01,Permian Producer A,active,0.0,5915190.0,201750.0,0.0,8000000.0,8000000.0,0.0,green
2025-03-06,CP02,Haynesville Producer B,active,0.0,6121200.0,1164637.5,0.0,5000000.0,5000000.0,0.0,green
2025-03-06,CP03,Gulf Coast Utility C,active,1694840.0,0.0,-471500.0,1223340.0,15000000.0,15000000.0,0.0816,green
2025-03-06,CP04,Texas Power Generator D,active,6551080.0,0.0,-223625.0,6327455.0,10000000.0,10000000.0,0.6327,green
2025-03-06,CP05,Petrochemical Plant E,active,3811570.0,0.0,-300825.0,3510745.0,12000000.0,12000000.0,0.2926,green
2025-03-06,CP06,LNG Feedgas Buyer F,active,3617330.0,0.0,-227000.0,3390330.0,20000000.0,20000000.0,0.1695,green
2025-03-06,CP07,LNG Feedgas Buyer G,commissioning,3031840.0,0.0,-367500.0,2664340.0,6000000.0,3000000.0,0.8881,amber
2025-03-06,CP08,Regional Marketer H,active,4637420.0,7120105.0,575625.0,0.0,3000000.0,3000000.0,0.0,green
2025-03-07,CP01,Permian Producer A,active,0.0,6049795.0,193680.0,0.0,8000000.0,8000000.0,0.0,green
2025-03-07,CP02,Haynesville Producer B,active,0.0,6483677.5,1135590.0,0.0,5000000.0,5000000.0,0.0,green
2025-03-07,CP03,Gulf Coast Utility C,active,1807680.0,0.0,-452640.0,1355040.0,15000000.0,15000000.0,0.0903,green
2025-03-07,CP04,Texas Power Generator D,active,6684810.0,0.0,-214680.0,6470130.0,10000000.0,10000000.0,0.647,green
2025-03-07,CP05,Petrochemical Plant E,active,3856440.0,0.0,-305370.0,3551070.0,12000000.0,12000000.0,0.2959,green
2025-03-07,CP06,LNG Feedgas Buyer F,active,3696050.0,0.0,-211170.0,3484880.0,20000000.0,20000000.0,0.1742,green
2025-03-07,CP07,LNG Feedgas Buyer G,commissioning,3126890.0,0.0,-352800.0,2774090.0,6000000.0,3000000.0,0.9247,amber
2025-03-07,CP08,Regional Marketer H,active,4692290.0,7306410.0,553410.0,0.0,3000000.0,3000000.0,0.0,green
2025-03-10,CP01,Permian Producer A,active,0.0,6450410.0,136470.0,0.0,8000000.0,8000000.0,0.0,green
2025-03-10,CP02,Haynesville Producer B,active,0.0,7563110.0,875797.5,0.0,5000000.0,5000000.0,0.0,green
2025-03-10,CP03,Gulf Coast Utility C,active,2144600.0,0.0,-308610.0,1835990.0,15000000.0,15000000.0,0.1224,green
2025-03-10,CP04,Texas Power Generator D,active,7082800.0,0.0,-145845.0,6936955.0,10000000.0,10000000.0,0.6937,green
2025-03-10,CP05,Petrochemical Plant E,active,3990650.0,0.0,-255555.0,3735095.0,12000000.0,12000000.0,0.3113,green
2025-03-10,CP06,LNG Feedgas Buyer F,active,3932210.0,0.0,-116730.0,3815480.0,20000000.0,20000000.0,0.1908,green
2025-03-10,CP07,LNG Feedgas Buyer G,commissioning,3410440.0,0.0,-251550.0,3158890.0,6000000.0,3000000.0,1.053,red
2025-03-10,CP08,Regional Marketer H,active,4856900.0,7862925.0,419565.0,0.0,3000000.0,3000000.0,0.0,green
2025-03-11,CP01,Permian Producer A,active,0.0,6588615.0,222000.0,0.0,8000000.0,8000000.0,0.0,green
2025-03-11,CP02,Haynesville Producer B,active,0.0,7934587.5,1122300.0,0.0,5000000.0,5000000.0,0.0,green
2025-03-11,CP03,Gulf Coast Utility C,active,2259240.0,0.0,-426100.0,1833140.0,15000000.0,15000000.0,0.1222,green
2025-03-11,CP04,Texas Power Generator D,active,7220130.0,0.0,-223900.0,6996230.0,10000000.0,10000000.0,0.6996,green
2025-03-11,CP05,Petrochemical Plant E,active,4035970.0,0.0,-309450.0,3726520.0,12000000.0,12000000.0,0.3105,green
2025-03-11,CP06,LNG Feedgas Buyer F,active,4010930.0,0.0,-246850.0,3764080.0,20000000.0,20000000.0,0.1882,green
2025-03-11,CP07,LNG Feedgas Buyer G,commissioning,3507290.0,0.0,-332700.0,3174590.0,6000000.0,3000000.0,1.0582,red
2025-03-11,CP08,Regional Marketer H,active,4911770.0,8051930.0,545550.0,0.0,3000000.0,3000000.0,0.0,green
2025-03-12,CP01,Permian Producer A,active,0.0,6719020.0,8355.0,0.0,8000000.0,8000000.0,0.0,green
2025-03-12,CP02,Haynesville Producer B,active,0.0,8286565.0,700777.5,0.0,5000000.0,5000000.0,0.0,green
2025-03-12,CP03,Gulf Coast Utility C,active,2369980.0,0.0,-227765.0,2142215.0,15000000.0,15000000.0,0.1428,green
2025-03-12,CP04,Texas Power Generator D,active,7349660.0,0.0,-120080.0,7229580.0,10000000.0,10000000.0,0.723,green
2025-03-12,CP05,Petrochemical Plant E,active,4080315.0,0.0,-168195.0,3912120.0,12000000.0,12000000.0,0.326,green
2025-03-12,CP06,LNG Feedgas Buyer F,active,4089650.0,0.0,-85970.0,4003680.0,20000000.0,20000000.0,0.2002,green
2025-03-12,CP07,LNG Feedgas Buyer G,commissioning,3600240.0,0.0,-121125.0,3479115.0,6000000.0,3000000.0,1.1597,red
2025-03-12,CP08,Regional Marketer H,active,4966640.0,8235085.0,260835.0,0.0,3000000.0,3000000.0,0.0,green
2025-03-13,CP01,Permian Producer A,active,0.0,6843625.0,-47490.0,0.0,8000000.0,8000000.0,0.0,green
2025-03-13,CP02,Haynesville Producer B,active,0.0,8624042.5,448305.0,0.0,5000000.0,5000000.0,0.0,green
2025-03-13,CP03,Gulf Coast Utility C,active,2477820.0,0.0,-110730.0,2367090.0,15000000.0,15000000.0,0.1578,green
2025-03-13,CP04,Texas Power Generator D,active,7473390.0,0.0,-48510.0,7424880.0,10000000.0,10000000.0,0.7425,green
2025-03-13,CP05,Petrochemical Plant E,active,4123935.0,0.0,-112140.0,4011795.0,12000000.0,12000000.0,0.3343,green
2025-03-13,CP06,LNG Feedgas Buyer F,active,4168370.0,0.0,23310.0,4191680.0,20000000.0,20000000.0,0.2096,green
2025-03-13,CP07,LNG Feedgas Buyer G,commissioning,3690290.0,0.0,-10350.0,3679940.0,6000000.0,3000000.0,1.2266,red
2025-03-13,CP08,Regional Marketer H,active,5021510.0,8413890.0,146520.0,0.0,3000000.0,3000000.0,0.0,green
2025-03-14,CP01,Permian Producer A,active,0.0,6968230.0,-51410.0,0.0,8000000.0,8000000.0,0.0,green
2025-03-14,CP02,Haynesville Producer B,active,0.0,8961520.0,424907.5,0.0,5000000.0,5000000.0,0.0,green
2025-03-14,CP03,Gulf Coast Utility C,active,2585660.0,0.0,-101345.0,2484315.0,15000000.0,15000000.0,0.1656,green
2025-03-14,CP04,Texas Power Generator D,active,7597120.0,0.0,-45815.0,7551305.0,10000000.0,10000000.0,0.7551,amber
2025-03-14,CP05,Petrochemical Plant E,active,4167555.0,0.0,-106085.0,4061470.0,12000000.0,12000000.0,0.3385,green
2025-03-14,CP06,LNG Feedgas Buyer F,active,4247090.0,0.0,22390.0,4269480.0,20000000.0,20000000.0,0.2135,green
2025-03-14,CP07,LNG Feedgas Buyer G,commissioning,3780340.0,0.0,1575.0,3781915.0,6000000.0,3000000.0,1.2606,red
2025-03-14,CP08,Regional Marketer H,active,5076380.0,8592695.0,132205.0,0.0,3000000.0,3000000.0,0.0,green
2025-03-17,CP01,Permian Producer A,active,0.0,7347245.0,-25920.0,0.0,8000000.0,8000000.0,0.0,green
2025-03-17,CP02,Haynesville Producer B,active,0.0,9986952.5,499665.0,0.0,5000000.0,5000000.0,0.0,green
2025-03-17,CP03,Gulf Coast Utility C,active,2911780.0,0.0,-141115.0,2770665.0,15000000.0,15000000.0,0.1847,green
2025-03-17,CP04,Texas Power Generator D,active,7973510.0,0.0,-83230.0,7890280.0,10000000.0,10000000.0,0.789,amber
2025-03-17,CP05,Petrochemical Plant E,active,4299065.0,0.0,-105570.0,4193495.0,12000000.0,12000000.0,0.3495,green
2025-03-17,CP06,LNG Feedgas Buyer F,active,4483250.0,0.0,-53170.0,4430080.0,20000000.0,20000000.0,0.2215,green
2025-03-17,CP07,LNG Feedgas Buyer G,commissioning,4053090.0,0.0,26625.0,4079715.0,6000000.0,3000000.0,1.3599,red
2025-03-17,CP08,Regional Marketer H,active,5240990.0,9133010.0,142560.0,0.0,3000000.0,3000000.0,0.0,green
2025-03-18,CP01,Permian Producer A,active,0.0,7477450.0,-4790.0,0.0,8000000.0,8000000.0,0.0,green
2025-03-18,CP02,Haynesville Producer B,active,0.0,10338430.0,482417.5,0.0,5000000.0,5000000.0,0.0,green
2025-03-18,CP03,Gulf Coast Utility C,active,3022420.0,0.0,-134805.0,2887615.0,15000000.0,15000000.0,0.1925,green
2025-03-18,CP04,Texas Power Generator D,active,8102840.0,0.0,-80535.0,8022305.0,10000000.0,10000000.0,0.8022,amber
2025-03-18,CP05,Petrochemical Plant E,active,4343385.0,0.0,-87665.0,4255720.0,12000000.0,12000000.0,0.3546,green
2025-03-18,CP06,LNG Feedgas Buyer F,active,4561970.0,0.0,-54090.0,4507880.0,20000000.0,20000000.0,0.2254,green
2025-03-18,CP07,LNG Feedgas Buyer G,commissioning,4145940.0,0.0,10875.0,4156815.0,6000000.0,3000000.0,1.3856,red
2025-03-18,CP08,Regional Marketer H,active,5295860.0,9316015.0,140545.0,0.0,3000000.0,3000000.0,0.0,green
2025-03-19,CP01,Permian Producer A,active,0.0,7608455.0,127515.0,0.0,8000000.0,8000000.0,0.0,green
2025-03-19,CP02,Haynesville Producer B,active,0.0,10691907.5,497820.0,0.0,5000000.0,5000000.0,0.0,green
2025-03-19,CP03,Gulf Coast Utility C,active,3133460.0,0.0,-144570.0,2988890.0,15000000.0,15000000.0,0.1993,green
2025-03-19,CP04,Texas Power Generator D,active,8232970.0,0.0,-80340.0,8152630.0,10000000.0,10000000.0,0.8153,amber
2025-03-19,CP05,Petrochemical Plant E,active,4387805.0,0.0,-230910.0,4156895.0,12000000.0,12000000.0,0.3464,green
2025-03-19,CP06,LNG Feedgas Buyer F,active,4640690.0,0.0,-59010.0,4581680.0,20000000.0,20000000.0,0.2291,green
2025-03-19,CP07,LNG Feedgas Buyer G,commissioning,4239190.0,0.0,-116550.0,4122640.0,6000000.0,3000000.0,1.3742,red
2025-03-19,CP08,Regional Marketer H,active,5350730.0,9499620.0,190830.0,0.0,3000000.0,3000000.0,0.0,green
2025-03-20,CP01,Permian Producer A,active,0.0,7739860.0,-59155.0,0.0,8000000.0,8000000.0,0.0,green
2025-03-20,CP02,Haynesville Producer B,active,0.0,11046385.0,430422.5,0.0,5000000.0,5000000.0,0.0,green
2025-03-20,CP03,Gulf Coast Utility C,active,3244700.0,0.0,-113310.0,3131390.0,15000000.0,15000000.0,0.2088,green
2025-03-20,CP04,Texas Power Generator D,active,8363500.0,0.0,-76395.0,8287105.0,10000000.0,10000000.0,0.8287,amber
2025-03-20,CP05,Petrochemical Plant E,active,4432275.0,0.0,-16405.0,4415870.0,12000000.0,12000000.0,0.368,green
2025-03-20,CP06,LNG Feedgas Buyer F,active,4719410.0,0.0,-57930.0,4661480.0,20000000.0,20000000.0,0.2331,green
2025-03-20,CP07,LNG Feedgas Buyer G,commissioning,4332640.0,0.0,75750.0,4408390.0,6000000.0,3000000.0,1.4695,red
2025-03-20,CP08,Regional Marketer H,active,5405600.0,9683525.0,95015.0,0.0,3000000.0,3000000.0,0.0,green
2025-03-21,CP01,Permian Producer A,active,0.0,7865265.0,-99350.0,0.0,8000000.0,8000000.0,0.0,green
2025-03-21,CP02,Haynesville Producer B,active,0.0,11385862.5,266875.0,0.0,5000000.0,5000000.0,0.0,green
2025-03-21,CP03,Gulf Coast Utility C,active,3352940.0,0.0,-38025.0,3314915.0,15000000.0,15000000.0,0.221,green
2025-03-21,CP04,Texas Power Generator D,active,8488030.0,0.0,-31950.0,8456080.0,10000000.0,10000000.0,0.8456,amber
2025-03-21,CP05,Petrochemical Plant E,active,4475995.0,0.0,17500.0,4493495.0,12000000.0,12000000.0,0.3745,green
2025-03-21,CP06,LNG Feedgas Buyer F,active,4798130.0,0.0,7950.0,4806080.0,20000000.0,20000000.0,0.2403,green
2025-03-21,CP07,LNG Feedgas Buyer G,commissioning,4423090.0,0.0,129675.0,4552765.0,6000000.0,3000000.0,1.5176,red
2025-03-21,CP08,Regional Marketer H,active,5460470.0,9862930.0,55750.0,0.0,3000000.0,3000000.0,0.0,green
2025-03-24,CP01,Permian Producer A,active,0.0,8243480.0,-142110.0,0.0,8000000.0,8000000.0,0.0,green
2025-03-24,CP02,Haynesville Producer B,active,0.0,12409295.0,214582.5,0.0,5000000.0,5000000.0,0.0,green
2025-03-24,CP03,Gulf Coast Utility C,active,3678660.0,0.0,-18095.0,3660565.0,15000000.0,15000000.0,0.244,green
2025-03-24,CP04,Texas Power Generator D,active,8863620.0,0.0,-31115.0,8832505.0,10000000.0,10000000.0,0.8833,amber
2025-03-24,CP05,Petrochemical Plant E,active,4607405.0,0.0,86115.0,4693520.0,12000000.0,12000000.0,0.3911,green
2025-03-24,CP06,LNG Feedgas Buyer F,active,5034290.0,0.0,-6410.0,5027880.0,20000000.0,20000000.0,0.2514,green
2025-03-24,CP07,LNG Feedgas Buyer G,commissioning,4695440.0,0.0,187125.0,4882565.0,6000000.0,3000000.0,1.6275,red
2025-03-24,CP08,Regional Marketer H,active,5625080.0,10402645.0,-43545.0,0.0,3000000.0,3000000.0,0.0,green
2025-03-25,CP01,Permian Producer A,active,0.0,3230725.0,-188880.0,0.0,8000000.0,8000000.0,0.0,green
2025-03-25,CP02,Haynesville Producer B,active,0.0,8725937.5,152235.0,0.0,5000000.0,5000000.0,0.0,green
2025-03-25,CP03,Gulf Coast Utility C,active,2753800.0,0.0,9915.0,2763715.0,15000000.0,15000000.0,0.1842,green
2025-03-25,CP04,Texas Power Generator D,active,3208850.0,0.0,-19920.0,3188930.0,10000000.0,10000000.0,0.3189,green
2025-03-25,CP05,Petrochemical Plant E,active,1104950.0,0.0,178020.0,1282970.0,12000000.0,12000000.0,0.1069,green
2025-03-25,CP06,LNG Feedgas Buyer F,active,1968000.0,0.0,6270.0,1974270.0,20000000.0,20000000.0,0.0987,green
2025-03-25,CP07,LNG Feedgas Buyer G,commissioning,2309050.0,0.0,254475.0,2563525.0,6000000.0,3000000.0,0.8545,amber
2025-03-25,CP08,Regional Marketer H,active,1371750.0,4556825.0,-148110.0,0.0,3000000.0,3000000.0,0.0,green
2025-03-26,CP01,Permian Producer A,active,0.0,3354530.0,-182775.0,0.0,8000000.0,8000000.0,0.0,green
2025-03-26,CP02,Haynesville Producer B,active,0.0,9061415.0,111787.5,0.0,5000000.0,5000000.0,0.0,green
2025-03-26,CP03,Gulf Coast Utility C,active,2861240.0,0.0,45200.0,2906440.0,15000000.0,15000000.0,0.1938,green
2025-03-26,CP04,Texas Power Generator D,active,3331780.0,0.0,-10975.0,3320805.0,10000000.0,10000000.0,0.3321,green
2025-03-26,CP05,Petrochemical Plant E,active,1148470.0,0.0,169125.0,1317595.0,12000000.0,12000000.0,0.1098,green
2025-03-26,CP06,LNG Feedgas Buyer F,active,2046720.0,0.0,28850.0,2075570.0,20000000.0,20000000.0,0.1038,green
2025-03-26,CP07,LNG Feedgas Buyer G,commissioning,2398700.0,0.0,255000.0,2653700.0,6000000.0,3000000.0,0.8846,amber
2025-03-26,CP08,Regional Marketer H,active,1426620.0,4735030.0,-121050.0,0.0,3000000.0,3000000.0,0.0,green
2025-03-27,CP01,Permian Producer A,active,0.0,3478935.0,-122520.0,0.0,8000000.0,8000000.0,0.0,green
2025-03-27,CP02,Haynesville Producer B,active,0.0,9398392.5,123090.0,0.0,5000000.0,5000000.0,0.0,green
2025-03-27,CP03,Gulf Coast Utility C,active,2968980.0,0.0,-9215.0,2959765.0,15000000.0,15000000.0,0.1973,green
2025-03-27,CP04,Texas Power Generator D,active,3455310.0,0.0,-5780.0,3449530.0,10000000.0,10000000.0,0.345,green
2025-03-27,CP05,Petrochemical Plant E,active,1192065.0,0.0,99180.0,1291245.0,12000000.0,12000000.0,0.1076,green
2025-03-27,CP06,LNG Feedgas Buyer F,active,2125440.0,0.0,-15320.0,2110120.0,20000000.0,20000000.0,0.1055,green
2025-03-27,CP07,LNG Feedgas Buyer G,commissioning,2488650.0,0.0,199725.0,2688375.0,6000000.0,3000000.0,0.8961,amber
2025-03-27,CP08,Regional Marketer H,active,1481490.0,4913685.0,-16590.0,0.0,3000000.0,3000000.0,0.0,green
2025-03-28,CP01,Permian Producer A,active,0.0,3603540.0,-123840.0,0.0,8000000.0,8000000.0,0.0,green
2025-03-28,CP02,Haynesville Producer B,active,0.0,9735870.0,102442.5,0.0,5000000.0,5000000.0,0.0,green
2025-03-28,CP03,Gulf Coast Utility C,active,3076820.0,0.0,-1155.0,3075665.0,15000000.0,15000000.0,0.205,green
2025-03-28,CP04,Texas Power Generator D,active,3579040.0,0.0,-3585.0,3575455.0,10000000.0,10000000.0,0.3575,green
2025-03-28,CP05,Petrochemical Plant E,active,1235685.0,0.0,103785.0,1339470.0,12000000.0,12000000.0,0.1116,green
2025-03-28,CP06,LNG Feedgas Buyer F,active,2204160.0,0.0,-3090.0,2201070.0,20000000.0,20000000.0,0.1101,green
2025-03-28,CP07,LNG Feedgas Buyer G,commissioning,2578700.0,0.0,206325.0,2785025.0,6000000.0,3000000.0,0.9283,amber
2025-03-28,CP08,Regional Marketer H,active,1536360.0,5092490.0,-28005.0,0.0,3000000.0,3000000.0,0.0,green
2025-03-31,CP01,Permian Producer A,active,0.0,3981755.0,-129300.0,0.0,8000000.0,8000000.0,0.0,green
2025-03-31,CP02,Haynesville Producer B,active,0.0,10759302.5,54000.0,0.0,5000000.0,5000000.0,0.0,green
2025-03-31,CP03,Gulf Coast Utility C,active,3402540.0,0.0,25425.0,3427965.0,15000000.0,15000000.0,0.2285,green
2025-03-31,CP04,Texas Power Generator D,active,3954630.0,0.0,4500.0,3959130.0,10000000.0,10000000.0,0.3959,green
2025-03-31,CP05,Petrochemical Plant E,active,1367095.0,0.0,118800.0,1485895.0,12000000.0,12000000.0,0.1238,green
2025-03-31,CP06,LNG Feedgas Buyer F,active,2440320.0,0.0,-5850.0,2434470.0,20000000.0,20000000.0,0.1217,green
2025-03-31,CP07,LNG Feedgas Buyer G,commissioning,2851050.0,0.0,227925.0,3078975.0,6000000.0,3000000.0,1.0263,red
2025-03-31,CP08,Regional Marketer H,active,1700970.0,5632205.0,-46050.0,0.0,3000000.0,3000000.0,0.0,green
2025-04-01,CP01,Permian Producer A,active,0.0,4243240.0,-111490.0,0.0,8000000.0,8000000.0,0.0,green
2025-04-01,CP02,Haynesville Producer B,active,0.0,10837122.5,58620.0,0.0,5000000.0,5000000.0,0.0,green
2025-04-01,CP03,Gulf Coast Utility C,active,3571462.5,0.0,18052.5,3589515.0,15000000.0,15000000.0,0.2393,green
2025-04-01,CP04,Texas Power Generator D,active,3974580.0,0.0,4350.0,3978930.0,10000000.0,10000000.0,0.3979,green
2025-04-01,CP05,Petrochemical Plant E,active,1618180.0,0.0,103965.0,1722145.0,12000000.0,12000000.0,0.1435,green
2025-04-01,CP06,LNG Feedgas Buyer F,active,2528610.0,0.0,-9540.0,2519070.0,20000000.0,20000000.0,0.126,green
2025-04-01,CP07,LNG Feedgas Buyer G,commissioning,3006922.5,0.0,213802.5,3220725.0,6000000.0,3000000.0,1.0736,red
2025-04-01,CP08,Regional Marketer H,active,1790745.0,5961310.0,-131080.0,0.0,3000000.0,3000000.0,0.0,green
2025-04-02,CP01,Permian Producer A,active,0.0,4508125.0,-57005.0,0.0,8000000.0,8000000.0,0.0,green
2025-04-02,CP02,Haynesville Producer B,active,0.0,10914942.5,102040.0,0.0,5000000.0,5000000.0,0.0,green
2025-04-02,CP03,Gulf Coast Utility C,active,3741985.0,0.0,-32970.0,3709015.0,15000000.0,15000000.0,0.2473,green
2025-04-02,CP04,Texas Power Generator D,active,3994930.0,0.0,4200.0,3999130.0,10000000.0,10000000.0,0.3999,green
2025-04-02,CP05,Petrochemical Plant E,active,1871265.0,0.0,16380.0,1887645.0,12000000.0,12000000.0,0.1573,green
2025-04-02,CP06,LNG Feedgas Buyer F,active,2617500.0,0.0,-42330.0,2575170.0,20000000.0,20000000.0,0.1288,green
2025-04-02,CP07,LNG Feedgas Buyer G,commissioning,3163995.0,0.0,156030.0,3320025.0,6000000.0,3000000.0,1.1067,red
2025-04-02,CP08,Regional Marketer H,active,1882320.0,6293615.0,14210.0,0.0,3000000.0,3000000.0,0.0,green
2025-04-03,CP01,Permian Producer A,active,0.0,4780235.0,48555.0,0.0,8000000.0,8000000.0,0.0,green
2025-04-03,CP02,Haynesville Producer B,active,0.0,10992762.5,200160.0,0.0,5000000.0,5000000.0,0.0,green
2025-04-03,CP03,Gulf Coast Utility C,active,3915907.5,0.0,-135067.5,3780840.0,15000000.0,15000000.0,0.2521,green
2025-04-03,CP04,Texas Power Generator D,active,4016130.0,0.0,4050.0,4020180.0,10000000.0,10000000.0,0.402,green
2025-04-03,CP05,Petrochemical Plant E,active,2128600.0,0.0,-156330.0,1972270.0,12000000.0,12000000.0,0.1644,green
2025-04-03,CP06,LNG Feedgas Buyer F,active,2707665.0,0.0,-109170.0,2598495.0,20000000.0,20000000.0,0.1299,green
2025-04-03,CP07,LNG Feedgas Buyer G,commissioning,3323617.5,0.0,47182.5,3370800.0,6000000.0,3000000.0,1.1236,red
2025-04-03,CP08,Regional Marketer H,active,1977720.0,6632720.0,246210.0,0.0,3000000.0,3000000.0,0.0,green
2025-04-04,CP01,Permian Producer A,active,0.0,5045120.0,-52435.0,0.0,8000000.0,8000000.0,0.0,green
2025-04-04,CP02,Haynesville Producer B,active,0.0,11070582.5,58725.0,0.0,5000000.0,5000000.0,0.0,green
2025-04-04,CP03,Gulf Coast Utility C,active,4086430.0,0.0,-30615.0,4055815.0,15000000.0,15000000.0,0.2704,green
2025-04-04,CP04,Texas Power Generator D,active,4036480.0,0.0,6225.0,4042705.0,10000000.0,10000000.0,0.4043,green
2025-04-04,CP05,Petrochemical Plant E,active,2381685.0,0.0,15210.0,2396895.0,12000000.0,12000000.0,0.1997,green
2025-04-04,CP06,LNG Feedgas Buyer F,active,2796555.0,0.0,-38310.0,2758245.0,20000000.0,20000000.0,0.1379,green
2025-04-04,CP07,LNG Feedgas Buyer G,commissioning,3480690.0,0.0,144885.0,3625575.0,6000000.0,3000000.0,1.2085,red
2025-04-04,CP08,Regional Marketer H,active,2069295.0,6965025.0,-85850.0,0.0,3000000.0,3000000.0,0.0,green
2025-04-07,CP01,Permian Producer A,active,0.0,5836800.0,-81805.0,0.0,8000000.0,8000000.0,0.0,green
2025-04-07,CP02,Haynesville Producer B,active,0.0,11304042.5,-10625.0,0.0,5000000.0,5000000.0,0.0,green
2025-04-07,CP03,Gulf Coast Utility C,active,4596597.5,0.0,9142.5,4605740.0,15000000.0,15000000.0,0.307,green
2025-04-07,CP04,Texas Power Generator D,active,4097180.0,0.0,19880.0,4117060.0,10000000.0,10000000.0,0.4117,green
2025-04-07,CP05,Petrochemical Plant E,active,3139190.0,0.0,73830.0,3213020.0,12000000.0,12000000.0,0.2678,green
2025-04-07,CP06,LNG Feedgas Buyer F,active,3062700.0,0.0,5820.0,3068520.0,20000000.0,20000000.0,0.1534,green
2025-04-07,CP07,LNG Feedgas Buyer G,commissioning,3950857.5,0.0,164392.5,4115250.0,6000000.0,3000000.0,1.3718,red
2025-04-07,CP08,Regional Marketer H,active,2342445.0,7959140.0,-243915.0,0.0,3000000.0,3000000.0,0.0,green
2025-04-08,CP01,Permian Producer A,active,0.0,6093610.0,-137345.0,0.0,8000000.0,8000000.0,0.0,green
2025-04-08,CP02,Haynesville Producer B,active,0.0,11381862.5,-94455.0,0.0,5000000.0,5000000.0,0.0,green
2025-04-08,CP03,Gulf Coast Utility C,active,4763320.0,0.0,86745.0,4850065.0,15000000.0,15000000.0,0.3233,green
2025-04-08,CP04,Texas Power Generator D,active,4116580.0,0.0,34455.0,4151035.0,10000000.0,10000000.0,0.4151,green
2025-04-08,CP05,Petrochemical Plant E,active,3387525.0,0.0,169620.0,3557145.0,12000000.0,12000000.0,0.2964,green
2025-04-08,CP06,LNG Feedgas Buyer F,active,3150165.0,0.0,46380.0,3196545.0,20000000.0,20000000.0,0.1598,green
2025-04-08,CP07,LNG Feedgas Buyer G,commissioning,4105080.0,0.0,216645.0,4321725.0,6000000.0,3000000.0,1.4406,red
2025-04-08,CP08,Regional Marketer H,active,2429745.0,8283845.0,-443160.0,0.0,3000000.0,3000000.0,0.0,green
2025-04-09,CP01,Permian Producer A,active,0.0,6332145.0,-333960.0,0.0,8000000.0,8000000.0,0.0,green
2025-04-09,CP02,Haynesville Producer B,active,0.0,11459682.5,-219830.0,0.0,5000000.0,5000000.0,0.0,green
2025-04-09,CP03,Gulf Coast Utility C,active,4921442.5,0.0,69202.5,4990645.0,15000000.0,15000000.0,0.3327,green
2025-04-09,CP04,Texas Power Generator D,active,4133830.0,0.0,7102.5,4140932.5,10000000.0,10000000.0,0.4141,green
2025-04-09,CP05,Petrochemical Plant E,active,3625110.0,0.0,500535.0,4125645.0,12000000.0,12000000.0,0.3438,green
2025-04-09,CP06,LNG Feedgas Buyer F,active,3234405.0,0.0,180990.0,3415395.0,20000000.0,20000000.0,0.1708,green
2025-04-09,CP07,LNG Feedgas Buyer G,commissioning,4252852.5,0.0,409972.5,4662825.0,6000000.0,3000000.0,1.5543,red
2025-04-09,CP08,Regional Marketer H,active,2507370.0,8591350.0,-657315.0,0.0,3000000.0,3000000.0,0.0,green
2025-04-10,CP01,Permian Producer A,active,0.0,6582580.0,-191725.0,0.0,8000000.0,8000000.0,0.0,green
2025-04-10,CP02,Haynesville Producer B,active,0.0,11537502.5,-129255.0,0.0,5000000.0,5000000.0,0.0,green
2025-04-10,CP03,Gulf Coast Utility C,active,5085165.0,0.0,91010.0,5176175.0,15000000.0,15000000.0,0.3451,green
2025-04-10,CP04,Texas Power Generator D,active,4152480.0,0.0,27025.0,4179505.0,10000000.0,10000000.0,0.418,green
2025-04-10,CP05,Petrochemical Plant E,active,3869695.0,0.0,266700.0,4136395.0,12000000.0,12000000.0,0.3447,green
2025-04-10,CP06,LNG Feedgas Buyer F,active,3320745.0,0.0,89700.0,3410445.0,20000000.0,20000000.0,0.1705,green
2025-04-10,CP07,LNG Feedgas Buyer G,commissioning,4404825.0,0.0,264450.0,4669275.0,6000000.0,3000000.0,1.5564,red
2025-04-10,CP08,Regional Marketer H,active,2591295.0,8910055.0,-515070.0,0.0,3000000.0,3000000.0,0.0,green
2025-04-11,CP01,Permian Producer A,active,0.0,6821965.0,-278990.0,0.0,8000000.0,8000000.0,0.0,green
2025-04-11,CP02,Haynesville Producer B,active,0.0,11615322.5,-228885.0,0.0,5000000.0,5000000.0,0.0,green
2025-04-11,CP03,Gulf Coast Utility C,active,5243687.5,0.0,214287.5,5457975.0,15000000.0,15000000.0,0.3639,green
2025-04-11,CP04,Texas Power Generator D,active,4169830.0,0.0,29200.0,4199030.0,10000000.0,10000000.0,0.4199,green
2025-04-11,CP05,Petrochemical Plant E,active,4107780.0,0.0,438615.0,4546395.0,12000000.0,12000000.0,0.3789,green
2025-04-11,CP06,LNG Feedgas Buyer F,active,3405135.0,0.0,160710.0,3565845.0,20000000.0,20000000.0,0.1783,green
2025-04-11,CP07,LNG Feedgas Buyer G,commissioning,4552897.5,0.0,362377.5,4915275.0,6000000.0,3000000.0,1.6384,red
2025-04-11,CP08,Regional Marketer H,active,2669370.0,9218360.0,-726190.0,0.0,3000000.0,3000000.0,0.0,green
2025-04-14,CP01,Permian Producer A,active,0.0,7545645.0,-184835.0,0.0,8000000.0,8000000.0,0.0,green
2025-04-14,CP02,Haynesville Producer B,active,0.0,11848782.5,-191535.0,0.0,5000000.0,5000000.0,0.0,green
2025-04-14,CP03,Gulf Coast Utility C,active,5721855.0,0.0,255760.0,5977615.0,15000000.0,15000000.0,0.3985,green
2025-04-14,CP04,Texas Power Generator D,active,4222530.0,0.0,44405.0,4266935.0,10000000.0,10000000.0,0.4267,green
2025-04-14,CP05,Petrochemical Plant E,active,4825285.0,0.0,291360.0,5116645.0,12000000.0,12000000.0,0.4264,green
2025-04-14,CP06,LNG Feedgas Buyer F,active,3659280.0,0.0,108540.0,3767820.0,20000000.0,20000000.0,0.1884,green
2025-04-14,CP07,LNG Feedgas Buyer G,commissioning,4999065.0,0.0,258360.0,5257425.0,6000000.0,3000000.0,1.7525,red
2025-04-14,CP08,Regional Marketer H,active,2906520.0,10148475.0,-646280.0,0.0,3000000.0,3000000.0,0.0,green
2025-04-15,CP01,Permian Producer A,active,0.0,7777805.0,-273225.0,0.0,8000000.0,8000000.0,0.0,green
2025-04-15,CP02,Haynesville Producer B,active,0.0,11926602.5,-265195.0,0.0,5000000.0,5000000.0,0.0,green
2025-04-15,CP03,Gulf Coast Utility C,active,5876977.5,0.0,345132.5,6222110.0,15000000.0,15000000.0,0.4148,green
2025-04-15,CP04,Texas Power Generator D,active,4239030.0,0.0,43945.0,4282975.0,10000000.0,10000000.0,0.4283,green
2025-04-15,CP05,Petrochemical Plant E,active,5059120.0,0.0,441900.0,5501020.0,12000000.0,12000000.0,0.4584,green
2025-04-15,CP06,LNG Feedgas Buyer F,active,3742395.0,0.0,184950.0,3927345.0,20000000.0,20000000.0,0.1964,green
2025-04-15,CP07,LNG Feedgas Buyer G,commissioning,5144587.5,0.0,348112.5,5492700.0,6000000.0,3000000.0,1.8309,red
2025-04-15,CP08,Regional Marketer H,active,2980770.0,10449980.0,-810855.0,0.0,3000000.0,3000000.0,0.0,green
2025-04-16,CP01,Permian Producer A,active,0.0,8009115.0,-259915.0,0.0,8000000.0,8000000.0,0.0,green
2025-04-16,CP02,Haynesville Producer B,active,0.0,12004422.5,-296505.0,0.0,5000000.0,5000000.0,0.0,green
2025-04-16,CP03,Gulf Coast Utility C,active,6031700.0,0.0,386125.0,6417825.0,15000000.0,15000000.0,0.4279,green
2025-04-16,CP04,Texas Power Generator D,active,4255430.0,0.0,50150.0,4305580.0,10000000.0,10000000.0,0.4306,green
2025-04-16,CP05,Petrochemical Plant E,active,5292455.0,0.0,422940.0,5715395.0,12000000.0,12000000.0,0.4763,green
2025-04-16,CP06,LNG Feedgas Buyer F,active,3825360.0,0.0,179610.0,4004970.0,20000000.0,20000000.0,0.2002,green
2025-04-16,CP07,LNG Feedgas Buyer G,commissioning,5289810.0,0.0,344225.0,5634035.0,6000000.0,3000000.0,1.878,red
2025-04-16,CP08,Regional Marketer H,active,3054570.0,10750685.0,-867960.0,0.0,3000000.0,3000000.0,0.0,green
2025-04-17,CP01,Permian Producer A,active,0.0,8227250.0,-330530.0,0.0,8000000.0,8000000.0,0.0,green
2025-04-17,CP02,Haynesville Producer B,active,0.0,12082242.5,-365215.0,0.0,5000000.0,5000000.0,0.0,green
2025-04-17,CP03,Gulf Coast Utility C,active,6180222.5,0.0,461442.5,6641665.0,15000000.0,15000000.0,0.4428,green
2025-04-17,CP04,Texas Power Generator D,active,4270280.0,0.0,50155.0,4320435.0,10000000.0,10000000.0,0.432,green
2025-04-17,CP05,Petrochemical Plant E,active,5518040.0,0.0,543855.0,6061895.0,12000000.0,12000000.0,0.5052,green
2025-04-17,CP06,LNG Feedgas Buyer F,active,3906000.0,0.0,230220.0,4136220.0,20000000.0,20000000.0,0.2068,green
2025-04-17,CP07,LNG Feedgas Buyer G,commissioning,5430382.5,0.0,411862.5,5842245.0,6000000.0,3000000.0,1.9474,red
2025-04-17,CP08,Regional Marketer H,active,3121395.0,11038990.0,-1009190.0,0.0,3000000.0,3000000.0,0.0,green
2025-04-21,CP01,Permian Producer A,active,0.0,9109140.0,-177840.0,0.0,8000000.0,8000000.0,0.0,green
2025-04-21,CP02,Haynesville Producer B,active,0.0,12393522.5,-356020.0,0.0,5000000.0,5000000.0,0.0,green
2025-04-21,CP03,Gulf Coast Utility C,active,6778712.5,0.0,464582.5,7243295.0,15000000.0,15000000.0,0.4829,green
2025-04-21,CP04,Texas Power Generator D,active,4330780.0,0.0,67302.5,4398082.5,10000000.0,10000000.0,0.4398,green
2025-04-21,CP05,Petrochemical Plant E,active,6425880.0,0.0,302265.0,6728145.0,12000000.0,12000000.0,0.5607,green
2025-04-21,CP06,LNG Feedgas Buyer F,active,4230210.0,0.0,142560.0,4372770.0,20000000.0,20000000.0,0.2186,green
2025-04-21,CP07,LNG Feedgas Buyer G,commissioning,5995972.5,0.0,281517.5,6277490.0,6000000.0,3000000.0,2.0925,red
2025-04-21,CP08,Regional Marketer H,active,3393645.0,12201010.0,-957690.0,0.0,3000000.0,3000000.0,0.0,green
2025-04-22,CP01,Permian Producer A,active,0.0,9334925.0,-162955.0,0.0,8000000.0,8000000.0,0.0,green
2025-04-22,CP02,Haynesville Producer B,active,0.0,12471342.5,-351985.0,0.0,5000000.0,5000000.0,0.0,green
2025-04-22,CP03,Gulf Coast Utility C,active,6930835.0,0.0,458740.0,7389575.0,15000000.0,15000000.0,0.4926,green
2025-04-22,CP04,Texas Power Generator D,active,4346530.0,0.0,67850.0,4414380.0,10000000.0,10000000.0,0.4414,green
2025-04-22,CP05,Petrochemical Plant E,active,6655965.0,0.0,280680.0,6936645.0,12000000.0,12000000.0,0.5781,green
2025-04-22,CP06,LNG Feedgas Buyer F,active,4312200.0,0.0,136170.0,4448370.0,20000000.0,20000000.0,0.2224,green
2025-04-22,CP07,LNG Feedgas Buyer G,commissioning,6139245.0,0.0,264740.0,6403985.0,6000000.0,3000000.0,2.1347,red
2025-04-22,CP08,Regional Marketer H,active,3464520.0,12496515.0,-943930.0,0.0,3000000.0,3000000.0,0.0,green
2025-04-23,CP01,Permian Producer A,active,0.0,9560710.0,-139970.0,0.0,8000000.0,8000000.0,0.0,green
2025-04-23,CP02,Haynesville Producer B,active,0.0,12549162.5,-322615.0,0.0,5000000.0,5000000.0,0.0,green
2025-04-23,CP03,Gulf Coast Utility C,active,7082957.5,0.0,429917.5,7512875.0,15000000.0,15000000.0,0.5009,green
2025-04-23,CP04,Texas Power Generator D,active,4362280.0,0.0,66537.5,4428817.5,10000000.0,10000000.0,0.4429,green
2025-04-23,CP05,Petrochemical Plant E,active,6886050.0,0.0,245595.0,7131645.0,12000000.0,12000000.0,0.5943,green
2025-04-23,CP06,LNG Feedgas Buyer F,active,4394190.0,0.0,124380.0,4518570.0,20000000.0,20000000.0,0.2259,green
2025-04-23,CP07,LNG Feedgas Buyer G,commissioning,6282517.5,0.0,254742.5,6537260.0,6000000.0,3000000.0,2.1791,red
2025-04-23,CP08,Regional Marketer H,active,3535395.0,12792020.0,-887900.0,0.0,3000000.0,3000000.0,0.0,green
2025-04-24,CP01,Permian Producer A,active,0.0,9775870.0,-146085.0,0.0,8000000.0,8000000.0,0.0,green
2025-04-24,CP02,Haynesville Producer B,active,0.0,12626982.5,-387260.0,0.0,5000000.0,5000000.0,0.0,green
2025-04-24,CP03,Gulf Coast Utility C,active,7230080.0,0.0,501185.0,7731265.0,15000000.0,15000000.0,0.5154,green
2025-04-24,CP04,Texas Power Generator D,active,4376780.0,0.0,82817.5,4459597.5,10000000.0,10000000.0,0.446,green
2025-04-24,CP05,Petrochemical Plant E,active,7109885.0,0.0,266760.0,7376645.0,12000000.0,12000000.0,0.6147,green
2025-04-24,CP06,LNG Feedgas Buyer F,active,4474305.0,0.0,137415.0,4611720.0,20000000.0,20000000.0,0.2306,green
2025-04-24,CP07,LNG Feedgas Buyer G,commissioning,6422040.0,0.0,333520.0,6755560.0,6000000.0,3000000.0,2.2519,red
2025-04-24,CP08,Regional Marketer H,active,3600645.0,13077525.0,-999780.0,0.0,3000000.0,3000000.0,0.0,green
2025-04-25,CP01,Permian Producer A,active,0.0,6002475.0,-102925.0,0.0,8000000.0,8000000.0,0.0,green
2025-04-25,CP02,Haynesville Producer B,active,0.0,1945500.0,-378500.0,0.0,5000000.0,5000000.0,0.0,green
2025-04-25,CP03,Gulf Coast Utility C,active,3971462.5,0.0,515272.5,4486735.0,15000000.0,15000000.0,0.2991,green
2025-04-25,CP04,Texas Power Generator D,active,435850.0,0.0,82125.0,517975.0,10000000.0,10000000.0,0.0518,green
2025-04-25,CP05,Petrochemical Plant E,active,5962625.0,0.0,252300.0,6214925.0,12000000.0,12000000.0,0.5179,green
2025-04-25,CP06,LNG Feedgas Buyer F,active,2112900.0,0.0,133875.0,2246775.0,20000000.0,20000000.0,0.1123,green
2025-04-25,CP07,LNG Feedgas Buyer G,commissioning,3708112.5,0.0,314197.5,4022310.0,6000000.0,3000000.0,1.3408,red
2025-04-25,CP08,Regional Marketer H,active,1961325.0,7724425.0,-979215.0,0.0,3000000.0,3000000.0,0.0,green
2025-04-28,CP01,Permian Producer A,active,0.0,6638180.0,23555.0,0.0,8000000.0,8000000.0,0.0,green
2025-04-28,CP02,Haynesville Producer B,active,0.0,2178960.0,-134580.0,0.0,5000000.0,5000000.0,0.0,green
2025-04-28,CP03,Gulf Coast Utility C,active,4408230.0,0.0,74687.5,4482917.5,15000000.0,15000000.0,0.2989,green
2025-04-28,CP04,Texas Power Generator D,active,478200.0,0.0,65942.5,544142.5,10000000.0,10000000.0,0.0544,green
2025-04-28,CP05,Petrochemical Plant E,active,6628380.0,0.0,82170.0,6710550.0,12000000.0,12000000.0,0.5592,green
2025-04-28,CP06,LNG Feedgas Buyer F,active,2351520.0,0.0,74880.0,2426400.0,20000000.0,20000000.0,0.1213,green
2025-04-28,CP07,LNG Feedgas Buyer G,commissioning,4123230.0,0.0,15880.0,4139110.0,6000000.0,3000000.0,1.3797,red
2025-04-28,CP08,Regional Marketer H,active,2151900.0,8571740.0,-576710.0,0.0,3000000.0,3000000.0,0.0,green
2025-04-29,CP01,Permian Producer A,active,0.0,6866090.0,54865.0,0.0,8000000.0,8000000.0,0.0,green
2025-04-29,CP02,Haynesville Producer B,active,0.0,2256780.0,-111760.0,0.0,5000000.0,5000000.0,0.0,green
2025-04-29,CP03,Gulf Coast Utility C,active,4561352.5,0.0,46840.0,4608192.5,15000000.0,15000000.0,0.3072,green
2025-04-29,CP04,Texas Power Generator D,active,494200.0,0.0,65792.5,559992.5,10000000.0,10000000.0,0.056,green
2025-04-29,CP05,Petrochemical Plant E,active,6859715.0,0.0,46710.0,6906425.0,12000000.0,12000000.0,0.5755,green
2025-04-29,CP06,LNG Feedgas Buyer F,active,2433885.0,0.0,57540.0,2491425.0,20000000.0,20000000.0,0.1246,green
2025-04-29,CP07,LNG Feedgas Buyer G,commissioning,4267252.5,0.0,-717.5,4266535.0,6000000.0,3000000.0,1.4222,red
2025-04-29,CP08,Regional Marketer H,active,2223900.0,8869245.0,-523555.0,0.0,3000000.0,3000000.0,0.0,green
2025-04-30,CP01,Permian Producer A,active,0.0,7091875.0,76725.0,0.0,8000000.0,8000000.0,0.0,green
2025-04-30,CP02,Haynesville Producer B,active,0.0,2334600.0,-97340.0,0.0,5000000.0,5000000.0,0.0,green
2025-04-30,CP03,Gulf Coast Utility C,active,4713475.0,0.0,28442.5,4741917.5,15000000.0,15000000.0,0.3161,green
2025-04-30,CP04,Texas Power Generator D,active,509950.0,0.0,65642.5,575592.5,10000000.0,10000000.0,0.0576,green
2025-04-30,CP05,Petrochemical Plant E,active,7089800.0,0.0,40500.0,7130300.0,12000000.0,12000000.0,0.5942,green
2025-04-30,CP06,LNG Feedgas Buyer F,active,2515875.0,0.0,48750.0,2564625.0,20000000.0,20000000.0,0.1282,green
2025-04-30,CP07,LNG Feedgas Buyer G,commissioning,4410525.0,0.0,-25865.0,4384660.0,6000000.0,3000000.0,1.4616,red
2025-04-30,CP08,Regional Marketer H,active,2294775.0,9164750.0,-488250.0,0.0,3000000.0,3000000.0,0.0,green
2025-05-01,CP01,Permian Producer A,active,0.0,7343500.0,81000.0,0.0,8000000.0,8000000.0,0.0,green
2025-05-01,CP02,Haynesville Producer B,active,0.0,2603140.0,-197700.0,0.0,5000000.0,5000000.0,0.0,green
2025-05-01,CP03,Gulf Coast Utility C,active,4864967.5,0.0,155775.0,5020742.5,15000000.0,15000000.0,0.3347,green
2025-05-01,CP04,Texas Power Generator D,active,558717.5,0.0,77025.0,635742.5,10000000.0,10000000.0,0.0636,green
2025-05-01,CP05,Petrochemical Plant E,active,7089800.0,0.0,-14850.0,7074950.0,12000000.0,12000000.0,0.5896,green
2025-05-01,CP06,LNG Feedgas Buyer F,active,2671600.0,0.0,42525.0,2714125.0,20000000.0,20000000.0,0.1357,green
2025-05-01,CP07,LNG Feedgas Buyer G,commissioning,4488360.0,0.0,43050.0,4531410.0,6000000.0,3000000.0,1.5105,red
2025-05-01,CP08,Regional Marketer H,active,2314680.0,9341705.0,-549000.0,0.0,3000000.0,3000000.0,0.0,green
2025-05-02,CP01,Permian Producer A,active,0.0,7596775.0,96525.0,0.0,8000000.0,8000000.0,0.0,green
2025-05-02,CP02,Haynesville Producer B,active,0.0,2872580.0,-145110.0,0.0,5000000.0,5000000.0,0.0,green
2025-05-02,CP03,Gulf Coast Utility C,active,5016460.0,0.0,123032.5,5139492.5,15000000.0,15000000.0,0.3426,green
2025-05-02,CP04,Texas Power Generator D,active,607685.0,0.0,71557.5,679242.5,10000000.0,10000000.0,0.0679,green
2025-05-02,CP05,Petrochemical Plant E,active,7089800.0,0.0,-82800.0,7007000.0,12000000.0,12000000.0,0.5839,green
2025-05-02,CP06,LNG Feedgas Buyer F,active,2828275.0,0.0,28025.0,2856300.0,20000000.0,20000000.0,0.1428,green
2025-05-02,CP07,LNG Feedgas Buyer G,commissioning,4566195.0,0.0,34465.0,4600660.0,6000000.0,3000000.0,1.5336,red
2025-05-02,CP08,Regional Marketer H,active,2334585.0,9518960.0,-490500.0,0.0,3000000.0,3000000.0,0.0,green
2025-05-05,CP01,Permian Producer A,active,0.0,8369800.0,41100.0,0.0,8000000.0,8000000.0,0.0,green
2025-05-05,CP02,Haynesville Producer B,active,0.0,3688100.0,27110.0,0.0,5000000.0,5000000.0,0.0,green
2025-05-05,CP03,Gulf Coast Utility C,active,5470937.5,0.0,-82795.0,5388142.5,15000000.0,15000000.0,0.3592,green
2025-05-05,CP04,Texas Power Generator D,active,756187.5,0.0,56855.0,813042.5,10000000.0,10000000.0,0.0813,green
2025-05-05,CP05,Petrochemical Plant E,active,7089800.0,0.0,-46800.0,7043000.0,12000000.0,12000000.0,0.5869,green
2025-05-05,CP06,LNG Feedgas Buyer F,active,3305900.0,0.0,18600.0,3324500.0,20000000.0,20000000.0,0.1662,green
2025-05-05,CP07,LNG Feedgas Buyer G,commissioning,4799700.0,0.0,-50290.0,4749410.0,6000000.0,3000000.0,1.5831,red
2025-05-05,CP08,Regional Marketer H,active,2394300.0,10053125.0,-317400.0,0.0,3000000.0,3000000.0,0.0,green
2025-05-06,CP01,Permian Producer A,active,0.0,8621425.0,-13575.0,0.0,8000000.0,8000000.0,0.0,green
2025-05-06,CP02,Haynesville Producer B,active,0.0,3956640.0,-166400.0,0.0,5000000.0,5000000.0,0.0,green
2025-05-06,CP03,Gulf Coast Utility C,active,5622430.0,0.0,136562.5,5758992.5,15000000.0,15000000.0,0.3839,green
2025-05-06,CP04,Texas Power Generator D,active,804955.0,0.0,77687.5,882642.5,10000000.0,10000000.0,0.0883,green
2025-05-06,CP05,Petrochemical Plant E,active,7089800.0,0.0,-7650.0,7082150.0,12000000.0,12000000.0,0.5902,green
2025-05-06,CP06,LNG Feedgas Buyer F,active,3461625.0,0.0,35100.0,3496725.0,20000000.0,20000000.0,0.1748,green
2025-05-06,CP07,LNG Feedgas Buyer G,commissioning,4877535.0,0.0,94225.0,4971760.0,6000000.0,3000000.0,1.6573,red
2025-05-06,CP08,Regional Marketer H,active,2414205.0,10230080.0,-452400.0,0.0,3000000.0,3000000.0,0.0,green
2025-05-07,CP01,Permian Producer A,active,0.0,8881300.0,78750.0,0.0,8000000.0,8000000.0,0.0,green
2025-05-07,CP02,Haynesville Producer B,active,0.0,4229680.0,-39960.0,0.0,5000000.0,5000000.0,0.0,green
2025-05-07,CP03,Gulf Coast Utility C,active,5773922.5,0.0,12270.0,5786192.5,15000000.0,15000000.0,0.3857,green
2025-05-07,CP04,Texas Power Generator D,active,854722.5,0.0,63120.0,917842.5,10000000.0,10000000.0,0.0918,green
2025-05-07,CP05,Petrochemical Plant E,active,7089800.0,0.0,-78750.0,7011050.0,12000000.0,12000000.0,0.5843,green
2025-05-07,CP06,LNG Feedgas Buyer F,active,3622100.0,0.0,15525.0,3637625.0,20000000.0,20000000.0,0.1819,green
2025-05-07,CP07,LNG Feedgas Buyer G,commissioning,4955370.0,0.0,-14010.0,4941360.0,6000000.0,3000000.0,1.6471,red
2025-05-07,CP08,Regional Marketer H,active,2434110.0,10408535.0,-338250.0,0.0,3000000.0,3000000.0,0.0,green
2025-05-08,CP01,Permian Producer A,active,0.0,9145300.0,58875.0,0.0,8000000.0,8000000.0,0.0,green
2025-05-08,CP02,Haynesville Producer B,active,0.0,4504970.0,4430.0,0.0,5000000.0,5000000.0,0.0,green
2025-05-08,CP03,Gulf Coast Utility C,active,5925415.0,0.0,-40622.5,5884792.5,15000000.0,15000000.0,0.3923,green
2025-05-08,CP04,Texas Power Generator D,active,904990.0,0.0,55302.5,960292.5,10000000.0,10000000.0,0.096,green
2025-05-08,CP05,Petrochemical Plant E,active,7089800.0,0.0,-65700.0,7024100.0,12000000.0,12000000.0,0.5853,green
2025-05-08,CP06,LNG Feedgas Buyer F,active,3784950.0,0.0,13350.0,3798300.0,20000000.0,20000000.0,0.1899,green
2025-05-08,CP07,LNG Feedgas Buyer G,commissioning,5033205.0,0.0,-32395.0,5000810.0,6000000.0,3000000.0,1.6669,red
2025-05-08,CP08,Regional Marketer H,active,2454015.0,10587740.0,-292650.0,0.0,3000000.0,3000000.0,0.0,green
2025-05-09,CP01,Permian Producer A,active,0.0,9408475.0,178200.0,0.0,8000000.0,8000000.0,0.0,green
2025-05-09,CP02,Haynesville Producer B,active,0.0,4779810.0,26820.0,0.0,5000000.0,5000000.0,0.0,green
2025-05-09,CP03,Gulf Coast Utility C,active,6076907.5,0.0,-43465.0,6033442.5,15000000.0,15000000.0,0.4022,green
2025-05-09,CP04,Texas Power Generator D,active,955157.5,0.0,54585.0,1009742.5,10000000.0,10000000.0,0.101,green
2025-05-09,CP05,Petrochemical Plant E,active,7089800.0,0.0,-157050.0,6932750.0,12000000.0,12000000.0,0.5777,green
2025-05-09,CP06,LNG Feedgas Buyer F,active,3947325.0,0.0,-2675.0,3944650.0,20000000.0,20000000.0,0.1972,green
2025-05-09,CP07,LNG Feedgas Buyer G,commissioning,5111040.0,0.0,-84880.0,5026160.0,6000000.0,3000000.0,1.6754,red
2025-05-09,CP08,Regional Marketer H,active,2473920.0,10766795.0,-254850.0,0.0,3000000.0,3000000.0,0.0,green
2025-05-12,CP01,Permian Producer A,active,0.0,10195525.0,81375.0,0.0,8000000.0,8000000.0,0.0,green
2025-05-12,CP02,Haynesville Producer B,active,0.0,5602980.0,-14910.0,0.0,5000000.0,5000000.0,0.0,green
2025-05-12,CP03,Gulf Coast Utility C,active,6531385.0,0.0,-842.5,6530542.5,15000000.0,15000000.0,0.4354,green
2025-05-12,CP04,Texas Power Generator D,active,1105360.0,0.0,51832.5,1157192.5,10000000.0,10000000.0,0.1157,green
2025-05-12,CP05,Petrochemical Plant E,active,7089800.0,0.0,-90000.0,6999800.0,12000000.0,12000000.0,0.5833,green
2025-05-12,CP06,LNG Feedgas Buyer F,active,4433025.0,0.0,5800.0,4438825.0,20000000.0,20000000.0,0.2219,green
2025-05-12,CP07,LNG Feedgas Buyer G,commissioning,5344545.0,0.0,-17935.0,5326610.0,6000000.0,3000000.0,1.7755,red
2025-05-12,CP08,Regional Marketer H,active,2533635.0,11303510.0,-251550.0,0.0,3000000.0,3000000.0,0.0,green
2025-05-13,CP01,Permian Producer A,active,0.0,10462825.0,79500.0,0.0,8000000.0,8000000.0,0.0,green
2025-05-13,CP02,Haynesville Producer B,active,0.0,5880070.0,54180.0,0.0,5000000.0,5000000.0,0.0,green
2025-05-13,CP03,Gulf Coast Utility C,active,6682877.5,0.0,-69285.0,6613592.5,15000000.0,15000000.0,0.4409,green
2025-05-13,CP04,Texas Power Generator D,active,1156027.5,0.0,42615.0,1198642.5,10000000.0,10000000.0,0.1199,green
2025-05-13,CP05,Petrochemical Plant E,active,7089800.0,0.0,-90450.0,6999350.0,12000000.0,12000000.0,0.5833,green
2025-05-13,CP06,LNG Feedgas Buyer F,active,4597775.0,0.0,675.0,4598450.0,20000000.0,20000000.0,0.2299,green
2025-05-13,CP07,LNG Feedgas Buyer G,commissioning,5422380.0,0.0,-52320.0,5370060.0,6000000.0,3000000.0,1.79,red
2025-05-13,CP08,Regional Marketer H,active,2553540.0,11483315.0,-175050.0,0.0,3000000.0,3000000.0,0.0,green
2025-05-14,CP01,Permian Producer A,active,0.0,10733425.0,-15975.0,0.0,8000000.0,8000000.0,0.0,green
2025-05-14,CP02,Haynesville Producer B,active,0.0,6158960.0,10770.0,0.0,5000000.0,5000000.0,0.0,green
2025-05-14,CP03,Gulf Coast Utility C,active,6834370.0,0.0,-86127.5,6748242.5,15000000.0,15000000.0,0.4499,green
2025-05-14,CP04,Texas Power Generator D,active,1207095.0,0.0,37597.5,1244692.5,10000000.0,10000000.0,0.1245,green
2025-05-14,CP05,Petrochemical Plant E,active,7089800.0,0.0,-2700.0,7087100.0,12000000.0,12000000.0,0.5906,green
2025-05-14,CP06,LNG Feedgas Buyer F,active,4764425.0,0.0,9350.0,4773775.0,20000000.0,20000000.0,0.2387,green
2025-05-14,CP07,LNG Feedgas Buyer G,commissioning,5500215.0,0.0,-18905.0,5481310.0,6000000.0,3000000.0,1.8271,red
2025-05-14,CP08,Regional Marketer H,active,2573445.0,11663720.0,-165150.0,0.0,3000000.0,3000000.0,0.0,green
2025-05-15,CP01,Permian Producer A,active,0.0,10994950.0,-87450.0,0.0,8000000.0,8000000.0,0.0,green
2025-05-15,CP02,Haynesville Producer B,active,0.0,6432900.0,-102590.0,0.0,5000000.0,5000000.0,0.0,green
2025-05-15,CP03,Gulf Coast Utility C,active,6985862.5,0.0,12955.0,6998817.5,15000000.0,15000000.0,0.4666,green
2025-05-15,CP04,Texas Power Generator D,active,1257062.5,0.0,44980.0,1302042.5,10000000.0,10000000.0,0.1302,green
2025-05-15,CP05,Petrochemical Plant E,active,7089800.0,0.0,133800.0,7223600.0,12000000.0,12000000.0,0.602,green
2025-05-15,CP06,LNG Feedgas Buyer F,active,4925850.0,0.0,22350.0,4948200.0,20000000.0,20000000.0,0.2474,green
2025-05-15,CP07,LNG Feedgas Buyer G,commissioning,5578050.0,0.0,71260.0,5649310.0,6000000.0,3000000.0,1.8831,red
2025-05-15,CP08,Regional Marketer H,active,2593350.0,11842475.0,-219150.0,0.0,3000000.0,3000000.0,0.0,green
2025-05-16,CP01,Permian Producer A,active,0.0,11240800.0,-115125.0,0.0,8000000.0,8000000.0,0.0,green
2025-05-16,CP02,Haynesville Producer B,active,0.0,6698290.0,-244050.0,0.0,5000000.0,5000000.0,0.0,green
2025-05-16,CP03,Gulf Coast Utility C,active,7137355.0,0.0,150937.5,7288292.5,15000000.0,15000000.0,0.4859,green
2025-05-16,CP04,Texas Power Generator D,active,1305130.0,0.0,57262.5,1362392.5,10000000.0,10000000.0,0.1362,green
2025-05-16,CP05,Petrochemical Plant E,active,7089800.0,0.0,163200.0,7253000.0,12000000.0,12000000.0,0.6044,green
2025-05-16,CP06,LNG Feedgas Buyer F,active,5078250.0,0.0,30150.0,5108400.0,20000000.0,20000000.0,0.2554,green
2025-05-16,CP07,LNG Feedgas Buyer G,commissioning,5655885.0,0.0,153075.0,5808960.0,6000000.0,3000000.0,1.9363,red
2025-05-16,CP08,Regional Marketer H,active,2613255.0,12018380.0,-294000.0,0.0,3000000.0,3000000.0,0.0,green
2025-05-19,CP01,Permian Producer A,active,0.0,11974225.0,-321450.0,0.0,8000000.0,8000000.0,0.0,green
2025-05-19,CP02,Haynesville Producer B,active,0.0,7492210.0,-471480.0,0.0,5000000.0,5000000.0,0.0,green
2025-05-19,CP03,Gulf Coast Utility C,active,7591832.5,0.0,170460.0,7762292.5,15000000.0,15000000.0,0.5175,green
2025-05-19,CP04,Texas Power Generator D,active,1448832.5,0.0,51510.0,1500342.5,10000000.0,10000000.0,0.15,green
2025-05-19,CP05,Petrochemical Plant E,active,7089800.0,0.0,395250.0,7485050.0,12000000.0,12000000.0,0.6238,green
2025-05-19,CP06,LNG Feedgas Buyer F,active,5533075.0,0.0,44775.0,5577850.0,20000000.0,20000000.0,0.2789,green
2025-05-19,CP07,LNG Feedgas Buyer G,commissioning,5889390.0,0.0,226620.0,6116010.0,6000000.0,3000000.0,2.0387,red
2025-05-19,CP08,Regional Marketer H,active,2672970.0,12545345.0,-270000.0,0.0,3000000.0,3000000.0,0.0,green
2025-05-20,CP01,Permian Producer A,active,0.0,12231625.0,-41325.0,0.0,8000000.0,8000000.0,0.0,green
2025-05-20,CP02,Haynesville Producer B,active,0.0,7763900.0,-46640.0,0.0,5000000.0,5000000.0,0.0,green
2025-05-20,CP03,Gulf Coast Utility C,active,7743325.0,0.0,36742.5,7780067.5,15000000.0,15000000.0,0.5187,green
2025-05-20,CP04,Texas Power Generator D,active,1498300.0,0.0,37892.5,1536192.5,10000000.0,10000000.0,0.1536,green
2025-05-20,CP05,Petrochemical Plant E,active,7089800.0,0.0,65550.0,7155350.0,12000000.0,12000000.0,0.5963,green
2025-05-20,CP06,LNG Feedgas Buyer F,active,5692125.0,0.0,-9575.0,5682550.0,20000000.0,20000000.0,0.2841,green
2025-05-20,CP07,LNG Feedgas Buyer G,commissioning,5967225.0,0.0,76335.0,6043560.0,6000000.0,3000000.0,2.0145,red
2025-05-20,CP08,Regional Marketer H,active,2692875.0,12723350.0,-279450.0,0.0,3000000.0,3000000.0,0.0,green
2025-05-21,CP01,Permian Producer A,active,0.0,12493150.0,-78900.0,0.0,8000000.0,8000000.0,0.0,green
2025-05-21,CP02,Haynesville Producer B,active,0.0,8037840.0,-84650.0,0.0,5000000.0,5000000.0,0.0,green
2025-05-21,CP03,Gulf Coast Utility C,active,7894817.5,0.0,15550.0,7910367.5,15000000.0,15000000.0,0.5274,green
2025-05-21,CP04,Texas Power Generator D,active,1548267.5,0.0,35425.0,1583692.5,10000000.0,10000000.0,0.1584,green
2025-05-21,CP05,Petrochemical Plant E,active,7089800.0,0.0,127500.0,7217300.0,12000000.0,12000000.0,0.6014,green
2025-05-21,CP06,LNG Feedgas Buyer F,active,5853550.0,0.0,-3525.0,5850025.0,20000000.0,20000000.0,0.2925,green
2025-05-21,CP07,LNG Feedgas Buyer G,commissioning,6045060.0,0.0,82450.0,6127510.0,6000000.0,3000000.0,2.0425,red
2025-05-21,CP08,Regional Marketer H,active,2712780.0,12902105.0,-230400.0,0.0,3000000.0,3000000.0,0.0,green
2025-05-22,CP01,Permian Producer A,active,0.0,12738175.0,-253875.0,0.0,8000000.0,8000000.0,0.0,green
2025-05-22,CP02,Haynesville Producer B,active,0.0,8302780.0,-275460.0,0.0,5000000.0,5000000.0,0.0,green
2025-05-22,CP03,Gulf Coast Utility C,active,8046310.0,0.0,110182.5,8156492.5,15000000.0,15000000.0,0.5438,green
2025-05-22,CP04,Texas Power Generator D,active,1596235.0,0.0,42457.5,1638692.5,10000000.0,10000000.0,0.1639,green
2025-05-22,CP05,Petrochemical Plant E,active,7089800.0,0.0,248250.0,7338050.0,12000000.0,12000000.0,0.6115,green
2025-05-22,CP06,LNG Feedgas Buyer F,active,6005475.0,0.0,16800.0,6022275.0,20000000.0,20000000.0,0.3011,green
2025-05-22,CP07,LNG Feedgas Buyer G,commissioning,6122895.0,0.0,164115.0,6287010.0,6000000.0,3000000.0,2.0957,red
2025-05-22,CP08,Regional Marketer H,active,2732685.0,13077860.0,-235050.0,0.0,3000000.0,3000000.0,0.0,green
2025-05-23,CP01,Permian Producer A,active,0.0,12977425.0,-125850.0,0.0,8000000.0,8000000.0,0.0,green
2025-05-23,CP02,Haynesville Producer B,active,0.0,8564570.0,-202870.0,0.0,5000000.0,5000000.0,0.0,green
2025-05-23,CP03,Gulf Coast Utility C,active,8197802.5,0.0,121715.0,8319517.5,15000000.0,15000000.0,0.5546,green
2025-05-23,CP04,Texas Power Generator D,active,1643502.5,0.0,44540.0,1688042.5,10000000.0,10000000.0,0.1688,green
2025-05-23,CP05,Petrochemical Plant E,active,7089800.0,0.0,163200.0,7253000.0,12000000.0,12000000.0,0.6044,green
2025-05-23,CP06,LNG Feedgas Buyer F,active,6154075.0,0.0,10875.0,6164950.0,20000000.0,20000000.0,0.3082,green
2025-05-23,CP07,LNG Feedgas Buyer G,commissioning,6200730.0,0.0,150980.0,6351710.0,6000000.0,3000000.0,2.1172,red
2025-05-23,CP08,Regional Marketer H,active,2752590.0,13252565.0,-250800.0,0.0,3000000.0,3000000.0,0.0,green
2025-05-27,CP01,Permian Producer A,active,0.0,6864825.0,-39750.0,0.0,8000000.0,8000000.0,0.0,green
2025-05-27,CP02,Haynesville Producer B,active,0.0,7289280.0,-41510.0,0.0,5000000.0,5000000.0,0.0,green
2025-05-27,CP03,Gulf Coast Utility C,active,4090297.5,0.0,43345.0,4133642.5,15000000.0,15000000.0,0.2756,green
2025-05-27,CP04,Texas Power Generator D,active,1325322.5,0.0,21070.0,1346392.5,10000000.0,10000000.0,0.1346,green
2025-05-27,CP05,Petrochemical Plant E,active,0.0,0.0,96000.0,96000.0,12000000.0,12000000.0,0.008,green
2025-05-27,CP06,LNG Feedgas Buyer F,active,4245425.0,0.0,-24225.0,4221200.0,20000000.0,20000000.0,0.2111,green
2025-05-27,CP07,LNG Feedgas Buyer G,commissioning,2101545.0,0.0,95440.0,2196985.0,6000000.0,3000000.0,0.7323,green
2025-05-27,CP08,Regional Marketer H,active,537435.0,4790685.0,-136200.0,0.0,3000000.0,3000000.0,0.0,green
2025-05-28,CP01,Permian Producer A,active,0.0,7117275.0,-324225.0,0.0,8000000.0,8000000.0,0.0,green
2025-05-28,CP02,Haynesville Producer B,active,0.0,7558270.0,-256470.0,0.0,5000000.0,5000000.0,0.0,green
2025-05-28,CP03,Gulf Coast Utility C,active,4241790.0,0.0,161377.5,4403167.5,15000000.0,15000000.0,0.2935,green
2025-05-28,CP04,Texas Power Generator D,active,1374190.0,0.0,35302.5,1409492.5,10000000.0,10000000.0,0.1409,green
2025-05-28,CP05,Petrochemical Plant E,active,0.0,0.0,304200.0,304200.0,12000000.0,12000000.0,0.0253,green
2025-05-28,CP06,LNG Feedgas Buyer F,active,4401625.0,0.0,47925.0,4449550.0,20000000.0,20000000.0,0.2225,green
2025-05-28,CP07,LNG Feedgas Buyer G,commissioning,2179380.0,0.0,235755.0,2415135.0,6000000.0,3000000.0,0.805,amber
2025-05-28,CP08,Regional Marketer H,active,557340.0,4967790.0,-102150.0,0.0,3000000.0,3000000.0,0.0,green
2025-05-29,CP01,Permian Producer A,active,0.0,7359825.0,-326700.0,0.0,8000000.0,8000000.0,0.0,green
2025-05-29,CP02,Haynesville Producer B,active,0.0,7821860.0,-259730.0,0.0,5000000.0,5000000.0,0.0,green
2025-05-29,CP03,Gulf Coast Utility C,active,4393282.5,0.0,168060.0,4561342.5,15000000.0,15000000.0,0.3041,green
2025-05-29,CP04,Texas Power Generator D,active,1421857.5,0.0,33985.0,1455842.5,10000000.0,10000000.0,0.1456,green
2025-05-29,CP05,Petrochemical Plant E,active,0.0,0.0,304200.0,304200.0,12000000.0,12000000.0,0.0253,green
2025-05-29,CP06,LNG Feedgas Buyer F,active,4552125.0,0.0,65425.0,4617550.0,20000000.0,20000000.0,0.2309,green
2025-05-29,CP07,LNG Feedgas Buyer G,commissioning,2257215.0,0.0,241170.0,2498385.0,6000000.0,3000000.0,0.8328,amber
2025-05-29,CP08,Regional Marketer H,active,577245.0,5143095.0,-88875.0,0.0,3000000.0,3000000.0,0.0,green
2025-05-30,CP01,Permian Producer A,active,0.0,7593300.0,-329175.0,0.0,8000000.0,8000000.0,0.0,green
2025-05-30,CP02,Haynesville Producer B,active,0.0,8080500.0,-250665.0,0.0,5000000.0,5000000.0,0.0,green
2025-05-30,CP03,Gulf Coast Utility C,active,4544775.0,0.0,162867.5,4707642.5,15000000.0,15000000.0,0.3138,green
2025-05-30,CP04,Texas Power Generator D,active,1468425.0,0.0,38392.5,1506817.5,10000000.0,10000000.0,0.1507,green
2025-05-30,CP05,Petrochemical Plant E,active,0.0,0.0,304200.0,304200.0,12000000.0,12000000.0,0.0253,green
2025-05-30,CP06,LNG Feedgas Buyer F,active,4697400.0,0.0,63700.0,4761100.0,20000000.0,20000000.0,0.2381,green
2025-05-30,CP07,LNG Feedgas Buyer G,commissioning,2335050.0,0.0,240335.0,2575385.0,6000000.0,3000000.0,0.8585,amber
2025-05-30,CP08,Regional Marketer H,active,597150.0,5316750.0,-70425.0,0.0,3000000.0,3000000.0,0.0,green
2025-06-02,CP01,Permian Producer A,active,0.0,8335915.0,-645285.0,0.0,8000000.0,8000000.0,0.0,green
2025-06-02,CP02,Haynesville Producer B,active,0.0,8579250.0,-400072.5,0.0,5000000.0,5000000.0,0.0,green
2025-06-02,CP03,Gulf Coast Utility C,active,4979372.5,0.0,237370.0,5216742.5,15000000.0,15000000.0,0.3478,green
2025-06-02,CP04,Texas Power Generator D,active,1635412.5,0.0,-10272.5,1625140.0,10000000.0,10000000.0,0.1625,green
2025-06-02,CP05,Petrochemical Plant E,active,361760.0,0.0,483840.0,845600.0,12000000.0,12000000.0,0.0705,green
2025-06-02,CP06,LNG Feedgas Buyer F,active,4925630.0,0.0,129970.0,5055600.0,20000000.0,20000000.0,0.2528,green
2025-06-02,CP07,LNG Feedgas Buyer G,commissioning,2799265.0,0.0,450870.0,3250135.0,6000000.0,3000000.0,1.0834,red
2025-06-02,CP08,Regional Marketer H,active,874145.0,5601435.0,4965.0,0.0,3000000.0,3000000.0,0.0,green
2025-06-03,CP01,Permian Producer A,active,0.0,8588910.0,-881190.0,0.0,8000000.0,8000000.0,0.0,green
2025-06-03,CP02,Haynesville Producer B,active,0.0,8699305.0,-534047.5,0.0,5000000.0,5000000.0,0.0,green
2025-06-03,CP03,Gulf Coast Utility C,active,5118450.0,0.0,304492.5,5422942.5,15000000.0,15000000.0,0.3615,green
2025-06-03,CP04,Texas Power Generator D,active,1694047.5,0.0,6532.5,1700580.0,10000000.0,10000000.0,0.1701,green
2025-06-03,CP05,Petrochemical Plant E,active,540840.0,0.0,617760.0,1158600.0,12000000.0,12000000.0,0.0965,green
2025-06-03,CP06,LNG Feedgas Buyer F,active,4967107.5,0.0,179992.5,5147100.0,20000000.0,20000000.0,0.2574,green
2025-06-03,CP07,LNG Feedgas Buyer G,commissioning,2990205.0,0.0,574110.0,3564315.0,6000000.0,3000000.0,1.1881,red
2025-06-03,CP08,Regional Marketer H,active,1000215.0,5656275.0,53795.0,0.0,3000000.0,3000000.0,0.0,green
2025-06-04,CP01,Permian Producer A,active,0.0,8841205.0,-896745.0,0.0,8000000.0,8000000.0,0.0,green
2025-06-04,CP02,Haynesville Producer B,active,0.0,8819360.0,-550257.5,0.0,5000000.0,5000000.0,0.0,green
2025-06-04,CP03,Gulf Coast Utility C,active,5256427.5,0.0,311415.0,5567842.5,15000000.0,15000000.0,0.3712,green
2025-06-04,CP04,Texas Power Generator D,active,1751982.5,0.0,25432.5,1777415.0,10000000.0,10000000.0,0.1777,green
2025-06-04,CP05,Petrochemical Plant E,active,719120.0,0.0,631280.0,1350400.0,12000000.0,12000000.0,0.1125,green
2025-06-04,CP06,LNG Feedgas Buyer F,active,5008585.0,0.0,187015.0,5195600.0,20000000.0,20000000.0,0.2598,green
2025-06-04,CP07,LNG Feedgas Buyer G,commissioning,3180145.0,0.0,592760.0,3772905.0,6000000.0,3000000.0,1.2576,red
2025-06-04,CP08,Regional Marketer H,active,1125185.0,5710815.0,64810.0,0.0,3000000.0,3000000.0,0.0,green
2025-06-05,CP01,Permian Producer A,active,0.0,9094550.0,-789585.0,0.0,8000000.0,8000000.0,0.0,green
2025-06-05,CP02,Haynesville Producer B,active,0.0,8939415.0,-478725.0,0.0,5000000.0,5000000.0,0.0,green
2025-06-05,CP03,Gulf Coast Utility C,active,5396055.0,0.0,273187.5,5669242.5,15000000.0,15000000.0,0.3779,green
2025-06-05,CP04,Texas Power Generator D,active,1810967.5,0.0,65085.0,1876052.5,10000000.0,10000000.0,0.1876,green
2025-06-05,CP05,Petrochemical Plant E,active,898600.0,0.0,563800.0,1462400.0,12000000.0,12000000.0,0.1219,green
2025-06-05,CP06,LNG Feedgas Buyer F,active,5050062.5,0.0,164112.5,5214175.0,20000000.0,20000000.0,0.2607,green
2025-06-05,CP07,LNG Feedgas Buyer G,commissioning,3371585.0,0.0,536455.0,3908040.0,6000000.0,3000000.0,1.3027,red
2025-06-05,CP08,Regional Marketer H,active,1251805.0,5765805.0,24562.5,0.0,3000000.0,3000000.0,0.0,green
2025-06-06,CP01,Permian Producer A,active,0.0,9344745.0,-967335.0,0.0,8000000.0,8000000.0,0.0,green
2025-06-06,CP02,Haynesville Producer B,active,0.0,9059470.0,-601677.5,0.0,5000000.0,5000000.0,0.0,green
2025-06-06,CP03,Gulf Coast Utility C,active,5530732.5,0.0,337860.0,5868592.5,15000000.0,15000000.0,0.3912,green
2025-06-06,CP04,Texas Power Generator D,active,1866802.5,0.0,-50287.5,1816515.0,10000000.0,10000000.0,0.1817,green
2025-06-06,CP05,Petrochemical Plant E,active,1074480.0,0.0,692820.0,1767300.0,12000000.0,12000000.0,0.1473,green
2025-06-06,CP06,LNG Feedgas Buyer F,active,5091540.0,0.0,212385.0,5303925.0,20000000.0,20000000.0,0.2652,green
2025-06-06,CP07,LNG Feedgas Buyer G,commissioning,3558525.0,0.0,632010.0,4190535.0,6000000.0,3000000.0,1.3968,red
2025-06-06,CP08,Regional Marketer H,active,1373475.0,5819445.0,153835.0,0.0,3000000.0,3000000.0,0.0,green
2025-06-09,CP01,Permian Producer A,active,0.0,10103205.0,-328185.0,0.0,8000000.0,8000000.0,0.0,green
2025-06-09,CP02,Haynesville Producer B,active,0.0,9419635.0,-203710.0,0.0,5000000.0,5000000.0,0.0,green
2025-06-09,CP03,Gulf Coast Utility C,active,5947140.0,0.0,130252.5,6077392.5,15000000.0,15000000.0,0.4052,green
2025-06-09,CP04,Texas Power Generator D,active,2042182.5,0.0,92595.0,2134777.5,10000000.0,10000000.0,0.2135,green
2025-06-09,CP05,Petrochemical Plant E,active,1611120.0,0.0,276630.0,1887750.0,12000000.0,12000000.0,0.1573,green
2025-06-09,CP06,LNG Feedgas Buyer F,active,5215972.5,0.0,70327.5,5286300.0,20000000.0,20000000.0,0.2643,green
2025-06-09,CP07,LNG Feedgas Buyer G,commissioning,4130595.0,0.0,292125.0,4422720.0,6000000.0,3000000.0,1.4742,red
2025-06-09,CP08,Regional Marketer H,active,1750860.0,5983740.0,-9422.5,0.0,3000000.0,3000000.0,0.0,green
2025-06-10,CP01,Permian Producer A,active,0.0,10355325.0,-815550.0,0.0,8000000.0,8000000.0,0.0,green
2025-06-10,CP02,Haynesville Producer B,active,0.0,9539690.0,-439110.0,0.0,5000000.0,5000000.0,0.0,green
2025-06-10,CP03,Gulf Coast Utility C,active,6084842.5,0.0,243050.0,6327892.5,15000000.0,15000000.0,0.4219,green
2025-06-10,CP04,Texas Power Generator D,active,2099942.5,0.0,227060.0,2327002.5,10000000.0,10000000.0,0.2327,green
2025-06-10,CP05,Petrochemical Plant E,active,1789200.0,0.0,501900.0,2291100.0,12000000.0,12000000.0,0.1909,green
2025-06-10,CP06,LNG Feedgas Buyer F,active,5257450.0,0.0,152975.0,5410425.0,20000000.0,20000000.0,0.2705,green
2025-06-10,CP07,LNG Feedgas Buyer G,commissioning,4320285.0,0.0,567165.0,4887450.0,6000000.0,3000000.0,1.6291,red
2025-06-10,CP08,Regional Marketer H,active,1875555.0,6038205.0,-108587.5,0.0,3000000.0,3000000.0,0.0,green
2025-06-11,CP01,Permian Producer A,active,0.0,10606395.0,-872235.0,0.0,8000000.0,8000000.0,0.0,green
2025-06-11,CP02,Haynesville Producer B,active,0.0,9659745.0,-458620.0,0.0,5000000.0,5000000.0,0.0,green
2025-06-11,CP03,Gulf Coast Utility C,active,6220895.0,0.0,257822.5,6478717.5,15000000.0,15000000.0,0.4319,green
2025-06-11,CP04,Texas Power Generator D,active,2156652.5,0.0,258175.0,2414827.5,10000000.0,10000000.0,0.2415,green
2025-06-11,CP05,Petrochemical Plant E,active,1966080.0,0.0,535770.0,2501850.0,12000000.0,12000000.0,0.2085,green
2025-06-11,CP06,LNG Feedgas Buyer F,active,5298927.5,0.0,160622.5,5459550.0,20000000.0,20000000.0,0.273,green
2025-06-11,CP07,LNG Feedgas Buyer G,commissioning,4508475.0,0.0,596865.0,5105340.0,6000000.0,3000000.0,1.7018,red
2025-06-11,CP08,Regional Marketer H,active,1998600.0,6092220.0,-114372.5,0.0,3000000.0,3000000.0,0.0,green
2025-06-12,CP01,Permian Producer A,active,0.0,10860440.0,-663090.0,0.0,8000000.0,8000000.0,0.0,green
2025-06-12,CP02,Haynesville Producer B,active,0.0,9779800.0,-328177.5,0.0,5000000.0,5000000.0,0.0,green
2025-06-12,CP03,Gulf Coast Utility C,active,6361622.5,0.0,191070.0,6552692.5,15000000.0,15000000.0,0.4368,green
2025-06-12,CP04,Texas Power Generator D,active,2216337.5,0.0,275152.5,2491490.0,10000000.0,10000000.0,0.2491,green
2025-06-12,CP05,Petrochemical Plant E,active,2146360.0,0.0,401940.0,2548300.0,12000000.0,12000000.0,0.2124,green
2025-06-12,CP06,LNG Feedgas Buyer F,active,5340405.0,0.0,128970.0,5469375.0,20000000.0,20000000.0,0.2735,green
2025-06-12,CP07,LNG Feedgas Buyer G,commissioning,4700915.0,0.0,472350.0,5173265.0,6000000.0,3000000.0,1.7244,red
2025-06-12,CP08,Regional Marketer H,active,2126320.0,6147510.0,-122315.0,0.0,3000000.0,3000000.0,0.0,green
2025-06-13,CP01,Permian Producer A,active,0.0,11110110.0,-806025.0,0.0,8000000.0,8000000.0,0.0,green
2025-06-13,CP02,Haynesville Producer B,active,0.0,9899855.0,-432875.0,0.0,5000000.0,5000000.0,0.0,green
2025-06-13,CP03,Gulf Coast Utility C,active,6495475.0,0.0,255217.5,6750692.5,15000000.0,15000000.0,0.45,green
2025-06-13,CP04,Texas Power Generator D,active,2271647.5,0.0,153040.0,2424687.5,10000000.0,10000000.0,0.2425,green
2025-06-13,CP05,Petrochemical Plant E,active,2321640.0,0.0,529910.0,2851550.0,12000000.0,12000000.0,0.2376,green
2025-06-13,CP06,LNG Feedgas Buyer F,active,5381882.5,0.0,140132.5,5522015.0,20000000.0,20000000.0,0.2761,green
2025-06-13,CP07,LNG Feedgas Buyer G,commissioning,4887105.0,0.0,561275.0,5448380.0,6000000.0,3000000.0,1.8161,red
2025-06-13,CP08,Regional Marketer H,active,2247165.0,6200925.0,34862.5,0.0,3000000.0,3000000.0,0.0,green
2025-06-16,CP01,Permian Producer A,active,0.0,11863495.0,-307830.0,0.0,8000000.0,8000000.0,0.0,green
2025-06-16,CP02,Haynesville Producer B,active,0.0,10260020.0,-215517.5,0.0,5000000.0,5000000.0,0.0,green
2025-06-16,CP03,Gulf Coast Utility C,active,6903907.5,0.0,150160.0,7054067.5,15000000.0,15000000.0,0.4703,green
2025-06-16,CP04,Texas Power Generator D,active,2441952.5,0.0,-106222.5,2335730.0,10000000.0,10000000.0,0.2336,green
2025-06-16,CP05,Petrochemical Plant E,active,2852480.0,0.0,318820.0,3171300.0,12000000.0,12000000.0,0.2643,green
2025-06-16,CP06,LNG Feedgas Buyer F,active,5506315.0,0.0,-32215.0,5474100.0,20000000.0,20000000.0,0.2737,green
2025-06-16,CP07,LNG Feedgas Buyer G,commissioning,5451925.0,0.0,305125.0,5757050.0,6000000.0,3000000.0,1.919,red
2025-06-16,CP08,Regional Marketer H,active,2616575.0,6363045.0,342035.0,0.0,3000000.0,3000000.0,0.0,green
2025-06-17,CP01,Permian Producer A,active,0.0,12117540.0,-182745.0,0.0,8000000.0,8000000.0,0.0,green
2025-06-17,CP02,Haynesville Producer B,active,0.0,10380075.0,-188980.0,0.0,5000000.0,5000000.0,0.0,green
2025-06-17,CP03,Gulf Coast Utility C,active,7044635.0,0.0,139932.5,7184567.5,15000000.0,15000000.0,0.479,green
2025-06-17,CP04,Texas Power Generator D,active,2501637.5,0.0,-253607.5,2248030.0,10000000.0,10000000.0,0.2248,green
2025-06-17,CP05,Petrochemical Plant E,active,3032760.0,0.0,298040.0,3330800.0,12000000.0,12000000.0,0.2776,green
2025-06-17,CP06,LNG Feedgas Buyer F,active,5547792.5,0.0,-82702.5,5465090.0,20000000.0,20000000.0,0.2733,green
2025-06-17,CP07,LNG Feedgas Buyer G,commissioning,5644365.0,0.0,174930.0,5819295.0,6000000.0,3000000.0,1.9398,red
2025-06-17,CP08,Regional Marketer H,active,2744295.0,6418335.0,573907.5,0.0,3000000.0,3000000.0,0.0,green
2025-06-18,CP01,Permian Producer A,active,0.0,12380860.0,356490.0,0.0,8000000.0,8000000.0,0.0,green
2025-06-18,CP02,Haynesville Producer B,active,0.0,10500130.0,81470.0,0.0,5000000.0,5000000.0,0.0,green
2025-06-18,CP03,Gulf Coast Utility C,active,7199937.5,0.0,18405.0,7218342.5,15000000.0,15000000.0,0.4812,green
2025-06-18,CP04,Texas Power Generator D,active,2570597.5,0.0,-549262.5,2021335.0,10000000.0,10000000.0,0.2021,green
2025-06-18,CP05,Petrochemical Plant E,active,3223640.0,0.0,54660.0,3278300.0,12000000.0,12000000.0,0.2732,green
2025-06-18,CP06,LNG Feedgas Buyer F,active,5589270.0,0.0,-252990.0,5336280.0,20000000.0,20000000.0,0.2668,green
2025-06-18,CP07,LNG Feedgas Buyer G,commissioning,5850055.0,0.0,-215840.0,5634215.0,6000000.0,3000000.0,1.8781,red
2025-06-18,CP08,Regional Marketer H,active,2886590.0,6477600.0,841637.5,0.0,3000000.0,3000000.0,0.0,green
2025-06-20,CP01,Permian Producer A,active,0.0,12901550.0,15420.0,0.0,8000000.0,8000000.0,0.0,green
2025-06-20,CP02,Haynesville Producer B,active,0.0,10740240.0,-136565.0,0.0,5000000.0,5000000.0,0.0,green
2025-06-20,CP03,Gulf Coast Utility C,active,7501192.5,0.0,76000.0,7577192.5,15000000.0,15000000.0,0.5051,green
2025-06-20,CP04,Texas Power Generator D,active,2702567.5,0.0,-255352.5,2447215.0,10000000.0,10000000.0,0.2447,green
2025-06-20,CP05,Petrochemical Plant E,active,3598600.0,0.0,169200.0,3767800.0,12000000.0,12000000.0,0.314,green
2025-06-20,CP06,LNG Feedgas Buyer F,active,5672225.0,0.0,-119655.0,5552570.0,20000000.0,20000000.0,0.2776,green
2025-06-20,CP07,LNG Feedgas Buyer G,commissioning,6252935.0,0.0,57450.0,6310385.0,6000000.0,3000000.0,2.1035,red
2025-06-20,CP08,Regional Marketer H,active,3161830.0,6593580.0,555937.5,0.0,3000000.0,3000000.0,0.0,green
2025-06-23,CP01,Permian Producer A,active,0.0,13680835.0,116685.0,0.0,8000000.0,8000000.0,0.0,green
2025-06-23,CP02,Haynesville Producer B,active,0.0,11100405.0,-102002.5,0.0,5000000.0,5000000.0,0.0,green
2025-06-23,CP03,Gulf Coast Utility C,active,7950325.0,0.0,5067.5,7955392.5,15000000.0,15000000.0,0.5304,green
2025-06-23,CP04,Texas Power Generator D,active,2898772.5,0.0,34077.5,2932850.0,10000000.0,10000000.0,0.2933,green
2025-06-23,CP05,Petrochemical Plant E,active,4159040.0,0.0,28685.0,4187725.0,12000000.0,12000000.0,0.349,green
2025-06-23,CP06,LNG Feedgas Buyer F,active,5796657.5,0.0,-64732.5,5731925.0,20000000.0,20000000.0,0.2866,green
2025-06-23,CP07,LNG Feedgas Buyer G,commissioning,6854755.0,0.0,83295.0,6938050.0,6000000.0,3000000.0,2.3127,red
2025-06-23,CP08,Regional Marketer H,active,3571940.0,6766800.0,221317.5,0.0,3000000.0,3000000.0,0.0,green
2025-06-24,CP01,Permian Producer A,active,0.0,13941880.0,-186615.0,0.0,8000000.0,8000000.0,0.0,green
2025-06-24,CP02,Haynesville Producer B,active,0.0,11220460.0,-271222.5,0.0,5000000.0,5000000.0,0.0,green
2025-06-24,CP03,Gulf Coast Utility C,active,8102052.5,0.0,26340.0,8128392.5,15000000.0,15000000.0,0.5419,green
2025-06-24,CP04,Texas Power Generator D,active,2965457.5,0.0,361307.5,3326765.0,10000000.0,10000000.0,0.3327,green
2025-06-24,CP05,Petrochemical Plant E,active,4347320.0,0.0,70905.0,4418225.0,12000000.0,12000000.0,0.3682,green
2025-06-24,CP06,LNG Feedgas Buyer F,active,5838135.0,0.0,89792.5,5927927.5,20000000.0,20000000.0,0.2964,green
2025-06-24,CP07,LNG Feedgas Buyer G,commissioning,7057195.0,0.0,302540.0,7359735.0,6000000.0,3000000.0,2.4532,red
2025-06-24,CP08,Regional Marketer H,active,3710660.0,6825090.0,-118982.5,0.0,3000000.0,3000000.0,0.0,green
2025-06-25,CP01,Permian Producer A,active,0.0,6375450.0,-376065.0,0.0,8000000.0,8000000.0,0.0,green
2025-06-25,CP02,Haynesville Producer B,active,0.0,3001375.0,-375192.5,0.0,5000000.0,5000000.0,0.0,green
2025-06-25,CP03,Gulf Coast Utility C,active,3556412.5,0.0,26612.5,3583025.0,15000000.0,15000000.0,0.2389,green
2025-06-25,CP04,Texas Power Generator D,active,1516450.0,0.0,629737.5,2146187.5,10000000.0,10000000.0,0.2146,green
2025-06-25,CP05,Petrochemical Plant E,active,4534800.0,0.0,71125.0,4605925.0,12000000.0,12000000.0,0.3838,green
2025-06-25,CP06,LNG Feedgas Buyer F,active,1036937.5,0.0,203742.5,1240680.0,20000000.0,20000000.0,0.062,green
2025-06-25,CP07,LNG Feedgas Buyer G,commissioning,4845750.0,0.0,447235.0,5292985.0,6000000.0,3000000.0,1.7643,red
2025-06-25,CP08,Regional Marketer H,active,3231225.0,1392675.0,-383907.5,1454642.5,3000000.0,3000000.0,0.4849,green
2025-06-26,CP01,Permian Producer A,active,0.0,6635270.0,-561570.0,0.0,8000000.0,8000000.0,0.0,green
2025-06-26,CP02,Haynesville Producer B,active,0.0,3121430.0,-471862.5,0.0,5000000.0,5000000.0,0.0,green
2025-06-26,CP03,Gulf Coast Utility C,active,3706215.0,0.0,24785.0,3731000.0,15000000.0,15000000.0,0.2487,green
2025-06-26,CP04,Texas Power Generator D,active,1581910.0,0.0,943902.5,2525812.5,10000000.0,10000000.0,0.2526,green
2025-06-26,CP05,Petrochemical Plant E,active,4721680.0,0.0,67145.0,4788825.0,12000000.0,12000000.0,0.3991,green
2025-06-26,CP06,LNG Feedgas Buyer F,active,1078415.0,0.0,328127.5,1406542.5,20000000.0,20000000.0,0.0703,green
2025-06-26,CP07,LNG Feedgas Buyer G,commissioning,5046440.0,0.0,602920.0,5649360.0,6000000.0,3000000.0,1.8831,red
2025-06-26,CP08,Regional Marketer H,active,3368020.0,1450440.0,-637187.5,1280392.5,3000000.0,3000000.0,0.4268,green
2025-06-27,CP01,Permian Producer A,active,0.0,6895090.0,-538125.0,0.0,8000000.0,8000000.0,0.0,green
2025-06-27,CP02,Haynesville Producer B,active,0.0,3241485.0,-464857.5,0.0,5000000.0,5000000.0,0.0,green
2025-06-27,CP03,Gulf Coast Utility C,active,3856017.5,0.0,20332.5,3876350.0,15000000.0,15000000.0,0.2584,green
2025-06-27,CP04,Texas Power Generator D,active,1647370.0,0.0,943042.5,2590412.5,10000000.0,10000000.0,0.259,green
2025-06-27,CP05,Petrochemical Plant E,active,4908560.0,0.0,67215.0,4975775.0,12000000.0,12000000.0,0.4146,green
2025-06-27,CP06,LNG Feedgas Buyer F,active,1119892.5,0.0,327025.0,1446917.5,20000000.0,20000000.0,0.0723,green
2025-06-27,CP07,LNG Feedgas Buyer G,commissioning,5247130.0,0.0,596030.0,5843160.0,6000000.0,3000000.0,1.9477,red
2025-06-27,CP08,Regional Marketer H,active,3504815.0,1508205.0,-635467.5,1361142.5,3000000.0,3000000.0,0.4537,green
2025-06-30,CP01,Permian Producer A,active,0.0,7675075.0,-641235.0,0.0,8000000.0,8000000.0,0.0,green
2025-06-30,CP02,Haynesville Producer B,active,0.0,3601650.0,-443842.5,0.0,5000000.0,5000000.0,0.0,green
2025-06-30,CP03,Gulf Coast Utility C,active,4306250.0,0.0,6975.0,4313225.0,15000000.0,15000000.0,0.2875,green
2025-06-30,CP04,Texas Power Generator D,active,1844275.0,0.0,940462.5,2784737.5,10000000.0,10000000.0,0.2785,green
2025-06-30,CP05,Petrochemical Plant E,active,5469800.0,0.0,127255.0,5597055.0,12000000.0,12000000.0,0.4664,green
2025-06-30,CP06,LNG Feedgas Buyer F,active,1244325.0,0.0,323717.5,1568042.5,20000000.0,20000000.0,0.0784,green
2025-06-30,CP07,LNG Feedgas Buyer G,commissioning,5849950.0,0.0,575360.0,6425310.0,6000000.0,3000000.0,2.1418,red
2025-06-30,CP08,Regional Marketer H,active,3916025.0,1681725.0,-630307.5,1603992.5,3000000.0,3000000.0,0.5347,green
2025-07-01,CP01,Permian Producer A,active,0.0,7918117.5,-831660.0,0.0,8000000.0,8000000.0,0.0,green
2025-07-01,CP02,Haynesville Producer B,active,0.0,3809207.5,-574725.0,0.0,5000000.0,5000000.0,0.0,green
2025-07-01,CP03,Gulf Coast Utility C,active,4330025.0,0.0,6750.0,4336775.0,15000000.0,15000000.0,0.2891,green
2025-07-01,CP04,Texas Power Generator D,active,2102882.5,0.0,1164225.0,3267107.5,10000000.0,10000000.0,0.3267,green
2025-07-01,CP05,Petrochemical Plant E,active,5572825.0,0.0,152940.0,5725765.0,12000000.0,12000000.0,0.4771,green
2025-07-01,CP06,LNG Feedgas Buyer F,active,1477895.0,0.0,413100.0,1890995.0,20000000.0,20000000.0,0.0945,green
2025-07-01,CP07,LNG Feedgas Buyer G,commissioning,6116095.0,0.0,683850.0,6799945.0,6000000.0,3000000.0,2.2666,red
2025-07-01,CP08,Regional Marketer H,active,4220565.0,2114092.5,-761700.0,1344772.5,3000000.0,3000000.0,0.4483,green
2025-07-02,CP01,Permian Producer A,active,0.0,8160460.0,-835372.5,0.0,8000000.0,8000000.0,0.0,green
2025-07-02,CP02,Haynesville Producer B,active,0.0,4015965.0,-601967.5,0.0,5000000.0,5000000.0,0.0,green
2025-07-02,CP03,Gulf Coast Utility C,active,4353500.0,0.0,6525.0,4360025.0,15000000.0,15000000.0,0.2907,green
2025-07-02,CP04,Texas Power Generator D,active,2361490.0,0.0,1206617.5,3568107.5,10000000.0,10000000.0,0.3568,green
2025-07-02,CP05,Petrochemical Plant E,active,5674550.0,0.0,95390.0,5769940.0,12000000.0,12000000.0,0.4808,green
2025-07-02,CP06,LNG Feedgas Buyer F,active,1709765.0,0.0,431230.0,2140995.0,20000000.0,20000000.0,0.107,green
2025-07-02,CP07,LNG Feedgas Buyer G,commissioning,6380540.0,0.0,701655.0,7082195.0,6000000.0,3000000.0,2.3607,red
2025-07-02,CP08,Regional Marketer H,active,4523905.0,2545760.0,-771150.0,1206995.0,3000000.0,3000000.0,0.4023,green
2025-07-03,CP01,Permian Producer A,active,0.0,8405252.5,-627015.0,0.0,8000000.0,8000000.0,0.0,green
2025-07-03,CP02,Haynesville Producer B,active,0.0,4225522.5,-424410.0,0.0,5000000.0,5000000.0,0.0,green
2025-07-03,CP03,Gulf Coast Utility C,active,4378025.0,0.0,6300.0,4384325.0,15000000.0,15000000.0,0.2923,green
2025-07-03,CP04,Texas Power Generator D,active,2620097.5,0.0,890610.0,3510707.5,10000000.0,10000000.0,0.3511,green
2025-07-03,CP05,Petrochemical Plant E,active,5780825.0,0.0,155640.0,5936465.0,12000000.0,12000000.0,0.4947,green
2025-07-03,CP06,LNG Feedgas Buyer F,active,1947585.0,0.0,308560.0,2256145.0,20000000.0,20000000.0,0.1128,green
2025-07-03,CP07,LNG Feedgas Buyer G,commissioning,6650935.0,0.0,540260.0,7191195.0,6000000.0,3000000.0,2.3971,red
2025-07-03,CP08,Regional Marketer H,active,4831445.0,2979877.5,-562290.0,1289277.5,3000000.0,3000000.0,0.4298,green
2025-07-04,CP01,Permian Producer A,active,0.0,8650045.0,-610882.5,0.0,8000000.0,8000000.0,0.0,green
2025-07-04,CP02,Haynesville Producer B,active,0.0,4435080.0,-409252.5,0.0,5000000.0,5000000.0,0.0,green
2025-07-04,CP03,Gulf Coast Utility C,active,4402550.0,0.0,6075.0,4408625.0,15000000.0,15000000.0,0.2939,green
2025-07-04,CP04,Texas Power Generator D,active,2878705.0,0.0,868102.5,3746807.5,10000000.0,10000000.0,0.3747,green
2025-07-04,CP05,Petrochemical Plant E,active,5887100.0,0.0,171715.0,6058815.0,12000000.0,12000000.0,0.5049,green
2025-07-04,CP06,LNG Feedgas Buyer F,active,2185405.0,0.0,299865.0,2485270.0,20000000.0,20000000.0,0.1243,green
2025-07-04,CP07,LNG Feedgas Buyer G,commissioning,6921330.0,0.0,523290.0,7444620.0,6000000.0,3000000.0,2.4815,red
2025-07-04,CP08,Regional Marketer H,active,5138985.0,3413995.0,-549537.5,1175452.5,3000000.0,3000000.0,0.3918,green
2025-07-07,CP01,Permian Producer A,active,0.0,9384422.5,-524355.0,0.0,8000000.0,8000000.0,0.0,green
2025-07-07,CP02,Haynesville Producer B,active,0.0,5063752.5,-363780.0,0.0,5000000.0,5000000.0,0.0,green
2025-07-07,CP03,Gulf Coast Utility C,active,4476125.0,0.0,5400.0,4481525.0,15000000.0,15000000.0,0.2988,green
2025-07-07,CP04,Texas Power Generator D,active,3654527.5,0.0,764930.0,4419457.5,10000000.0,10000000.0,0.4419,green
2025-07-07,CP05,Petrochemical Plant E,active,6205925.0,0.0,149415.0,6355340.0,12000000.0,12000000.0,0.5296,green
2025-07-07,CP06,LNG Feedgas Buyer F,active,2898865.0,0.0,264867.5,3163732.5,20000000.0,20000000.0,0.1582,green
2025-07-07,CP07,LNG Feedgas Buyer G,commissioning,7732515.0,0.0,465405.0,8197920.0,6000000.0,3000000.0,2.7326,red
2025-07-07,CP08,Regional Marketer H,active,6061605.0,4716347.5,-469042.5,876215.0,3000000.0,3000000.0,0.2921,green
2025-07-08,CP01,Permian Producer A,active,0.0,9628515.0,-607672.5,0.0,8000000.0,8000000.0,0.0,green
2025-07-08,CP02,Haynesville Producer B,active,0.0,5272510.0,-385422.5,0.0,5000000.0,5000000.0,0.0,green
2025-07-08,CP03,Gulf Coast Utility C,active,4500350.0,0.0,5175.0,4505525.0,15000000.0,15000000.0,0.3004,green
2025-07-08,CP04,Texas Power Generator D,active,3913135.0,0.0,819842.5,4732977.5,10000000.0,10000000.0,0.4733,green
2025-07-08,CP05,Petrochemical Plant E,active,6310900.0,0.0,204240.0,6515140.0,12000000.0,12000000.0,0.5429,green
2025-07-08,CP06,LNG Feedgas Buyer F,active,3134985.0,0.0,284727.5,3419712.5,20000000.0,20000000.0,0.171,green
2025-07-08,CP07,LNG Feedgas Buyer G,commissioning,8001210.0,0.0,478310.0,8479520.0,6000000.0,3000000.0,2.8265,red
2025-07-08,CP08,Regional Marketer H,active,6367945.0,5149765.0,-517065.0,701115.0,3000000.0,3000000.0,0.2337,green
2025-07-09,CP01,Permian Producer A,active,0.0,9870507.5,-901950.0,0.0,8000000.0,8000000.0,0.0,green
2025-07-09,CP02,Haynesville Producer B,active,0.0,5478867.5,-474265.0,0.0,5000000.0,5000000.0,0.0,green
2025-07-09,CP03,Gulf Coast Utility C,active,4523675.0,0.0,4950.0,4528625.0,15000000.0,15000000.0,0.3019,green
2025-07-09,CP04,Texas Power Generator D,active,4171742.5,0.0,1009095.0,5180837.5,10000000.0,10000000.0,0.5181,green
2025-07-09,CP05,Petrochemical Plant E,active,6411975.0,0.0,307890.0,6719865.0,12000000.0,12000000.0,0.56,green
2025-07-09,CP06,LNG Feedgas Buyer F,active,3366005.0,0.0,371247.5,3737252.5,20000000.0,20000000.0,0.1869,green
2025-07-09,CP07,LNG Feedgas Buyer G,commissioning,8264805.0,0.0,550015.0,8814820.0,6000000.0,3000000.0,2.9383,red
2025-07-09,CP08,Regional Marketer H,active,6670685.0,5581082.5,-654637.5,434965.0,3000000.0,3000000.0,0.145,green
2025-07-10,CP01,Permian Producer A,active,0.0,10113025.0,-668572.5,0.0,8000000.0,8000000.0,0.0,green
2025-07-10,CP02,Haynesville Producer B,active,0.0,5685825.0,-413557.5,0.0,5000000.0,5000000.0,0.0,green
2025-07-10,CP03,Gulf Coast Utility C,active,4547225.0,0.0,4725.0,4551950.0,15000000.0,15000000.0,0.3035,green
2025-07-10,CP04,Texas Power Generator D,active,4430350.0,0.0,897807.5,5328157.5,10000000.0,10000000.0,0.5328,green
2025-07-10,CP05,Petrochemical Plant E,active,6514025.0,0.0,182992.5,6697017.5,12000000.0,12000000.0,0.5581,green
2025-07-10,CP06,LNG Feedgas Buyer F,active,3598300.0,0.0,328970.0,3927270.0,20000000.0,20000000.0,0.1964,green
2025-07-10,CP07,LNG Feedgas Buyer G,commissioning,8529675.0,0.0,503070.0,9032745.0,6000000.0,3000000.0,3.0109,red
2025-07-10,CP08,Regional Marketer H,active,6974325.0,6012925.0,-560145.0,401255.0,3000000.0,3000000.0,0.1338,green
2025-07-11,CP01,Permian Producer A,active,0.0,10357467.5,-562122.5,0.0,8000000.0,8000000.0,0.0,green
2025-07-11,CP02,Haynesville Producer B,active,0.0,5894982.5,-315895.0,0.0,5000000.0,5000000.0,0.0,green
2025-07-11,CP03,Gulf Coast Utility C,active,4571600.0,0.0,4500.0,4576100.0,15000000.0,15000000.0,0.3051,green
2025-07-11,CP04,Texas Power Generator D,active,4688957.5,0.0,739325.0,5428282.5,10000000.0,10000000.0,0.5428,green
2025-07-11,CP05,Petrochemical Plant E,active,6619650.0,0.0,205190.0,6824840.0,12000000.0,12000000.0,0.5687,green
2025-07-11,CP06,LNG Feedgas Buyer F,active,3835270.0,0.0,255657.5,4090927.5,20000000.0,20000000.0,0.2045,green
2025-07-11,CP07,LNG Feedgas Buyer G,commissioning,8799220.0,0.0,404550.0,9203770.0,6000000.0,3000000.0,3.0679,red
2025-07-11,CP08,Regional Marketer H,active,7281265.0,6446692.5,-430607.5,403965.0,3000000.0,3000000.0,0.1347,green
2025-07-14,CP01,Permian Producer A,active,0.0,11090620.0,-290100.0,0.0,8000000.0,8000000.0,0.0,green
2025-07-14,CP02,Haynesville Producer B,active,0.0,6522255.0,-204142.5,0.0,5000000.0,5000000.0,0.0,green
2025-07-14,CP03,Gulf Coast Utility C,active,4644650.0,0.0,3825.0,4648475.0,15000000.0,15000000.0,0.3099,green
2025-07-14,CP04,Texas Power Generator D,active,5464780.0,0.0,538452.5,6003232.5,10000000.0,10000000.0,0.6003,green
2025-07-14,CP05,Petrochemical Plant E,active,6936200.0,0.0,49125.0,6985325.0,12000000.0,12000000.0,0.5821,green
2025-07-14,CP06,LNG Feedgas Buyer F,active,4545755.0,0.0,213842.5,4759597.5,20000000.0,20000000.0,0.238,green
2025-07-14,CP07,LNG Feedgas Buyer G,commissioning,9607430.0,0.0,338735.0,9946165.0,6000000.0,3000000.0,3.3154,red
2025-07-14,CP08,Regional Marketer H,active,8201785.0,7747820.0,-291900.0,162065.0,3000000.0,3000000.0,0.054,green
2025-07-15,CP01,Permian Producer A,active,0.0,11336637.5,-77025.0,0.0,8000000.0,8000000.0,0.0,green
2025-07-15,CP02,Haynesville Producer B,active,0.0,6733212.5,-97280.0,0.0,5000000.0,5000000.0,0.0,green
2025-07-15,CP03,Gulf Coast Utility C,active,4669700.0,0.0,3600.0,4673300.0,15000000.0,15000000.0,0.3116,green
2025-07-15,CP04,Texas Power Generator D,active,5723387.5,0.0,339535.0,6062922.5,10000000.0,10000000.0,0.6063,green
2025-07-15,CP05,Petrochemical Plant E,active,7044750.0,0.0,-9277.5,7035472.5,12000000.0,12000000.0,0.5863,green
2025-07-15,CP06,LNG Feedgas Buyer F,active,4786550.0,0.0,153580.0,4940130.0,20000000.0,20000000.0,0.247,green
2025-07-15,CP07,LNG Feedgas Buyer G,commissioning,9880800.0,0.0,257972.5,10138772.5,6000000.0,3000000.0,3.3796,red
2025-07-15,CP08,Regional Marketer H,active,8511425.0,8183162.5,-214942.5,113320.0,3000000.0,3000000.0,0.0378,green
2025-07-16,CP01,Permian Producer A,active,0.0,11584580.0,82507.5,0.0,8000000.0,8000000.0,0.0,green
2025-07-16,CP02,Haynesville Producer B,active,0.0,6946370.0,-5902.5,0.0,5000000.0,5000000.0,0.0,green
2025-07-16,CP03,Gulf Coast Utility C,active,4695575.0,0.0,3375.0,4698950.0,15000000.0,15000000.0,0.3133,green
2025-07-16,CP04,Texas Power Generator D,active,5981995.0,0.0,171087.5,6153082.5,10000000.0,10000000.0,0.6153,green
2025-07-16,CP05,Petrochemical Plant E,active,7156875.0,0.0,-38462.5,7118412.5,12000000.0,12000000.0,0.5932,green
2025-07-16,CP06,LNG Feedgas Buyer F,active,5032020.0,0.0,96940.0,5128960.0,20000000.0,20000000.0,0.2564,green
2025-07-16,CP07,LNG Feedgas Buyer G,commissioning,10158845.0,0.0,181207.5,10340052.5,6000000.0,3000000.0,3.4467,red
2025-07-16,CP08,Regional Marketer H,active,8824365.0,8620430.0,-112645.0,91290.0,3000000.0,3000000.0,0.0304,green
2025-07-17,CP01,Permian Producer A,active,0.0,11834272.5,145717.5,0.0,8000000.0,8000000.0,0.0,green
2025-07-17,CP02,Haynesville Producer B,active,0.0,7161527.5,53870.0,0.0,5000000.0,5000000.0,0.0,green
2025-07-17,CP03,Gulf Coast Utility C,active,4722200.0,0.0,3150.0,4725350.0,15000000.0,15000000.0,0.315,green
2025-07-17,CP04,Texas Power Generator D,active,6240602.5,0.0,80850.0,6321452.5,10000000.0,10000000.0,0.6321,green
2025-07-17,CP05,Petrochemical Plant E,active,7272250.0,0.0,-30370.0,7241880.0,12000000.0,12000000.0,0.6035,green
2025-07-17,CP06,LNG Feedgas Buyer F,active,5281740.0,0.0,53067.5,5334807.5,20000000.0,20000000.0,0.2667,green
2025-07-17,CP07,LNG Feedgas Buyer G,commissioning,10441140.0,0.0,119910.0,10561050.0,6000000.0,3000000.0,3.5203,red
2025-07-17,CP08,Regional Marketer H,active,9140305.0,9059447.5,-39257.5,41600.0,3000000.0,3000000.0,0.0139,green
2025-07-18,CP01,Permian Producer A,active,0.0,12083615.0,183487.5,0.0,8000000.0,8000000.0,0.0,green
2025-07-18,CP02,Haynesville Producer B,active,0.0,7376285.0,58122.5,0.0,5000000.0,5000000.0,0.0,green
2025-07-18,CP03,Gulf Coast Utility C,active,4748675.0,0.0,21525.0,4770200.0,15000000.0,15000000.0,0.318,green
2025-07-18,CP04,Texas Power Generator D,active,6499210.0,0.0,51192.5,6550402.5,10000000.0,10000000.0,0.655,green
2025-07-18,CP05,Petrochemical Plant E,active,7386975.0,0.0,-54517.5,7332457.5,12000000.0,12000000.0,0.611,green
2025-07-18,CP06,LNG Feedgas Buyer F,active,5530610.0,0.0,55115.0,5585725.0,20000000.0,20000000.0,0.2793,green
2025-07-18,CP07,LNG Feedgas Buyer G,commissioning,10722585.0,0.0,117732.5,10840317.5,6000000.0,3000000.0,3.6134,red
2025-07-18,CP08,Regional Marketer H,active,9455645.0,9498115.0,-25850.0,0.0,3000000.0,3000000.0,0.0,green
2025-07-21,CP01,Permian Producer A,active,0.0,12831642.5,-305685.0,0.0,8000000.0,8000000.0,0.0,green
2025-07-21,CP02,Haynesville Producer B,active,0.0,8020557.5,-13630.0,0.0,5000000.0,5000000.0,0.0,green
2025-07-21,CP03,Gulf Coast Utility C,active,4828100.0,0.0,176625.0,5004725.0,15000000.0,15000000.0,0.3336,green
2025-07-21,CP04,Texas Power Generator D,active,7275032.5,0.0,382370.0,7657402.5,10000000.0,10000000.0,0.7657,amber
2025-07-21,CP05,Petrochemical Plant E,active,7731150.0,0.0,184357.5,7915507.5,12000000.0,12000000.0,0.6596,green
2025-07-21,CP06,LNG Feedgas Buyer F,active,6277220.0,0.0,66755.0,6343975.0,20000000.0,20000000.0,0.3172,green
2025-07-21,CP07,LNG Feedgas Buyer G,commissioning,11566920.0,0.0,105747.5,11672667.5,6000000.0,3000000.0,3.8909,red
2025-07-21,CP08,Regional Marketer H,active,10401665.0,10814117.5,-145917.5,0.0,3000000.0,3000000.0,0.0,green
2025-07-22,CP01,Permian Producer A,active,0.0,13075035.0,-614745.0,0.0,8000000.0,8000000.0,0.0,green
2025-07-22,CP02,Haynesville Producer B,active,0.0,8228515.0,-227450.0,0.0,5000000.0,5000000.0,0.0,green
2025-07-22,CP03,Gulf Coast Utility C,active,4852025.0,0.0,238632.5,5090657.5,15000000.0,15000000.0,0.3394,green
2025-07-22,CP04,Texas Power Generator D,active,7533640.0,0.0,714712.5,8248352.5,10000000.0,10000000.0,0.8248,amber
2025-07-22,CP05,Petrochemical Plant E,active,7834825.0,0.0,256930.0,8091755.0,12000000.0,12000000.0,0.6743,green
2025-07-22,CP06,LNG Feedgas Buyer F,active,6511640.0,0.0,164007.5,6675647.5,20000000.0,20000000.0,0.3338,green
2025-07-22,CP07,LNG Feedgas Buyer G,commissioning,11833915.0,0.0,208310.0,12042225.0,6000000.0,3000000.0,4.0141,red
2025-07-22,CP08,Regional Marketer H,active,10706805.0,11246835.0,-319300.0,0.0,3000000.0,3000000.0,0.0,green
2025-07-23,CP01,Permian Producer A,active,0.0,13317027.5,-992340.0,0.0,8000000.0,8000000.0,0.0,green
2025-07-23,CP02,Haynesville Producer B,active,0.0,8434872.5,-465255.0,0.0,5000000.0,5000000.0,0.0,green
2025-07-23,CP03,Gulf Coast Utility C,active,4875350.0,0.0,387595.0,5262945.0,15000000.0,15000000.0,0.3509,green
2025-07-23,CP04,Texas Power Generator D,active,7792247.5,0.0,1101855.0,8894102.5,10000000.0,10000000.0,0.8894,amber
2025-07-23,CP05,Petrochemical Plant E,active,7935900.0,0.0,432267.5,8368167.5,12000000.0,12000000.0,0.6973,green
2025-07-23,CP06,LNG Feedgas Buyer F,active,6742660.0,0.0,232325.0,6974985.0,20000000.0,20000000.0,0.3487,green
2025-07-23,CP07,LNG Feedgas Buyer G,commissioning,12097510.0,0.0,222177.5,12319687.5,6000000.0,3000000.0,4.1066,red
2025-07-23,CP08,Regional Marketer H,active,11009545.0,11678152.5,-429397.5,0.0,3000000.0,3000000.0,0.0,green
2025-07-24,CP01,Permian Producer A,active,0.0,13559895.0,-912000.0,0.0,8000000.0,8000000.0,0.0,green
2025-07-24,CP02,Haynesville Producer B,active,0.0,8642230.0,-407300.0,0.0,5000000.0,5000000.0,0.0,green
2025-07-24,CP03,Gulf Coast Utility C,active,4899050.0,0.0,372877.5,5271927.5,15000000.0,15000000.0,0.3515,green
2025-07-24,CP04,Texas Power Generator D,active,8050855.0,0.0,997457.5,9048312.5,10000000.0,10000000.0,0.9048,amber
2025-07-24,CP05,Petrochemical Plant E,active,8038600.0,0.0,414165.0,8452765.0,12000000.0,12000000.0,0.7044,green
2025-07-24,CP06,LNG Feedgas Buyer F,active,6975805.0,0.0,203327.5,7179132.5,20000000.0,20000000.0,0.359,green
2025-07-24,CP07,LNG Feedgas Buyer G,commissioning,12363230.0,0.0,190690.0,12553920.0,6000000.0,3000000.0,4.1846,red
2025-07-24,CP08,Regional Marketer H,active,11313785.0,12110345.0,-374630.0,0.0,3000000.0,3000000.0,0.0,green
2025-07-25,CP01,Permian Producer A,active,0.0,6127162.5,-864202.5,0.0,8000000.0,8000000.0,0.0,green
2025-07-25,CP02,Haynesville Producer B,active,0.0,5247337.5,-373862.5,0.0,5000000.0,5000000.0,0.0,green
2025-07-25,CP03,Gulf Coast Utility C,active,616275.0,0.0,359012.5,975287.5,15000000.0,15000000.0,0.065,green
2025-07-25,CP04,Texas Power Generator D,active,6465187.5,0.0,935830.0,7401017.5,10000000.0,10000000.0,0.7401,green
2025-07-25,CP05,Petrochemical Plant E,active,2670525.0,0.0,397070.0,3067595.0,12000000.0,12000000.0,0.2556,green
2025-07-25,CP06,LNG Feedgas Buyer F,active,5963350.0,0.0,190512.5,6153862.5,20000000.0,20000000.0,0.3077,green
2025-07-25,CP07,LNG Feedgas Buyer G,commissioning,6777725.0,0.0,172605.0,6950330.0,6000000.0,3000000.0,2.3168,red
2025-07-25,CP08,Regional Marketer H,active,7701100.0,10860287.5,-346582.5,0.0,3000000.0,3000000.0,0.0,green
2025-07-28,CP01,Permian Producer A,active,0.0,6854540.0,-1035660.0,0.0,8000000.0,8000000.0,0.0,green
2025-07-28,CP02,Haynesville Producer B,active,0.0,5868010.0,-469925.0,0.0,5000000.0,5000000.0,0.0,green
2025-07-28,CP03,Gulf Coast Utility C,active,686850.0,0.0,476292.5,1163142.5,15000000.0,15000000.0,0.0775,green
2025-07-28,CP04,Texas Power Generator D,active,7241010.0,0.0,1071547.5,8312557.5,10000000.0,10000000.0,0.8313,amber
2025-07-28,CP05,Petrochemical Plant E,active,2976350.0,0.0,517060.0,3493410.0,12000000.0,12000000.0,0.2911,green
2025-07-28,CP06,LNG Feedgas Buyer F,active,6659810.0,0.0,172617.5,6832427.5,20000000.0,20000000.0,0.3416,green
2025-07-28,CP07,LNG Feedgas Buyer G,commissioning,7571910.0,0.0,116675.0,7688585.0,6000000.0,3000000.0,2.5629,red
2025-07-28,CP08,Regional Marketer H,active,8611720.0,12155640.0,-336790.0,0.0,3000000.0,3000000.0,0.0,green
2025-07-29,CP01,Permian Producer A,active,0.0,7096532.5,-820965.0,0.0,8000000.0,8000000.0,0.0,green
2025-07-29,CP02,Haynesville Producer B,active,0.0,6074367.5,-330640.0,0.0,5000000.0,5000000.0,0.0,green
2025-07-29,CP03,Gulf Coast Utility C,active,710175.0,0.0,396785.0,1106960.0,15000000.0,15000000.0,0.0738,green
2025-07-29,CP04,Texas Power Generator D,active,7499617.5,0.0,835130.0,8334747.5,10000000.0,10000000.0,0.8335,amber
2025-07-29,CP05,Petrochemical Plant E,active,3077425.0,0.0,422387.5,3499812.5,12000000.0,12000000.0,0.2917,green
2025-07-29,CP06,LNG Feedgas Buyer F,active,6890830.0,0.0,138875.0,7029705.0,20000000.0,20000000.0,0.3515,green
2025-07-29,CP07,LNG Feedgas Buyer G,commissioning,7835505.0,0.0,59942.5,7895447.5,6000000.0,3000000.0,2.6318,red
2025-07-29,CP08,Regional Marketer H,active,8914460.0,12586957.5,-256052.5,0.0,3000000.0,3000000.0,0.0,green
2025-07-30,CP01,Permian Producer A,active,0.0,7336775.0,-793072.5,0.0,8000000.0,8000000.0,0.0,green
2025-07-30,CP02,Haynesville Producer B,active,0.0,6278725.0,-306332.5,0.0,5000000.0,5000000.0,0.0,green
2025-07-30,CP03,Gulf Coast Utility C,active,732750.0,0.0,396560.0,1129310.0,15000000.0,15000000.0,0.0753,green
2025-07-30,CP04,Texas Power Generator D,active,7758225.0,0.0,799122.5,8557347.5,10000000.0,10000000.0,0.8557,amber
2025-07-30,CP05,Petrochemical Plant E,active,3175250.0,0.0,421412.5,3596662.5,12000000.0,12000000.0,0.2997,green
2025-07-30,CP06,LNG Feedgas Buyer F,active,7117600.0,0.0,128455.0,7246055.0,20000000.0,20000000.0,0.3623,green
2025-07-30,CP07,LNG Feedgas Buyer G,commissioning,8094850.0,0.0,38547.5,8133397.5,6000000.0,3000000.0,2.7111,red
2025-07-30,CP08,Regional Marketer H,active,9214200.0,13016525.0,-218575.0,0.0,3000000.0,3000000.0,0.0,green
2025-07-31,CP01,Permian Producer A,active,0.0,7577192.5,-761430.0,0.0,8000000.0,8000000.0,0.0,green
2025-07-31,CP02,Haynesville Producer B,active,0.0,6483282.5,-267050.0,0.0,5000000.0,5000000.0,0.0,green
2025-07-31,CP03,Gulf Coast Utility C,active,755400.0,0.0,396335.0,1151735.0,15000000.0,15000000.0,0.0768,green
2025-07-31,CP04,Texas Power Generator D,active,8016832.5,0.0,749115.0,8765947.5,10000000.0,10000000.0,0.8766,amber
2025-07-31,CP05,Petrochemical Plant E,active,3273400.0,0.0,420437.5,3693837.5,12000000.0,12000000.0,0.3078,green
2025-07-31,CP06,LNG Feedgas Buyer F,active,7344795.0,0.0,110285.0,7455080.0,20000000.0,20000000.0,0.3728,green
2025-07-31,CP07,LNG Feedgas Buyer G,commissioning,8354620.0,0.0,10152.5,8364772.5,6000000.0,3000000.0,2.7883,red
2025-07-31,CP08,Regional Marketer H,active,9514240.0,13446267.5,-158147.5,0.0,3000000.0,3000000.0,0.0,green
2025-08-01,CP01,Permian Producer A,active,0.0,7944940.0,-900675.0,0.0,8000000.0,8000000.0,0.0,green
2025-08-01,CP02,Haynesville Producer B,active,0.0,6623500.0,-366225.0,0.0,5000000.0,5000000.0,0.0,green
2025-08-01,CP03,Gulf Coast Utility C,active,897912.5,0.0,450375.0,1348287.5,15000000.0,15000000.0,0.0899,green
2025-08-01,CP04,Texas Power Generator D,active,8316667.5,0.0,904050.0,9220717.5,10000000.0,10000000.0,0.9221,amber
2025-08-01,CP05,Petrochemical Plant E,active,3387095.0,0.0,485850.0,3872945.0,12000000.0,12000000.0,0.3227,green
2025-08-01,CP06,LNG Feedgas Buyer F,active,7498887.5,0.0,138525.0,7637412.5,20000000.0,20000000.0,0.3819,green
2025-08-01,CP07,LNG Feedgas Buyer G,commissioning,8423460.0,0.0,42450.0,8465910.0,6000000.0,3000000.0,2.822,red
2025-08-01,CP08,Regional Marketer H,active,9660232.5,13750302.5,-210675.0,0.0,3000000.0,3000000.0,0.0,green
2025-08-04,CP01,Permian Producer A,active,0.0,9043232.5,-1010407.5,0.0,8000000.0,8000000.0,0.0,green
2025-08-04,CP02,Haynesville Producer B,active,0.0,7044152.5,-486022.5,0.0,5000000.0,5000000.0,0.0,green
2025-08-04,CP03,Gulf Coast Utility C,active,1323800.0,0.0,487012.5,1810812.5,15000000.0,15000000.0,0.1207,green
2025-08-04,CP04,Texas Power Generator D,active,9213972.5,0.0,1067745.0,10281717.5,10000000.0,10000000.0,1.0282,red
2025-08-04,CP05,Petrochemical Plant E,active,3728180.0,0.0,533790.0,4261970.0,12000000.0,12000000.0,0.3552,green
2025-08-04,CP06,LNG Feedgas Buyer F,active,7956490.0,0.0,218722.5,8175212.5,20000000.0,20000000.0,0.4088,green
2025-08-04,CP07,LNG Feedgas Buyer G,commissioning,8628880.0,0.0,75555.0,8704435.0,6000000.0,3000000.0,2.9015,red
2025-08-04,CP08,Regional Marketer H,active,10098210.0,14659107.5,-298147.5,0.0,3000000.0,3000000.0,0.0,green
2025-08-05,CP01,Permian Producer A,active,0.0,9410080.0,-814785.0,0.0,8000000.0,8000000.0,0.0,green
2025-08-05,CP02,Haynesville Producer B,active,0.0,7184370.0,-351630.0,0.0,5000000.0,5000000.0,0.0,green
2025-08-05,CP03,Gulf Coast Utility C,active,1466012.5,0.0,404625.0,1870637.5,15000000.0,15000000.0,0.1247,green
2025-08-05,CP04,Texas Power Generator D,active,9513407.5,0.0,843010.0,10356417.5,10000000.0,10000000.0,1.0356,red
2025-08-05,CP05,Petrochemical Plant E,active,3841875.0,0.0,437970.0,4279845.0,12000000.0,12000000.0,0.3567,green
2025-08-05,CP06,LNG Feedgas Buyer F,active,8109732.5,0.0,155305.0,8265037.5,20000000.0,20000000.0,0.4133,green
2025-08-05,CP07,LNG Feedgas Buyer G,commissioning,8697520.0,0.0,43590.0,8741110.0,6000000.0,3000000.0,2.9137,red
2025-08-05,CP08,Regional Marketer H,active,10244202.5,14962542.5,-241105.0,0.0,3000000.0,3000000.0,0.0,green
2025-08-06,CP01,Permian Producer A,active,0.0,9778727.5,-708937.5,0.0,8000000.0,8000000.0,0.0,green
2025-08-06,CP02,Haynesville Producer B,active,0.0,7324587.5,-278237.5,0.0,5000000.0,5000000.0,0.0,green
2025-08-06,CP03,Gulf Coast Utility C,active,1608825.0,0.0,361562.5,1970387.5,15000000.0,15000000.0,0.1314,green
2025-08-06,CP04,Texas Power Generator D,active,9813642.5,0.0,721675.0,10535317.5,10000000.0,10000000.0,1.0535,red
2025-08-06,CP05,Petrochemical Plant E,active,3955570.0,0.0,388625.0,4344195.0,12000000.0,12000000.0,0.362,green
2025-08-06,CP06,LNG Feedgas Buyer F,active,8264675.0,0.0,108387.5,8373062.5,20000000.0,20000000.0,0.4187,green
2025-08-06,CP07,LNG Feedgas Buyer G,commissioning,8766560.0,0.0,29500.0,8796060.0,6000000.0,3000000.0,2.932,red
2025-08-06,CP08,Regional Marketer H,active,10390195.0,15267177.5,-203662.5,0.0,3000000.0,3000000.0,0.0,green
2025-08-07,CP01,Permian Producer A,active,0.0,10148725.0,-633690.0,0.0,8000000.0,8000000.0,0.0,green
2025-08-07,CP02,Haynesville Producer B,active,0.0,7464805.0,-238020.0,0.0,5000000.0,5000000.0,0.0,green
2025-08-07,CP03,Gulf Coast Utility C,active,1752087.5,0.0,327300.0,2079387.5,15000000.0,15000000.0,0.1386,green
2025-08-07,CP04,Texas Power Generator D,active,10114477.5,0.0,645840.0,10760317.5,10000000.0,10000000.0,1.076,red
2025-08-07,CP05,Petrochemical Plant E,active,4069265.0,0.0,349680.0,4418945.0,12000000.0,12000000.0,0.3682,green
2025-08-07,CP06,LNG Feedgas Buyer F,active,8420892.5,0.0,104295.0,8525187.5,20000000.0,20000000.0,0.4263,green
2025-08-07,CP07,LNG Feedgas Buyer G,commissioning,8835900.0,0.0,19410.0,8855310.0,6000000.0,3000000.0,2.9518,red
2025-08-07,CP08,Regional Marketer H,active,10536187.5,15572712.5,-181620.0,0.0,3000000.0,3000000.0,0.0,green
2025-08-08,CP01,Permian Producer A,active,0.0,10517822.5,-652942.5,0.0,8000000.0,8000000.0,0.0,green
2025-08-08,CP02,Haynesville Producer B,active,0.0,7605022.5,-257552.5,0.0,5000000.0,5000000.0,0.0,green
2025-08-08,CP03,Gulf Coast Utility C,active,1895050.0,0.0,326312.5,2221362.5,15000000.0,15000000.0,0.1481,green
2025-08-08,CP04,Texas Power Generator D,active,10414912.5,0.0,674805.0,11089717.5,10000000.0,10000000.0,1.109,red
2025-08-08,CP05,Petrochemical Plant E,active,4182960.0,0.0,350060.0,4533020.0,12000000.0,12000000.0,0.3778,green
2025-08-08,CP06,LNG Feedgas Buyer F,active,8576260.0,0.0,144452.5,8720712.5,20000000.0,20000000.0,0.436,green
2025-08-08,CP07,LNG Feedgas Buyer G,commissioning,8905040.0,0.0,24445.0,8929485.0,6000000.0,3000000.0,2.9765,red
2025-08-08,CP08,Regional Marketer H,active,10682180.0,15877647.5,-174777.5,0.0,3000000.0,3000000.0,0.0,green
2025-08-11,CP01,Permian Producer A,active,0.0,11626015.0,-547125.0,0.0,8000000.0,8000000.0,0.0,green
2025-08-11,CP02,Haynesville Producer B,active,0.0,8025675.0,-202175.0,0.0,5000000.0,5000000.0,0.0,green
2025-08-11,CP03,Gulf Coast Utility C,active,2324237.5,0.0,272750.0,2596987.5,15000000.0,15000000.0,0.1731,green
2025-08-11,CP04,Texas Power Generator D,active,11316617.5,0.0,574400.0,11891017.5,10000000.0,10000000.0,1.1891,red
2025-08-11,CP05,Petrochemical Plant E,active,4524045.0,0.0,291400.0,4815445.0,12000000.0,12000000.0,0.4013,green
2025-08-11,CP06,LNG Feedgas Buyer F,active,9043212.5,0.0,151000.0,9194212.5,20000000.0,20000000.0,0.4597,green
2025-08-11,CP07,LNG Feedgas Buyer G,commissioning,9112660.0,0.0,16550.0,9129210.0,6000000.0,3000000.0,3.0431,red
2025-08-11,CP08,Regional Marketer H,active,11120157.5,16793052.5,-144450.0,0.0,3000000.0,3000000.0,0.0,green
2025-08-12,CP01,Permian Producer A,active,0.0,11990612.5,-717952.5,0.0,8000000.0,8000000.0,0.0,green
2025-08-12,CP02,Haynesville Producer B,active,0.0,8165892.5,-452732.5,0.0,5000000.0,5000000.0,0.0,green
2025-08-12,CP03,Gulf Coast Utility C,active,2465700.0,0.0,321812.5,2787512.5,15000000.0,15000000.0,0.1858,green
2025-08-12,CP04,Texas Power Generator D,active,11615052.5,0.0,767215.0,12382267.5,10000000.0,10000000.0,1.2382,red
2025-08-12,CP05,Petrochemical Plant E,active,4637740.0,0.0,350930.0,4988670.0,12000000.0,12000000.0,0.4157,green
2025-08-12,CP06,LNG Feedgas Buyer F,active,9194330.0,0.0,251982.5,9446312.5,20000000.0,20000000.0,0.4723,green
2025-08-12,CP07,LNG Feedgas Buyer G,commissioning,9180800.0,0.0,48835.0,9229635.0,6000000.0,3000000.0,3.0765,red
2025-08-12,CP08,Regional Marketer H,active,11266150.0,17094987.5,-183007.5,0.0,3000000.0,3000000.0,0.0,green
2025-08-13,CP01,Permian Producer A,active,0.0,12356110.0,-652680.0,0.0,8000000.0,8000000.0,0.0,green
2025-08-13,CP02,Haynesville Producer B,active,0.0,8306110.0,-399240.0,0.0,5000000.0,5000000.0,0.0,green
2025-08-13,CP03,Gulf Coast Utility C,active,2607462.5,0.0,297225.0,2904687.5,15000000.0,15000000.0,0.1936,green
2025-08-13,CP04,Texas Power Generator D,active,11913887.5,0.0,692280.0,12606167.5,10000000.0,10000000.0,1.2606,red
2025-08-13,CP05,Petrochemical Plant E,active,4751435.0,0.0,320760.0,5072195.0,12000000.0,12000000.0,0.4227,green
2025-08-13,CP06,LNG Feedgas Buyer F,active,9346297.5,0.0,239415.0,9585712.5,20000000.0,20000000.0,0.4793,green
2025-08-13,CP07,LNG Feedgas Buyer G,commissioning,9249140.0,0.0,39120.0,9288260.0,6000000.0,3000000.0,3.0961,red
2025-08-13,CP08,Regional Marketer H,active,11412142.5,17397522.5,-159615.0,0.0,3000000.0,3000000.0,0.0,green
2025-08-14,CP01,Permian Producer A,active,0.0,12713957.5,-810232.5,0.0,8000000.0,8000000.0,0.0,green
2025-08-14,CP02,Haynesville Producer B,active,0.0,8446327.5,-492597.5,0.0,5000000.0,5000000.0,0.0,green
2025-08-14,CP03,Gulf Coast Utility C,active,2746675.0,0.0,362562.5,3109237.5,15000000.0,15000000.0,0.2073,green
2025-08-14,CP04,Texas Power Generator D,active,12209322.5,0.0,851495.0,13060817.5,10000000.0,10000000.0,1.3061,red
2025-08-14,CP05,Petrochemical Plant E,active,4865130.0,0.0,396865.0,5261995.0,12000000.0,12000000.0,0.4385,green
2025-08-14,CP06,LNG Feedgas Buyer F,active,9491040.0,0.0,248822.5,9739862.5,20000000.0,20000000.0,0.487,green
2025-08-14,CP07,LNG Feedgas Buyer G,commissioning,9315780.0,0.0,71330.0,9387110.0,6000000.0,3000000.0,3.129,red
2025-08-14,CP08,Regional Marketer H,active,11558135.0,17694957.5,-180697.5,0.0,3000000.0,3000000.0,0.0,green
2025-08-15,CP01,Permian Producer A,active,0.0,13080805.0,-526635.0,0.0,8000000.0,8000000.0,0.0,green
2025-08-15,CP02,Haynesville Producer B,active,0.0,8586545.0,-250155.0,0.0,5000000.0,5000000.0,0.0,green
2025-08-15,CP03,Gulf Coast Utility C,active,2888887.5,0.0,247875.0,3136762.5,15000000.0,15000000.0,0.2091,green
2025-08-15,CP04,Texas Power Generator D,active,12508757.5,0.0,526010.0,13034767.5,10000000.0,10000000.0,1.3035,red
2025-08-15,CP05,Petrochemical Plant E,active,4978825.0,0.0,269520.0,5248345.0,12000000.0,12000000.0,0.4374,green
2025-08-15,CP06,LNG Feedgas Buyer F,active,9644282.5,0.0,174080.0,9818362.5,20000000.0,20000000.0,0.4909,green
2025-08-15,CP07,LNG Feedgas Buyer G,commissioning,9384420.0,0.0,15990.0,9400410.0,6000000.0,3000000.0,3.1335,red
2025-08-15,CP08,Regional Marketer H,active,11704127.5,17998392.5,-132380.0,0.0,3000000.0,3000000.0,0.0,green
2025-08-18,CP01,Permian Producer A,active,0.0,14180447.5,-457192.5,0.0,8000000.0,8000000.0,0.0,green
2025-08-18,CP02,Haynesville Producer B,active,0.0,9007197.5,-249752.5,0.0,5000000.0,5000000.0,0.0,green
2025-08-18,CP03,Gulf Coast Utility C,active,3315225.0,0.0,210287.5,3525512.5,15000000.0,15000000.0,0.235,green
2025-08-18,CP04,Texas Power Generator D,active,13406662.5,0.0,470005.0,13876667.5,10000000.0,10000000.0,1.3877,red
2025-08-18,CP05,Petrochemical Plant E,active,5319910.0,0.0,227435.0,5547345.0,12000000.0,12000000.0,0.4623,green
2025-08-18,CP06,LNG Feedgas Buyer F,active,10103160.0,0.0,178902.5,10282062.5,20000000.0,20000000.0,0.5141,green
2025-08-18,CP07,LNG Feedgas Buyer G,commissioning,9590140.0,0.0,18370.0,9608510.0,6000000.0,3000000.0,3.2028,red
2025-08-18,CP08,Regional Marketer H,active,12142105.0,18908097.5,-102502.5,0.0,3000000.0,3000000.0,0.0,green
2025-08-19,CP01,Permian Producer A,active,0.0,14542345.0,-534345.0,0.0,8000000.0,8000000.0,0.0,green
2025-08-19,CP02,Haynesville Producer B,active,0.0,9147415.0,-411735.0,0.0,5000000.0,5000000.0,0.0,green
2025-08-19,CP03,Gulf Coast Utility C,active,3455787.5,0.0,233175.0,3688962.5,15000000.0,15000000.0,0.2459,green
2025-08-19,CP04,Texas Power Generator D,active,13703897.5,0.0,605970.0,14309867.5,10000000.0,10000000.0,1.431,red
2025-08-19,CP05,Petrochemical Plant E,active,5433605.0,0.0,245040.0,5678645.0,12000000.0,12000000.0,0.4732,green
2025-08-19,CP06,LNG Feedgas Buyer F,active,10251727.5,0.0,257010.0,10508737.5,20000000.0,20000000.0,0.5254,green
2025-08-19,CP07,LNG Feedgas Buyer G,commissioning,9657680.0,0.0,48630.0,9706310.0,6000000.0,3000000.0,3.2354,red
2025-08-19,CP08,Regional Marketer H,active,12288097.5,19208232.5,-44010.0,0.0,3000000.0,3000000.0,0.0,green
2025-08-20,CP01,Permian Producer A,active,0.0,14901092.5,-551497.5,0.0,8000000.0,8000000.0,0.0,green
2025-08-20,CP02,Haynesville Producer B,active,0.0,9287632.5,-441967.5,0.0,5000000.0,5000000.0,0.0,green
2025-08-20,CP03,Gulf Coast Utility C,active,3595300.0,0.0,236812.5,3832112.5,15000000.0,15000000.0,0.2555,green
2025-08-20,CP04,Texas Power Generator D,active,13999732.5,0.0,647185.0,14646917.5,10000000.0,10000000.0,1.4647,red
2025-08-20,CP05,Petrochemical Plant E,active,5547300.0,0.0,249645.0,5796945.0,12000000.0,12000000.0,0.4831,green
2025-08-20,CP06,LNG Feedgas Buyer F,active,10397320.0,0.0,266117.5,10663437.5,20000000.0,20000000.0,0.5332,green
2025-08-20,CP07,LNG Feedgas Buyer G,commissioning,9724520.0,0.0,57390.0,9781910.0,6000000.0,3000000.0,3.2606,red
2025-08-20,CP08,Regional Marketer H,active,12434090.0,19506267.5,-47417.5,0.0,3000000.0,3000000.0,0.0,green
2025-08-21,CP01,Permian Producer A,active,0.0,15263440.0,-431550.0,0.0,8000000.0,8000000.0,0.0,green
2025-08-21,CP02,Haynesville Producer B,active,0.0,9427850.0,-263000.0,0.0,5000000.0,5000000.0,0.0,green
2025-08-21,CP03,Gulf Coast Utility C,active,3736012.5,0.0,188750.0,3924762.5,15000000.0,15000000.0,0.2617,green
2025-08-21,CP04,Texas Power Generator D,active,14297167.5,0.0,453000.0,14750167.5,10000000.0,10000000.0,1.475,red
2025-08-21,CP05,Petrochemical Plant E,active,5660995.0,0.0,200950.0,5861945.0,12000000.0,12000000.0,0.4885,green
2025-08-21,CP06,LNG Feedgas Buyer F,active,10546312.5,0.0,210125.0,10756437.5,20000000.0,20000000.0,0.5378,green
2025-08-21,CP07,LNG Feedgas Buyer G,commissioning,9792160.0,0.0,45950.0,9838110.0,6000000.0,3000000.0,3.2794,red
2025-08-21,CP08,Regional Marketer H,active,12580082.5,19806702.5,-2725.0,0.0,3000000.0,3000000.0,0.0,green
2025-08-22,CP01,Permian Producer A,active,0.0,15620387.5,-504502.5,0.0,8000000.0,8000000.0,0.0,green
2025-08-22,CP02,Haynesville Producer B,active,0.0,9568067.5,-550282.5,0.0,5000000.0,5000000.0,0.0,green
2025-08-22,CP03,Gulf Coast Utility C,active,3874925.0,0.0,209737.5,4084662.5,15000000.0,15000000.0,0.2723,green
2025-08-22,CP04,Texas Power Generator D,active,14592202.5,0.0,653565.0,15245767.5,10000000.0,10000000.0,1.5246,red
2025-08-22,CP05,Petrochemical Plant E,active,5774690.0,0.0,215955.0,5990645.0,12000000.0,12000000.0,0.4992,green
2025-08-22,CP06,LNG Feedgas Buyer F,active,10690205.0,0.0,290032.5,10980237.5,20000000.0,20000000.0,0.549,green
2025-08-22,CP07,LNG Feedgas Buyer G,commissioning,9858600.0,0.0,75810.0,9934410.0,6000000.0,3000000.0,3.3115,red
2025-08-22,CP08,Regional Marketer H,active,12726075.0,20103537.5,-42682.5,0.0,3000000.0,3000000.0,0.0,green
2025-08-25,CP01,Permian Producer A,active,0.0,9114037.5,-359010.0,0.0,8000000.0,8000000.0,0.0,green
2025-08-25,CP02,Haynesville Producer B,active,0.0,3505437.5,-485580.0,0.0,5000000.0,5000000.0,0.0,green
2025-08-25,CP03,Gulf Coast Utility C,active,3536262.5,0.0,149550.0,3685812.5,15000000.0,15000000.0,0.2457,green
2025-08-25,CP04,Texas Power Generator D,active,7460475.0,0.0,516210.0,7976685.0,10000000.0,10000000.0,0.7977,amber
2025-08-25,CP05,Petrochemical Plant E,active,2842375.0,0.0,143970.0,2986345.0,12000000.0,12000000.0,0.2489,green
2025-08-25,CP06,LNG Feedgas Buyer F,active,3777087.5,0.0,273555.0,4050642.5,20000000.0,20000000.0,0.2025,green
2025-08-25,CP07,LNG Feedgas Buyer G,commissioning,1703300.0,0.0,63090.0,1766390.0,6000000.0,3000000.0,0.5888,green
2025-08-25,CP08,Regional Marketer H,active,3649812.5,7547775.0,8895.0,0.0,3000000.0,3000000.0,0.0,green
2025-08-26,CP01,Permian Producer A,active,0.0,9473685.0,-281287.5,0.0,8000000.0,8000000.0,0.0,green
2025-08-26,CP02,Haynesville Producer B,active,0.0,3645655.0,-407387.5,0.0,5000000.0,5000000.0,0.0,green
2025-08-26,CP03,Gulf Coast Utility C,active,3676075.0,0.0,114962.5,3791037.5,15000000.0,15000000.0,0.2527,green
2025-08-26,CP04,Texas Power Generator D,active,7756710.0,0.0,421800.0,8178510.0,10000000.0,10000000.0,0.8179,amber
2025-08-26,CP05,Petrochemical Plant E,active,2956070.0,0.0,110225.0,3066295.0,12000000.0,12000000.0,0.2555,green
2025-08-26,CP06,LNG Feedgas Buyer F,active,3923530.0,0.0,252812.5,4176342.5,20000000.0,20000000.0,0.2088,green
2025-08-26,CP07,LNG Feedgas Buyer G,commissioning,1770340.0,0.0,65350.0,1835690.0,6000000.0,3000000.0,0.6119,green
2025-08-26,CP08,Regional Marketer H,active,3795805.0,7846410.0,32012.5,0.0,3000000.0,3000000.0,0.0,green
2025-08-27,CP01,Permian Producer A,active,0.0,9836032.5,-130440.0,0.0,8000000.0,8000000.0,0.0,green
2025-08-27,CP02,Haynesville Producer B,active,0.0,3785872.5,-73070.0,0.0,5000000.0,5000000.0,0.0,green
2025-08-27,CP03,Gulf Coast Utility C,active,3816787.5,0.0,54650.0,3871437.5,15000000.0,15000000.0,0.2581,green
2025-08-27,CP04,Texas Power Generator D,active,8054145.0,0.0,171315.0,8225460.0,10000000.0,10000000.0,0.8225,amber
2025-08-27,CP05,Petrochemical Plant E,active,3069765.0,0.0,80380.0,3150145.0,12000000.0,12000000.0,0.2625,green
2025-08-27,CP06,LNG Feedgas Buyer F,active,4072522.5,0.0,155570.0,4228092.5,20000000.0,20000000.0,0.2114,green
2025-08-27,CP07,LNG Feedgas Buyer G,commissioning,1837980.0,0.0,13760.0,1851740.0,6000000.0,3000000.0,0.6172,green
2025-08-27,CP08,Regional Marketer H,active,3941797.5,8146845.0,66455.0,0.0,3000000.0,3000000.0,0.0,green
2025-08-28,CP01,Permian Producer A,active,0.0,10199280.0,-74092.5,0.0,8000000.0,8000000.0,0.0,green
2025-08-28,CP02,Haynesville Producer B,active,0.0,3926090.0,-45727.5,0.0,5000000.0,5000000.0,0.0,green
2025-08-28,CP03,Gulf Coast Utility C,active,3957800.0,0.0,41662.5,3999462.5,15000000.0,15000000.0,0.2666,green
2025-08-28,CP04,Texas Power Generator D,active,8351980.0,0.0,128880.0,8480860.0,10000000.0,10000000.0,0.8481,amber
2025-08-28,CP05,Petrochemical Plant E,active,3183460.0,0.0,58335.0,3241795.0,12000000.0,12000000.0,0.2701,green
2025-08-28,CP06,LNG Feedgas Buyer F,active,4222365.0,0.0,150127.5,4372492.5,20000000.0,20000000.0,0.2186,green
2025-08-28,CP07,LNG Feedgas Buyer G,commissioning,1905820.0,0.0,10170.0,1915990.0,6000000.0,3000000.0,0.6387,green
2025-08-28,CP08,Regional Marketer H,active,4087790.0,8447880.0,78097.5,0.0,3000000.0,3000000.0,0.0,green
2025-08-29,CP01,Permian Producer A,active,0.0,10561627.5,-15150.0,0.0,8000000.0,8000000.0,0.0,green
2025-08-29,CP02,Haynesville Producer B,active,0.0,4066307.5,-18137.5,0.0,5000000.0,5000000.0,0.0,green
2025-08-29,CP03,Gulf Coast Utility C,active,4098512.5,0.0,12677.5,4111190.0,15000000.0,15000000.0,0.2741,green
2025-08-29,CP04,Texas Power Generator D,active,8649415.0,0.0,94845.0,8744260.0,10000000.0,10000000.0,0.8744,amber
2025-08-29,CP05,Petrochemical Plant E,active,3297155.0,0.0,40190.0,3337345.0,12000000.0,12000000.0,0.2781,green
2025-08-29,CP06,LNG Feedgas Buyer F,active,4371357.5,0.0,145585.0,4516942.5,20000000.0,20000000.0,0.2258,green
2025-08-29,CP07,LNG Feedgas Buyer G,commissioning,1973460.0,0.0,8080.0,1981540.0,6000000.0,3000000.0,0.6605,green
2025-08-29,CP08,Regional Marketer H,active,4233782.5,8748315.0,87340.0,0.0,3000000.0,3000000.0,0.0,green
2025-09-02,CP01,Permian Producer A,active,0.0,11526947.5,-67775.0,0.0,8000000.0,8000000.0,0.0,green
2025-09-02,CP02,Haynesville Producer B,active,0.0,4901307.5,-295222.5,0.0,5000000.0,5000000.0,0.0,green
2025-09-02,CP03,Gulf Coast Utility C,active,4435652.5,0.0,28172.5,4463825.0,15000000.0,15000000.0,0.2976,green
2025-09-02,CP04,Texas Power Generator D,active,9503155.0,0.0,215880.0,9719035.0,10000000.0,10000000.0,0.9719,amber
2025-09-02,CP05,Petrochemical Plant E,active,3524545.0,0.0,0.0,3524545.0,12000000.0,12000000.0,0.2937,green
2025-09-02,CP06,LNG Feedgas Buyer F,active,4848862.5,0.0,220080.0,5068942.5,20000000.0,20000000.0,0.2534,green
2025-09-02,CP07,LNG Feedgas Buyer G,commissioning,2319690.0,0.0,49000.0,2368690.0,6000000.0,3000000.0,0.7896,amber
2025-09-02,CP08,Regional Marketer H,active,4980447.5,9755185.0,110245.0,0.0,3000000.0,3000000.0,0.0,green
2025-09-03,CP01,Permian Producer A,active,0.0,11649360.0,225712.5,0.0,8000000.0,8000000.0,0.0,green
2025-09-03,CP02,Haynesville Producer B,active,0.0,5184890.0,275647.5,0.0,5000000.0,5000000.0,0.0,green
2025-09-03,CP03,Gulf Coast Utility C,active,4464035.0,0.0,-80097.5,4383937.5,15000000.0,15000000.0,0.2923,green
2025-09-03,CP04,Texas Power Generator D,active,9633115.0,0.0,-136080.0,9497035.0,10000000.0,10000000.0,0.9497,amber
2025-09-03,CP05,Petrochemical Plant E,active,3524545.0,0.0,0.0,3524545.0,12000000.0,12000000.0,0.2937,green
2025-09-03,CP06,LNG Feedgas Buyer F,active,4940722.5,0.0,50220.0,4990942.5,20000000.0,20000000.0,0.2495,green
2025-09-03,CP07,LNG Feedgas Buyer G,commissioning,2430940.0,0.0,-33750.0,2397190.0,6000000.0,3000000.0,0.7991,amber
2025-09-03,CP08,Regional Marketer H,active,5214087.5,9962385.0,127305.0,0.0,3000000.0,3000000.0,0.0,green
2025-09-04,CP01,Permian Producer A,active,0.0,11772872.5,318225.0,0.0,8000000.0,8000000.0,0.0,green
2025-09-04,CP02,Haynesville Producer B,active,0.0,5471772.5,462105.0,0.0,5000000.0,5000000.0,0.0,green
2025-09-04,CP03,Gulf Coast Utility C,active,4492692.5,0.0,-108455.0,4384237.5,15000000.0,15000000.0,0.2923,green
2025-09-04,CP04,Texas Power Generator D,active,9763350.0,0.0,-252590.0,9510760.0,10000000.0,10000000.0,0.9511,amber
2025-09-04,CP05,Petrochemical Plant E,active,3524545.0,0.0,0.0,3524545.0,12000000.0,12000000.0,0.2937,green
2025-09-04,CP06,LNG Feedgas Buyer F,active,5033682.5,0.0,-8840.0,5024842.5,20000000.0,20000000.0,0.2512,green
2025-09-04,CP07,LNG Feedgas Buyer G,commissioning,2545215.0,0.0,-61100.0,2484115.0,6000000.0,3000000.0,0.828,amber
2025-09-04,CP08,Regional Marketer H,active,5451027.5,10171785.0,158415.0,0.0,3000000.0,3000000.0,0.0,green
2025-09-05,CP01,Permian Producer A,active,0.0,11895785.0,248722.5,0.0,8000000.0,8000000.0,0.0,green
2025-09-05,CP02,Haynesville Producer B,active,0.0,5756855.0,338467.5,0.0,5000000.0,5000000.0,0.0,green
2025-09-05,CP03,Gulf Coast Utility C,active,4521200.0,0.0,-72597.5,4448602.5,15000000.0,15000000.0,0.2966,green
2025-09-05,CP04,Texas Power Generator D,active,9893435.0,0.0,-179125.0,9714310.0,10000000.0,10000000.0,0.9714,amber
2025-09-05,CP05,Petrochemical Plant E,active,3524545.0,0.0,0.0,3524545.0,12000000.0,12000000.0,0.2937,green
2025-09-05,CP06,LNG Feedgas Buyer F,active,5126042.5,0.0,21500.0,5147542.5,20000000.0,20000000.0,0.2574,green
2025-09-05,CP07,LNG Feedgas Buyer G,commissioning,2657840.0,0.0,-43750.0,2614090.0,6000000.0,3000000.0,0.8714,amber
2025-09-05,CP08,Regional Marketer H,active,5686167.5,10379985.0,140220.0,0.0,3000000.0,3000000.0,0.0,green
2025-09-08,CP01,Permian Producer A,active,0.0,12265022.5,283865.0,0.0,8000000.0,8000000.0,0.0,green
2025-09-08,CP02,Haynesville Producer B,active,0.0,6613602.5,385605.0,0.0,5000000.0,5000000.0,0.0,green
2025-09-08,CP03,Gulf Coast Utility C,active,4606847.5,0.0,-110675.0,4496172.5,15000000.0,15000000.0,0.2997,green
2025-09-08,CP04,Texas Power Generator D,active,10283815.0,0.0,-204380.0,10079435.0,10000000.0,10000000.0,1.0079,red
2025-09-08,CP05,Petrochemical Plant E,active,3524545.0,0.0,0.0,3524545.0,12000000.0,12000000.0,0.2937,green
2025-09-08,CP06,LNG Feedgas Buyer F,active,5403622.5,0.0,-3080.0,5400542.5,20000000.0,20000000.0,0.27,green
2025-09-08,CP07,LNG Feedgas Buyer G,commissioning,2997090.0,0.0,-49500.0,2947590.0,6000000.0,3000000.0,0.9825,amber
2025-09-08,CP08,Regional Marketer H,active,6393087.5,11005585.0,169835.0,0.0,3000000.0,3000000.0,0.0,green
2025-09-09,CP01,Permian Producer A,active,0.0,12388635.0,301732.5,0.0,8000000.0,8000000.0,0.0,green
2025-09-09,CP02,Haynesville Producer B,active,0.0,6900785.0,404565.0,0.0,5000000.0,5000000.0,0.0,green
2025-09-09,CP03,Gulf Coast Utility C,active,4635530.0,0.0,-127500.0,4508030.0,15000000.0,15000000.0,0.3005,green
2025-09-09,CP04,Texas Power Generator D,active,10414075.0,0.0,-212940.0,10201135.0,10000000.0,10000000.0,1.0201,red
2025-09-09,CP05,Petrochemical Plant E,active,3524545.0,0.0,0.0,3524545.0,12000000.0,12000000.0,0.2937,green
2025-09-09,CP06,LNG Feedgas Buyer F,active,5496682.5,0.0,-11340.0,5485342.5,20000000.0,20000000.0,0.2743,green
2025-09-09,CP07,LNG Feedgas Buyer G,commissioning,3111640.0,0.0,-46800.0,3064840.0,6000000.0,3000000.0,1.0216,red
2025-09-09,CP08,Regional Marketer H,active,6630327.5,11215185.0,191805.0,0.0,3000000.0,3000000.0,0.0,green
2025-09-10,CP01,Permian Producer A,active,0.0,12509947.5,120925.0,0.0,8000000.0,8000000.0,0.0,green
2025-09-10,CP02,Haynesville Producer B,active,0.0,7181067.5,56587.5,0.0,5000000.0,5000000.0,0.0,green
2025-09-10,CP03,Gulf Coast Utility C,active,4663637.5,0.0,11972.5,4675610.0,15000000.0,15000000.0,0.3117,green
2025-09-10,CP04,Texas Power Generator D,active,10543760.0,0.0,-325.0,10543435.0,10000000.0,10000000.0,1.0543,red
2025-09-10,CP05,Petrochemical Plant E,active,3524545.0,0.0,0.0,3524545.0,12000000.0,12000000.0,0.2937,green
2025-09-10,CP06,LNG Feedgas Buyer F,active,5587442.5,0.0,81200.0,5668642.5,20000000.0,20000000.0,0.2834,green
2025-09-10,CP07,LNG Feedgas Buyer G,commissioning,3219865.0,0.0,15290.0,3235155.0,6000000.0,3000000.0,1.0784,red
2025-09-10,CP08,Regional Marketer H,active,6860667.5,11420185.0,101200.0,0.0,3000000.0,3000000.0,0.0,green
2025-09-11,CP01,Permian Producer A,active,0.0,12630460.0,-33062.5,0.0,8000000.0,8000000.0,0.0,green
2025-09-11,CP02,Haynesville Producer B,active,0.0,7458950.0,-60292.5,0.0,5000000.0,5000000.0,0.0,green
2025-09-11,CP03,Gulf Coast Utility C,active,4691545.0,0.0,127240.0,4818785.0,15000000.0,15000000.0,0.3213,green
2025-09-11,CP04,Texas Power Generator D,active,10673245.0,0.0,93702.5,10766947.5,10000000.0,10000000.0,1.0767,red
2025-09-11,CP05,Petrochemical Plant E,active,3524545.0,0.0,0.0,3524545.0,12000000.0,12000000.0,0.2937,green
2025-09-11,CP06,LNG Feedgas Buyer F,active,5677402.5,0.0,107540.0,5784942.5,20000000.0,20000000.0,0.2892,green
2025-09-11,CP07,LNG Feedgas Buyer G,commissioning,3325890.0,0.0,50015.0,3375905.0,6000000.0,3000000.0,1.1253,red
2025-09-11,CP08,Regional Marketer H,active,7088607.5,11623585.0,34447.5,0.0,3000000.0,3000000.0,0.0,green
2025-09-12,CP01,Permian Producer A,active,0.0,12751472.5,4870.0,0.0,8000000.0,8000000.0,0.0,green
2025-09-12,CP02,Haynesville Producer B,active,0.0,7738332.5,8162.5,0.0,5000000.0,5000000.0,0.0,green
2025-09-12,CP03,Gulf Coast Utility C,active,4719577.5,0.0,113087.5,4832665.0,15000000.0,15000000.0,0.3222,green
2025-09-12,CP04,Texas Power Generator D,active,10802855.0,0.0,50790.0,10853645.0,10000000.0,10000000.0,1.0854,red
2025-09-12,CP05,Petrochemical Plant E,active,3524545.0,0.0,0.0,3524545.0,12000000.0,12000000.0,0.2937,green
2025-09-12,CP06,LNG Feedgas Buyer F,active,5767862.5,0.0,83880.0,5851742.5,20000000.0,20000000.0,0.2926,green
2025-09-12,CP07,LNG Feedgas Buyer G,commissioning,3433290.0,0.0,38195.0,3471485.0,6000000.0,3000000.0,1.1572,red
2025-09-12,CP08,Regional Marketer H,active,7318047.5,11827985.0,36487.5,0.0,3000000.0,3000000.0,0.0,green
2025-09-15,CP01,Permian Producer A,active,0.0,13115910.0,182177.5,0.0,8000000.0,8000000.0,0.0,green
2025-09-15,CP02,Haynesville Producer B,active,0.0,8580680.0,209170.0,0.0,5000000.0,5000000.0,0.0,green
2025-09-15,CP03,Gulf Coast Utility C,active,4804025.0,0.0,-11630.0,4792395.0,15000000.0,15000000.0,0.3195,green
2025-09-15,CP04,Texas Power Generator D,active,11192035.0,0.0,-64905.0,11127130.0,10000000.0,10000000.0,1.1127,red
2025-09-15,CP05,Petrochemical Plant E,active,3524545.0,0.0,0.0,3524545.0,12000000.0,12000000.0,0.2937,green
2025-09-15,CP06,LNG Feedgas Buyer F,active,6040642.5,0.0,41850.0,6082492.5,20000000.0,20000000.0,0.3041,green
2025-09-15,CP07,LNG Feedgas Buyer G,commissioning,3759340.0,0.0,-14875.0,3744465.0,6000000.0,3000000.0,1.2482,red
2025-09-15,CP08,Regional Marketer H,active,8010567.5,12443985.0,78397.5,0.0,3000000.0,3000000.0,0.0,green
2025-09-16,CP01,Permian Producer A,active,0.0,13239022.5,274040.0,0.0,8000000.0,8000000.0,0.0,green
2025-09-16,CP02,Haynesville Producer B,active,0.0,8866362.5,303602.5,0.0,5000000.0,5000000.0,0.0,green
2025-09-16,CP03,Gulf Coast Utility C,active,4832582.5,0.0,-82462.5,4750120.0,15000000.0,15000000.0,0.3167,green
2025-09-16,CP04,Texas Power Generator D,active,11322170.0,0.0,-115465.0,11206705.0,10000000.0,10000000.0,1.1207,red
2025-09-16,CP05,Petrochemical Plant E,active,3524545.0,0.0,0.0,3524545.0,12000000.0,12000000.0,0.2937,green
2025-09-16,CP06,LNG Feedgas Buyer F,active,6133202.5,0.0,-5185.0,6128017.5,20000000.0,20000000.0,0.3064,green
2025-09-16,CP07,LNG Feedgas Buyer G,commissioning,3872515.0,0.0,-42025.0,3830490.0,6000000.0,3000000.0,1.2768,red
2025-09-16,CP08,Regional Marketer H,active,8246307.5,12652585.0,118757.5,0.0,3000000.0,3000000.0,0.0,green
2025-09-17,CP01,Permian Producer A,active,0.0,13363335.0,314122.5,0.0,8000000.0,8000000.0,0.0,green
2025-09-17,CP02,Haynesville Producer B,active,0.0,9155645.0,414325.0,0.0,5000000.0,5000000.0,0.0,green
2025-09-17,CP03,Gulf Coast Utility C,active,4861440.0,0.0,-88765.0,4772675.0,15000000.0,15000000.0,0.3182,green
2025-09-17,CP04,Texas Power Generator D,active,11452605.0,0.0,-173052.5,11279552.5,10000000.0,10000000.0,1.128,red
2025-09-17,CP05,Petrochemical Plant E,active,3524545.0,0.0,13950.0,3538495.0,12000000.0,12000000.0,0.2949,green
2025-09-17,CP06,LNG Feedgas Buyer F,active,6226962.5,0.0,-35450.0,6191512.5,20000000.0,20000000.0,0.3096,green
2025-09-17,CP07,LNG Feedgas Buyer G,commissioning,3988990.0,0.0,-54745.0,3934245.0,6000000.0,3000000.0,1.3114,red
2025-09-17,CP08,Regional Marketer H,active,8485647.5,12863585.0,115752.5,0.0,3000000.0,3000000.0,0.0,green
2025-09-18,CP01,Permian Producer A,active,0.0,13486747.5,93075.0,0.0,8000000.0,8000000.0,0.0,green
2025-09-18,CP02,Haynesville Producer B,active,0.0,9442227.5,219862.5,0.0,5000000.0,5000000.0,0.0,green
2025-09-18,CP03,Gulf Coast Utility C,active,4890072.5,0.0,97062.5,4987135.0,15000000.0,15000000.0,0.3325,green
2025-09-18,CP04,Texas Power Generator D,active,11582815.0,0.0,-69630.0,11513185.0,10000000.0,10000000.0,1.1513,red
2025-09-18,CP05,Petrochemical Plant E,active,3524545.0,0.0,88815.0,3613360.0,12000000.0,12000000.0,0.3011,green
2025-09-18,CP06,LNG Feedgas Buyer F,active,6319822.5,0.0,62955.0,6382777.5,20000000.0,20000000.0,0.3191,green
2025-09-18,CP07,LNG Feedgas Buyer G,commissioning,4102990.0,0.0,9115.0,4112105.0,6000000.0,3000000.0,1.3707,red
2025-09-18,CP08,Regional Marketer H,active,8722287.5,13072785.0,-41092.5,0.0,3000000.0,3000000.0,0.0,green
2025-09-19,CP01,Permian Producer A,active,0.0,13608060.0,-45672.5,0.0,8000000.0,8000000.0,0.0,green
2025-09-19,CP02,Haynesville Producer B,active,0.0,9722510.0,16650.0,0.0,5000000.0,5000000.0,0.0,green
2025-09-19,CP03,Gulf Coast Utility C,active,4918180.0,0.0,176740.0,5094920.0,15000000.0,15000000.0,0.3397,green
2025-09-19,CP04,Texas Power Generator D,active,11712500.0,0.0,49692.5,11762192.5,10000000.0,10000000.0,1.1762,red
2025-09-19,CP05,Petrochemical Plant E,active,3524545.0,0.0,112530.0,3637075.0,12000000.0,12000000.0,0.3031,green
2025-09-19,CP06,LNG Feedgas Buyer F,active,6410582.5,0.0,133010.0,6543592.5,20000000.0,20000000.0,0.3272,green
2025-09-19,CP07,LNG Feedgas Buyer G,commissioning,4211215.0,0.0,68875.0,4280090.0,6000000.0,3000000.0,1.4267,red
2025-09-19,CP08,Regional Marketer H,active,8952627.5,13277785.0,-93837.5,0.0,3000000.0,3000000.0,0.0,green
2025-09-22,CP01,Permian Producer A,active,0.0,13972097.5,-136580.0,0.0,8000000.0,8000000.0,0.0,green
2025-09-22,CP02,Haynesville Producer B,active,0.0,10563657.5,-33267.5,0.0,5000000.0,5000000.0,0.0,green
2025-09-22,CP03,Gulf Coast Utility C,active,5002527.5,0.0,280197.5,5282725.0,15000000.0,15000000.0,0.3522,green
2025-09-22,CP04,Texas Power Generator D,active,12101580.0,0.0,66452.5,12168032.5,10000000.0,10000000.0,1.2168,red
2025-09-22,CP05,Petrochemical Plant E,active,3524545.0,0.0,150660.0,3675205.0,12000000.0,12000000.0,0.3063,green
2025-09-22,CP06,LNG Feedgas Buyer F,active,6682962.5,0.0,157360.0,6840322.5,20000000.0,20000000.0,0.342,green
2025-09-22,CP07,LNG Feedgas Buyer G,commissioning,4536165.0,0.0,93945.0,4630110.0,6000000.0,3000000.0,1.5434,red
2025-09-22,CP08,Regional Marketer H,active,9643947.5,13892985.0,-141367.5,0.0,3000000.0,3000000.0,0.0,green
2025-09-23,CP01,Permian Producer A,active,0.0,14093110.0,-96522.5,0.0,8000000.0,8000000.0,0.0,green
2025-09-23,CP02,Haynesville Producer B,active,0.0,10843040.0,-11245.0,0.0,5000000.0,5000000.0,0.0,green
2025-09-23,CP03,Gulf Coast Utility C,active,5030560.0,0.0,238835.0,5269395.0,15000000.0,15000000.0,0.3513,green
2025-09-23,CP04,Texas Power Generator D,active,12231190.0,0.0,70540.0,12301730.0,10000000.0,10000000.0,1.2302,red
2025-09-23,CP05,Petrochemical Plant E,active,3524545.0,0.0,128805.0,3653350.0,12000000.0,12000000.0,0.3044,green
2025-09-23,CP06,LNG Feedgas Buyer F,active,6773422.5,0.0,155845.0,6929267.5,20000000.0,20000000.0,0.3465,green
2025-09-23,CP07,LNG Feedgas Buyer G,commissioning,4643565.0,0.0,82425.0,4725990.0,6000000.0,3000000.0,1.5753,red
2025-09-23,CP08,Regional Marketer H,active,9873387.5,14097385.0,-102047.5,0.0,3000000.0,3000000.0,0.0,green
2025-09-24,CP01,Permian Producer A,active,0.0,14214322.5,-78435.0,0.0,8000000.0,8000000.0,0.0,green
2025-09-24,CP02,Haynesville Producer B,active,0.0,11123022.5,2812.5,0.0,5000000.0,5000000.0,0.0,green
2025-09-24,CP03,Gulf Coast Utility C,active,5058642.5,0.0,229977.5,5288620.0,15000000.0,15000000.0,0.3526,green
2025-09-24,CP04,Texas Power Generator D,active,12360850.0,0.0,62980.0,12423830.0,10000000.0,10000000.0,1.2424,red
2025-09-24,CP05,Petrochemical Plant E,active,3524545.0,0.0,126480.0,3651025.0,12000000.0,12000000.0,0.3043,green
2025-09-24,CP06,LNG Feedgas Buyer F,active,6864082.5,0.0,146460.0,7010542.5,20000000.0,20000000.0,0.3505,green
2025-09-24,CP07,LNG Feedgas Buyer G,commissioning,4751515.0,0.0,79525.0,4831040.0,6000000.0,3000000.0,1.6103,red
2025-09-24,CP08,Regional Marketer H,active,10103427.5,14302185.0,-100687.5,0.0,3000000.0,3000000.0,0.0,green
2025-09-25,CP01,Permian Producer A,active,0.0,3050212.5,3122.5,0.0,8000000.0,8000000.0,0.0,green
2025-09-25,CP02,Haynesville Producer B,active,0.0,7059262.5,94955.0,0.0,5000000.0,5000000.0,0.0,green
2025-09-25,CP03,Gulf Coast Utility C,active,707037.5,0.0,148515.0,855552.5,15000000.0,15000000.0,0.057,green
2025-09-25,CP04,Texas Power Generator D,active,3246475.0,0.0,27410.0,3273885.0,10000000.0,10000000.0,0.3274,green
2025-09-25,CP05,Petrochemical Plant E,active,0.0,0.0,105090.0,105090.0,12000000.0,12000000.0,0.0088,green
2025-09-25,CP06,LNG Feedgas Buyer F,active,2286400.0,0.0,110810.0,2397210.0,20000000.0,20000000.0,0.1199,green
2025-09-25,CP07,LNG Feedgas Buyer G,commissioning,2753475.0,0.0,60315.0,2813790.0,6000000.0,3000000.0,0.9379,amber
2025-09-25,CP08,Regional Marketer H,active,5810700.0,5159800.0,-53322.5,597577.5,3000000.0,3000000.0,0.1992,green
2025-09-26,CP01,Permian Producer A,active,0.0,3171625.0,-113317.5,0.0,8000000.0,8000000.0,0.0,green
2025-09-26,CP02,Haynesville Producer B,active,0.0,7339845.0,-30467.5,0.0,5000000.0,5000000.0,0.0,green
2025-09-26,CP03,Gulf Coast Utility C,active,735170.0,0.0,270027.5,1005197.5,15000000.0,15000000.0,0.067,green
2025-09-26,CP04,Texas Power Generator D,active,3376185.0,0.0,66590.0,3442775.0,10000000.0,10000000.0,0.3443,green
2025-09-26,CP05,Petrochemical Plant E,active,0.0,0.0,137175.0,137175.0,12000000.0,12000000.0,0.0114,green
2025-09-26,CP06,LNG Feedgas Buyer F,active,2377260.0,0.0,147035.0,2524295.0,20000000.0,20000000.0,0.1262,green
2025-09-26,CP07,LNG Feedgas Buyer G,commissioning,2861975.0,0.0,85955.0,2947930.0,6000000.0,3000000.0,0.9826,amber
2025-09-26,CP08,Regional Marketer H,active,6041340.0,5365000.0,-138225.0,538115.0,3000000.0,3000000.0,0.1794,green
2025-09-29,CP01,Permian Producer A,active,0.0,3536162.5,-117855.0,0.0,8000000.0,8000000.0,0.0,green
2025-09-29,CP02,Haynesville Producer B,active,0.0,8182492.5,-34945.0,0.0,5000000.0,5000000.0,0.0,green
2025-09-29,CP03,Gulf Coast Utility C,active,819642.5,0.0,272405.0,1092047.5,15000000.0,15000000.0,0.0728,green
2025-09-29,CP04,Texas Power Generator D,active,3765390.0,0.0,67685.0,3833075.0,10000000.0,10000000.0,0.3833,green
2025-09-29,CP05,Petrochemical Plant E,active,0.0,0.0,137175.0,137175.0,12000000.0,12000000.0,0.0114,green
2025-09-29,CP06,LNG Feedgas Buyer F,active,2650140.0,0.0,134855.0,2784995.0,20000000.0,20000000.0,0.1392,green
2025-09-29,CP07,LNG Feedgas Buyer G,commissioning,3188300.0,0.0,86405.0,3274705.0,6000000.0,3000000.0,1.0916,red
2025-09-29,CP08,Regional Marketer H,active,6734160.0,5981200.0,-142470.0,610490.0,3000000.0,3000000.0,0.2035,green
2025-09-30,CP01,Permian Producer A,active,0.0,3659775.0,-120667.5,0.0,8000000.0,8000000.0,0.0,green
2025-09-30,CP02,Haynesville Producer B,active,0.0,8469675.0,-39137.5,0.0,5000000.0,5000000.0,0.0,green
2025-09-30,CP03,Gulf Coast Utility C,active,848325.0,0.0,273497.5,1121822.5,15000000.0,15000000.0,0.0748,green
2025-09-30,CP04,Texas Power Generator D,active,3895650.0,0.0,69750.0,3965400.0,10000000.0,10000000.0,0.3965,green
2025-09-30,CP05,Petrochemical Plant E,active,0.0,0.0,137175.0,137175.0,12000000.0,12000000.0,0.0114,green
2025-09-30,CP06,LNG Feedgas Buyer F,active,2743200.0,0.0,131595.0,2874795.0,20000000.0,20000000.0,0.1437,green
2025-09-30,CP07,LNG Feedgas Buyer G,commissioning,3302850.0,0.0,95955.0,3398805.0,6000000.0,3000000.0,1.1329,red
2025-09-30,CP08,Regional Marketer H,active,6971400.0,6190800.0,-114735.0,665865.0,3000000.0,3000000.0,0.222,green
2025-10-01,CP01,Permian Producer A,active,0.0,3863130.0,460350.0,0.0,8000000.0,8000000.0,0.0,green
2025-10-01,CP02,Haynesville Producer B,active,0.0,8671412.5,515625.0,0.0,5000000.0,5000000.0,0.0,green
2025-10-01,CP03,Gulf Coast Utility C,active,1037372.5,0.0,-403575.0,633797.5,15000000.0,15000000.0,0.0423,green
2025-10-01,CP04,Texas Power Generator D,active,3974850.0,0.0,-54000.0,3920850.0,10000000.0,10000000.0,0.3921,green
2025-10-01,CP05,Petrochemical Plant E,active,46950.0,0.0,-49500.0,0.0,12000000.0,12000000.0,0.0,green
2025-10-01,CP06,LNG Feedgas Buyer F,active,2862870.0,0.0,-54900.0,2807970.0,20000000.0,20000000.0,0.1404,green
2025-10-01,CP07,LNG Feedgas Buyer G,commissioning,3398805.0,0.0,-66750.0,3332055.0,6000000.0,3000000.0,1.1107,red
2025-10-01,CP08,Regional Marketer H,active,7032922.5,6606570.0,385275.0,811627.5,3000000.0,3000000.0,0.2705,green
2025-10-02,CP01,Permian Producer A,active,0.0,4068085.0,557455.0,0.0,8000000.0,8000000.0,0.0,green
2025-10-02,CP02,Haynesville Producer B,active,0.0,8874950.0,603062.5,0.0,5000000.0,5000000.0,0.0,green
2025-10-02,CP03,Gulf Coast Utility C,active,1227020.0,0.0,-513222.5,713797.5,15000000.0,15000000.0,0.0476,green
2025-10-02,CP04,Texas Power Generator D,active,4055250.0,0.0,-75400.0,3979850.0,10000000.0,10000000.0,0.398,green
2025-10-02,CP05,Petrochemical Plant E,active,93900.0,0.0,-78150.0,15750.0,12000000.0,12000000.0,0.0013,green
2025-10-02,CP06,LNG Feedgas Buyer F,active,2984340.0,0.0,-87870.0,2896470.0,20000000.0,20000000.0,0.1448,green
2025-10-02,CP07,LNG Feedgas Buyer G,commissioning,3496360.0,0.0,-78505.0,3417855.0,6000000.0,3000000.0,1.1393,red
2025-10-02,CP08,Regional Marketer H,active,7094845.0,7028740.0,459622.5,525727.5,3000000.0,3000000.0,0.1752,green
2025-10-03,CP01,Permian Producer A,active,0.0,4270440.0,365410.0,0.0,8000000.0,8000000.0,0.0,green
2025-10-03,CP02,Haynesville Producer B,active,0.0,9075562.5,418700.0,0.0,5000000.0,5000000.0,0.0,green
2025-10-03,CP03,Gulf Coast Utility C,active,1415692.5,0.0,-290670.0,1125022.5,15000000.0,15000000.0,0.075,green
2025-10-03,CP04,Texas Power Generator D,active,4133700.0,0.0,-36400.0,4097300.0,10000000.0,10000000.0,0.4097,green
2025-10-03,CP05,Petrochemical Plant E,active,140850.0,0.0,-20700.0,120150.0,12000000.0,12000000.0,0.01,green
2025-10-03,CP06,LNG Feedgas Buyer F,active,3102885.0,0.0,-30240.0,3072645.0,20000000.0,20000000.0,0.1536,green
2025-10-03,CP07,LNG Feedgas Buyer G,commissioning,3591315.0,0.0,-4660.0,3586655.0,6000000.0,3000000.0,1.1956,red
2025-10-03,CP08,Regional Marketer H,active,7156117.5,7440510.0,323370.0,38977.5,3000000.0,3000000.0,0.013,green
2025-10-06,CP01,Permian Producer A,active,0.0,4880105.0,489875.0,0.0,8000000.0,8000000.0,0.0,green
2025-10-06,CP02,Haynesville Producer B,active,0.0,9680325.0,520812.5,0.0,5000000.0,5000000.0,0.0,green
2025-10-06,CP03,Gulf Coast Utility C,active,1982685.0,0.0,-437312.5,1545372.5,15000000.0,15000000.0,0.103,green
2025-10-06,CP04,Texas Power Generator D,active,4371000.0,0.0,-65000.0,4306000.0,10000000.0,10000000.0,0.4306,green
2025-10-06,CP05,Petrochemical Plant E,active,281700.0,0.0,-66750.0,214950.0,12000000.0,12000000.0,0.0179,green
2025-10-06,CP06,LNG Feedgas Buyer F,active,3461445.0,0.0,-75750.0,3385695.0,20000000.0,20000000.0,0.1693,green
2025-10-06,CP07,LNG Feedgas Buyer G,commissioning,3878780.0,0.0,-44825.0,3833955.0,6000000.0,3000000.0,1.278,red
2025-10-06,CP08,Regional Marketer H,active,7340585.0,8686220.0,420112.5,0.0,3000000.0,3000000.0,0.0,green
2025-10-07,CP01,Permian Producer A,active,0.0,5085060.0,513030.0,0.0,8000000.0,8000000.0,0.0,green
2025-10-07,CP02,Haynesville Producer B,active,0.0,9883862.5,500250.0,0.0,5000000.0,5000000.0,0.0,green
2025-10-07,CP03,Gulf Coast Utility C,active,2172332.5,0.0,-419460.0,1752872.5,15000000.0,15000000.0,0.1169,green
2025-10-07,CP04,Texas Power Generator D,active,4451400.0,0.0,-62400.0,4389000.0,10000000.0,10000000.0,0.4389,green
2025-10-07,CP05,Petrochemical Plant E,active,328650.0,0.0,-63900.0,264750.0,12000000.0,12000000.0,0.0221,green
2025-10-07,CP06,LNG Feedgas Buyer F,active,3582915.0,0.0,-72720.0,3510195.0,20000000.0,20000000.0,0.1755,green
2025-10-07,CP07,LNG Feedgas Buyer G,commissioning,3976335.0,0.0,-85080.0,3891255.0,6000000.0,3000000.0,1.2971,red
2025-10-07,CP08,Regional Marketer H,active,7402507.5,9108390.0,427110.0,0.0,3000000.0,3000000.0,0.0,green
2025-10-08,CP01,Permian Producer A,active,0.0,5290615.0,477160.0,0.0,8000000.0,8000000.0,0.0,green
2025-10-08,CP02,Haynesville Producer B,active,0.0,10088075.0,510737.5,0.0,5000000.0,5000000.0,0.0,green
2025-10-08,CP03,Gulf Coast Utility C,active,2362205.0,0.0,-439557.5,1922647.5,15000000.0,15000000.0,0.1282,green
2025-10-08,CP04,Texas Power Generator D,active,4532250.0,0.0,-66700.0,4465550.0,10000000.0,10000000.0,0.4466,green
2025-10-08,CP05,Petrochemical Plant E,active,375600.0,0.0,-71400.0,304200.0,12000000.0,12000000.0,0.0253,green
2025-10-08,CP06,LNG Feedgas Buyer F,active,3705060.0,0.0,-80040.0,3625020.0,20000000.0,20000000.0,0.1813,green
2025-10-08,CP07,LNG Feedgas Buyer G,commissioning,4074490.0,0.0,-40435.0,4034055.0,6000000.0,3000000.0,1.3447,red
2025-10-08,CP08,Regional Marketer H,active,7464580.0,9532960.0,340732.5,0.0,3000000.0,3000000.0,0.0,green
2025-10-09,CP01,Permian Producer A,active,0.0,5494170.0,335140.0,0.0,8000000.0,8000000.0,0.0,green
2025-10-09,CP02,Haynesville Producer B,active,0.0,10290037.5,389825.0,0.0,5000000.0,5000000.0,0.0,green
2025-10-09,CP03,Gulf Coast Utility C,active,2551327.5,0.0,-299055.0,2252272.5,15000000.0,15000000.0,0.1502,green
2025-10-09,CP04,Texas Power Generator D,active,4611600.0,0.0,-41800.0,4569800.0,10000000.0,10000000.0,0.457,green
2025-10-09,CP05,Petrochemical Plant E,active,422550.0,0.0,-35100.0,387450.0,12000000.0,12000000.0,0.0323,green
2025-10-09,CP06,LNG Feedgas Buyer F,active,3824955.0,0.0,-43560.0,3781395.0,20000000.0,20000000.0,0.1891,green
2025-10-09,CP07,LNG Feedgas Buyer G,commissioning,4170645.0,0.0,3110.0,4173755.0,6000000.0,3000000.0,1.3913,red
2025-10-09,CP08,Regional Marketer H,active,7526152.5,9949530.0,205455.0,0.0,3000000.0,3000000.0,0.0,green
2025-10-10,CP01,Permian Producer A,active,0.0,5690725.0,-78705.0,0.0,8000000.0,8000000.0,0.0,green
2025-10-10,CP02,Haynesville Producer B,active,0.0,10484125.0,41662.5,0.0,5000000.0,5000000.0,0.0,green
2025-10-10,CP03,Gulf Coast Utility C,active,2737825.0,0.0,119197.5,2857022.5,15000000.0,15000000.0,0.1905,green
2025-10-10,CP04,Texas Power Generator D,active,4685700.0,0.0,33600.0,4719300.0,10000000.0,10000000.0,0.4719,green
2025-10-10,CP05,Petrochemical Plant E,active,469500.0,0.0,76950.0,546450.0,12000000.0,12000000.0,0.0455,green
2025-10-10,CP06,LNG Feedgas Buyer F,active,3936975.0,0.0,68670.0,4005645.0,20000000.0,20000000.0,0.2003,green
2025-10-10,CP07,LNG Feedgas Buyer G,commissioning,4259800.0,0.0,126855.0,4386655.0,6000000.0,3000000.0,1.4622,red
2025-10-10,CP08,Regional Marketer H,active,7585975.0,10338100.0,-178597.5,0.0,3000000.0,3000000.0,0.0,green
2025-10-13,CP01,Permian Producer A,active,0.0,6280390.0,-72690.0,0.0,8000000.0,8000000.0,0.0,green
2025-10-13,CP02,Haynesville Producer B,active,0.0,11066387.5,36675.0,0.0,5000000.0,5000000.0,0.0,green
2025-10-13,CP03,Gulf Coast Utility C,active,3297317.5,0.0,121455.0,3418772.5,15000000.0,15000000.0,0.2279,green
2025-10-13,CP04,Texas Power Generator D,active,4908000.0,0.0,28800.0,4936800.0,10000000.0,10000000.0,0.4937,green
2025-10-13,CP05,Petrochemical Plant E,active,610350.0,0.0,66600.0,676950.0,12000000.0,12000000.0,0.0564,green
2025-10-13,CP06,LNG Feedgas Buyer F,active,4273035.0,0.0,58860.0,4331895.0,20000000.0,20000000.0,0.2166,green
2025-10-13,CP07,LNG Feedgas Buyer G,commissioning,4527265.0,0.0,116790.0,4644055.0,6000000.0,3000000.0,1.548,red
2025-10-13,CP08,Regional Marketer H,active,7765442.5,11503810.0,-145905.0,0.0,3000000.0,3000000.0,0.0,green
2025-10-14,CP01,Permian Producer A,active,0.0,6475545.0,-146410.0,0.0,8000000.0,8000000.0,0.0,green
2025-10-14,CP02,Haynesville Producer B,active,0.0,11258900.0,-18537.5,0.0,5000000.0,5000000.0,0.0,green
2025-10-14,CP03,Gulf Coast Utility C,active,3483290.0,0.0,235657.5,3718947.5,15000000.0,15000000.0,0.2479,green
2025-10-14,CP04,Texas Power Generator D,active,4981050.0,0.0,39100.0,5020150.0,10000000.0,10000000.0,0.502,green
2025-10-14,CP05,Petrochemical Plant E,active,657300.0,0.0,81000.0,738300.0,12000000.0,12000000.0,0.0615,green
2025-10-14,CP06,LNG Feedgas Buyer F,active,4383480.0,0.0,73440.0,4456920.0,20000000.0,20000000.0,0.2228,green
2025-10-14,CP07,LNG Feedgas Buyer G,commissioning,4615020.0,0.0,153535.0,4768555.0,6000000.0,3000000.0,1.5895,red
2025-10-14,CP08,Regional Marketer H,active,7824915.0,11886780.0,-242032.5,0.0,3000000.0,3000000.0,0.0,green
2025-10-15,CP01,Permian Producer A,active,0.0,6669900.0,-173130.0,0.0,8000000.0,8000000.0,0.0,green
2025-10-15,CP02,Haynesville Producer B,active,0.0,11450512.5,-45850.0,0.0,5000000.0,5000000.0,0.0,green
2025-10-15,CP03,Gulf Coast Utility C,active,3668962.5,0.0,268960.0,3937922.5,15000000.0,15000000.0,0.2625,green
2025-10-15,CP04,Texas Power Generator D,active,5053500.0,0.0,43200.0,5096700.0,10000000.0,10000000.0,0.5097,green
2025-10-15,CP05,Petrochemical Plant E,active,704250.0,0.0,86100.0,790350.0,12000000.0,12000000.0,0.0659,green
2025-10-15,CP06,LNG Feedgas Buyer F,active,4493025.0,0.0,78720.0,4571745.0,20000000.0,20000000.0,0.2286,green
2025-10-15,CP07,LNG Feedgas Buyer G,commissioning,4701975.0,0.0,160680.0,4862655.0,6000000.0,3000000.0,1.6209,red
2025-10-15,CP08,Regional Marketer H,active,7884187.5,12266550.0,-261360.0,0.0,3000000.0,3000000.0,0.0,green
2025-10-16,CP01,Permian Producer A,active,0.0,6864855.0,-210075.0,0.0,8000000.0,8000000.0,0.0,green
2025-10-16,CP02,Haynesville Producer B,active,0.0,11642800.0,-22312.5,0.0,5000000.0,5000000.0,0.0,green
2025-10-16,CP03,Gulf Coast Utility C,active,3854860.0,0.0,279712.5,4134572.5,15000000.0,15000000.0,0.2756,green
2025-10-16,CP04,Texas Power Generator D,active,5126400.0,0.0,60750.0,5187150.0,10000000.0,10000000.0,0.5187,green
2025-10-16,CP05,Petrochemical Plant E,active,751200.0,0.0,74250.0,825450.0,12000000.0,12000000.0,0.0688,green
2025-10-16,CP06,LNG Feedgas Buyer F,active,4603245.0,0.0,67050.0,4670295.0,20000000.0,20000000.0,0.2335,green
2025-10-16,CP07,LNG Feedgas Buyer G,commissioning,4789530.0,0.0,176325.0,4965855.0,6000000.0,3000000.0,1.6553,red
2025-10-16,CP08,Regional Marketer H,active,7943610.0,12648720.0,-299962.5,0.0,3000000.0,3000000.0,0.0,green
2025-10-17,CP01,Permian Producer A,active,0.0,7056410.0,-260770.0,0.0,8000000.0,8000000.0,0.0,green
2025-10-17,CP02,Haynesville Producer B,active,0.0,11831262.5,-127475.0,0.0,5000000.0,5000000.0,0.0,green
2025-10-17,CP03,Gulf Coast Utility C,active,4039482.5,0.0,358965.0,4398447.5,15000000.0,15000000.0,0.2932,green
2025-10-17,CP04,Texas Power Generator D,active,5196750.0,0.0,45400.0,5242150.0,10000000.0,10000000.0,0.5242,green
2025-10-17,CP05,Petrochemical Plant E,active,798150.0,0.0,105300.0,903450.0,12000000.0,12000000.0,0.0753,green
2025-10-17,CP06,LNG Feedgas Buyer F,active,4709640.0,0.0,98280.0,4807920.0,20000000.0,20000000.0,0.2404,green
2025-10-17,CP07,LNG Feedgas Buyer G,commissioning,4873685.0,0.0,182920.0,5056605.0,6000000.0,3000000.0,1.6855,red
2025-10-17,CP08,Regional Marketer H,active,8002182.5,13017290.0,-319215.0,0.0,3000000.0,3000000.0,0.0,green
2025-10-20,CP01,Permian Producer A,active,0.0,7637875.0,275845.0,0.0,8000000.0,8000000.0,0.0,green
2025-10-20,CP02,Haynesville Producer B,active,0.0,12404300.0,69587.5,0.0,5000000.0,5000000.0,0.0,green
2025-10-20,CP03,Gulf Coast Utility C,active,4595900.0,0.0,-137127.5,4458772.5,15000000.0,15000000.0,0.2973,green
2025-10-20,CP04,Texas Power Generator D,active,5412900.0,0.0,-208525.0,5204375.0,10000000.0,10000000.0,0.5204,green
2025-10-20,CP05,Petrochemical Plant E,active,939000.0,0.0,27600.0,966600.0,12000000.0,12000000.0,0.0806,green
2025-10-20,CP06,LNG Feedgas Buyer F,active,5036475.0,0.0,21120.0,5057595.0,20000000.0,20000000.0,0.2529,green
2025-10-20,CP07,LNG Feedgas Buyer G,commissioning,5132950.0,0.0,-72670.0,5060280.0,6000000.0,3000000.0,1.6868,red
2025-10-20,CP08,Regional Marketer H,active,8179600.0,14150200.0,265102.5,0.0,3000000.0,3000000.0,0.0,green
2025-10-21,CP01,Permian Producer A,active,0.0,7842030.0,473650.0,0.0,8000000.0,8000000.0,0.0,green
2025-10-21,CP02,Haynesville Producer B,active,0.0,12606937.5,196625.0,0.0,5000000.0,5000000.0,0.0,green
2025-10-21,CP03,Gulf Coast Utility C,active,4785247.5,0.0,-343125.0,4442122.5,15000000.0,15000000.0,0.2961,green
2025-10-21,CP04,Texas Power Generator D,active,5492700.0,0.0,-278650.0,5214050.0,10000000.0,10000000.0,0.5214,green
2025-10-21,CP05,Petrochemical Plant E,active,985950.0,0.0,-18000.0,967950.0,12000000.0,12000000.0,0.0807,green
2025-10-21,CP06,LNG Feedgas Buyer F,active,5157045.0,0.0,-24300.0,5132745.0,20000000.0,20000000.0,0.2566,green
2025-10-21,CP07,LNG Feedgas Buyer G,commissioning,5229705.0,0.0,-143350.0,5086355.0,6000000.0,3000000.0,1.6955,red
2025-10-21,CP08,Regional Marketer H,active,8241322.5,14569170.0,453825.0,0.0,3000000.0,3000000.0,0.0,green
2025-10-22,CP01,Permian Producer A,active,0.0,8049585.0,509280.0,0.0,8000000.0,8000000.0,0.0,green
2025-10-22,CP02,Haynesville Producer B,active,0.0,12813400.0,255712.5,0.0,5000000.0,5000000.0,0.0,green
2025-10-22,CP03,Gulf Coast Utility C,active,4975870.0,0.0,-397222.5,4578647.5,15000000.0,15000000.0,0.3052,green
2025-10-22,CP04,Texas Power Generator D,active,5575050.0,0.0,-265650.0,5309400.0,10000000.0,10000000.0,0.5309,green
2025-10-22,CP05,Petrochemical Plant E,active,1032900.0,0.0,-38700.0,994200.0,12000000.0,12000000.0,0.0828,green
2025-10-22,CP06,LNG Feedgas Buyer F,active,5281440.0,0.0,-44820.0,5236620.0,20000000.0,20000000.0,0.2618,green
2025-10-22,CP07,LNG Feedgas Buyer G,commissioning,5329860.0,0.0,-144405.0,5185455.0,6000000.0,3000000.0,1.7285,red
2025-10-22,CP08,Regional Marketer H,active,8303895.0,15001740.0,476497.5,0.0,3000000.0,3000000.0,0.0,green
2025-10-23,CP01,Permian Producer A,active,0.0,8254940.0,354710.0,0.0,8000000.0,8000000.0,0.0,green
2025-10-23,CP02,Haynesville Producer B,active,0.0,13017387.5,157900.0,0.0,5000000.0,5000000.0,0.0,green
2025-10-23,CP03,Gulf Coast Utility C,active,5165667.5,0.0,-260220.0,4905447.5,15000000.0,15000000.0,0.327,green
2025-10-23,CP04,Texas Power Generator D,active,5655750.0,0.0,-149600.0,5506150.0,10000000.0,10000000.0,0.5506,green
2025-10-23,CP05,Petrochemical Plant E,active,1079850.0,0.0,-20700.0,1059150.0,12000000.0,12000000.0,0.0883,green
2025-10-23,CP06,LNG Feedgas Buyer F,active,5403360.0,0.0,-24390.0,5378970.0,20000000.0,20000000.0,0.2689,green
2025-10-23,CP07,LNG Feedgas Buyer G,commissioning,5427815.0,0.0,-76610.0,5351205.0,6000000.0,3000000.0,1.7837,red
2025-10-23,CP08,Regional Marketer H,active,8365917.5,15425510.0,331020.0,0.0,3000000.0,3000000.0,0.0,green
2025-10-24,CP01,Permian Producer A,active,0.0,8457695.0,258390.0,0.0,8000000.0,8000000.0,0.0,green
2025-10-24,CP02,Haynesville Producer B,active,0.0,13218450.0,87987.5,0.0,5000000.0,5000000.0,0.0,green
2025-10-24,CP03,Gulf Coast Utility C,active,5354490.0,0.0,-167217.5,5187272.5,15000000.0,15000000.0,0.3458,green
2025-10-24,CP04,Texas Power Generator D,active,5734500.0,0.0,-98700.0,5635800.0,10000000.0,10000000.0,0.5636,green
2025-10-24,CP05,Petrochemical Plant E,active,1126800.0,0.0,-3900.0,1122900.0,12000000.0,12000000.0,0.0936,green
2025-10-24,CP06,LNG Feedgas Buyer F,active,5522355.0,0.0,13590.0,5535945.0,20000000.0,20000000.0,0.2768,green
2025-10-24,CP07,LNG Feedgas Buyer G,commissioning,5523170.0,0.0,-44265.0,5478905.0,6000000.0,3000000.0,1.8263,red
2025-10-24,CP08,Regional Marketer H,active,8427290.0,15838880.0,231892.5,0.0,3000000.0,3000000.0,0.0,green
2025-10-27,CP01,Permian Producer A,active,0.0,5407985.0,352080.0,0.0,8000000.0,8000000.0,0.0,green
2025-10-27,CP02,Haynesville Producer B,active,0.0,5353987.5,107750.0,0.0,5000000.0,5000000.0,0.0,green
2025-10-27,CP03,Gulf Coast Utility C,active,5073307.5,0.0,-234410.0,4838897.5,15000000.0,15000000.0,0.3226,green
2025-10-27,CP04,Texas Power Generator D,active,2076450.0,0.0,-232350.0,1844100.0,10000000.0,10000000.0,0.1844,green
2025-10-27,CP05,Petrochemical Plant E,active,1267650.0,0.0,-5700.0,1261950.0,12000000.0,12000000.0,0.1052,green
2025-10-27,CP06,LNG Feedgas Buyer F,active,3138165.0,0.0,-67320.0,3070845.0,20000000.0,20000000.0,0.1535,green
2025-10-27,CP07,LNG Feedgas Buyer G,commissioning,2508185.0,0.0,-117480.0,2390705.0,6000000.0,3000000.0,0.7969,amber
2025-10-27,CP08,Regional Marketer H,active,1640457.5,10895390.0,393960.0,0.0,3000000.0,3000000.0,0.0,green
2025-10-28,CP01,Permian Producer A,active,0.0,5615340.0,266535.0,0.0,8000000.0,8000000.0,0.0,green
2025-10-28,CP02,Haynesville Producer B,active,0.0,5560225.0,48787.5,0.0,5000000.0,5000000.0,0.0,green
2025-10-28,CP03,Gulf Coast Utility C,active,5263855.0,0.0,-182557.5,5081297.5,15000000.0,15000000.0,0.3388,green
2025-10-28,CP04,Texas Power Generator D,active,2158650.0,0.0,-139575.0,2019075.0,10000000.0,10000000.0,0.2019,green
2025-10-28,CP05,Petrochemical Plant E,active,1314600.0,0.0,-9450.0,1305150.0,12000000.0,12000000.0,0.1088,green
2025-10-28,CP06,LNG Feedgas Buyer F,active,3262335.0,0.0,38235.0,3300570.0,20000000.0,20000000.0,0.165,green
2025-10-28,CP07,LNG Feedgas Buyer G,commissioning,2608140.0,0.0,-68910.0,2539230.0,6000000.0,3000000.0,0.8464,amber
2025-10-28,CP08,Regional Marketer H,active,1702980.0,11327160.0,273532.5,0.0,3000000.0,3000000.0,0.0,green
2025-10-29,CP01,Permian Producer A,active,0.0,5821095.0,279990.0,0.0,8000000.0,8000000.0,0.0,green
2025-10-29,CP02,Haynesville Producer B,active,0.0,5764662.5,40975.0,0.0,5000000.0,5000000.0,0.0,green
2025-10-29,CP03,Gulf Coast Utility C,active,5453802.5,0.0,-167905.0,5285897.5,15000000.0,15000000.0,0.3524,green
2025-10-29,CP04,Texas Power Generator D,active,2239650.0,0.0,-164400.0,2075250.0,10000000.0,10000000.0,0.2075,green
2025-10-29,CP05,Petrochemical Plant E,active,1361550.0,0.0,-2400.0,1359150.0,12000000.0,12000000.0,0.1133,green
2025-10-29,CP06,LNG Feedgas Buyer F,active,3384705.0,0.0,10590.0,3395295.0,20000000.0,20000000.0,0.1698,green
2025-10-29,CP07,LNG Feedgas Buyer G,commissioning,2706495.0,0.0,-66840.0,2639655.0,6000000.0,3000000.0,0.8799,amber
2025-10-29,CP08,Regional Marketer H,active,1765102.5,11752530.0,289305.0,0.0,3000000.0,3000000.0,0.0,green
2025-10-30,CP01,Permian Producer A,active,0.0,6028850.0,300895.0,0.0,8000000.0,8000000.0,0.0,green
2025-10-30,CP02,Haynesville Producer B,active,0.0,5971350.0,23112.5,0.0,5000000.0,5000000.0,0.0,green
2025-10-30,CP03,Gulf Coast Utility C,active,5644500.0,0.0,-153352.5,5491147.5,15000000.0,15000000.0,0.3661,green
2025-10-30,CP04,Texas Power Generator D,active,2322150.0,0.0,-162400.0,2159750.0,10000000.0,10000000.0,0.216,green
2025-10-30,CP05,Petrochemical Plant E,active,1408500.0,0.0,-450.0,1408050.0,12000000.0,12000000.0,0.1173,green
2025-10-30,CP06,LNG Feedgas Buyer F,active,3509325.0,0.0,12720.0,3522045.0,20000000.0,20000000.0,0.1761,green
2025-10-30,CP07,LNG Feedgas Buyer G,commissioning,2806850.0,0.0,-65395.0,2741455.0,6000000.0,3000000.0,0.9138,amber
2025-10-30,CP08,Regional Marketer H,active,1827725.0,12185900.0,296902.5,0.0,3000000.0,3000000.0,0.0,green
2025-10-31,CP01,Permian Producer A,active,0.0,6238805.0,381585.0,0.0,8000000.0,8000000.0,0.0,green
2025-10-31,CP02,Haynesville Producer B,active,0.0,6180512.5,-3750.0,0.0,5000000.0,5000000.0,0.0,green
2025-10-31,CP03,Gulf Coast Utility C,active,5836022.5,0.0,-127800.0,5708222.5,15000000.0,15000000.0,0.3805,green
2025-10-31,CP04,Texas Power Generator D,active,2406300.0,0.0,-158400.0,2247900.0,10000000.0,10000000.0,0.2248,green
2025-10-31,CP05,Petrochemical Plant E,active,1455450.0,0.0,4500.0,1459950.0,12000000.0,12000000.0,0.1217,green
2025-10-31,CP06,LNG Feedgas Buyer F,active,3636420.0,0.0,17850.0,3654270.0,20000000.0,20000000.0,0.1827,green
2025-10-31,CP07,LNG Feedgas Buyer G,commissioning,2909405.0,0.0,-61950.0,2847455.0,6000000.0,3000000.0,0.9492,amber
2025-10-31,CP08,Regional Marketer H,active,1890897.5,12628070.0,278400.0,0.0,3000000.0,3000000.0,0.0,green
2025-11-03,CP01,Permian Producer A,active,0.0,6800240.0,437735.0,0.0,8000000.0,8000000.0,0.0,green
2025-11-03,CP02,Haynesville Producer B,active,0.0,6617057.5,-7830.0,0.0,5000000.0,5000000.0,0.0,green
2025-11-03,CP03,Gulf Coast Utility C,active,6130902.5,0.0,-111780.0,6019122.5,15000000.0,15000000.0,0.4013,green
2025-11-03,CP04,Texas Power Generator D,active,2824720.0,0.0,-137295.0,2687425.0,10000000.0,10000000.0,0.2687,green
2025-11-03,CP05,Petrochemical Plant E,active,1508450.0,0.0,4050.0,1512500.0,12000000.0,12000000.0,0.126,green
2025-11-03,CP06,LNG Feedgas Buyer F,active,4018005.0,0.0,22140.0,4040145.0,20000000.0,20000000.0,0.202,green
2025-11-03,CP07,LNG Feedgas Buyer G,commissioning,3395750.0,0.0,-52920.0,3342830.0,6000000.0,3000000.0,1.1143,red
2025-11-03,CP08,Regional Marketer H,active,2672802.5,13525410.0,247860.0,0.0,3000000.0,3000000.0,0.0,green
2025-11-04,CP01,Permian Producer A,active,0.0,6986235.0,451845.0,0.0,8000000.0,8000000.0,0.0,green
2025-11-04,CP02,Haynesville Producer B,active,0.0,6760272.5,-21840.0,0.0,5000000.0,5000000.0,0.0,green
2025-11-04,CP03,Gulf Coast Utility C,active,6227662.5,0.0,-97240.0,6130422.5,15000000.0,15000000.0,0.4087,green
2025-11-04,CP04,Texas Power Generator D,active,2962660.0,0.0,-115310.0,2847350.0,10000000.0,10000000.0,0.2847,green
2025-11-04,CP05,Petrochemical Plant E,active,1525350.0,0.0,3900.0,1529250.0,12000000.0,12000000.0,0.1274,green
2025-11-04,CP06,LNG Feedgas Buyer F,active,4145200.0,0.0,40820.0,4186020.0,20000000.0,20000000.0,0.2093,green
2025-11-04,CP07,LNG Feedgas Buyer G,commissioning,3553265.0,0.0,-41860.0,3511405.0,6000000.0,3000000.0,1.1705,red
2025-11-04,CP08,Regional Marketer H,active,2927687.5,13822990.0,241922.5,0.0,3000000.0,3000000.0,0.0,green
2025-11-05,CP01,Permian Producer A,active,0.0,7173430.0,576395.0,0.0,8000000.0,8000000.0,0.0,green
2025-11-05,CP02,Haynesville Producer B,active,0.0,6905887.5,89000.0,0.0,5000000.0,5000000.0,0.0,green
2025-11-05,CP03,Gulf Coast Utility C,active,6326022.5,0.0,-173500.0,6152522.5,15000000.0,15000000.0,0.4102,green
2025-11-05,CP04,Texas Power Generator D,active,3102200.0,0.0,-240875.0,2861325.0,10000000.0,10000000.0,0.2861,green
2025-11-05,CP05,Petrochemical Plant E,active,1543050.0,0.0,3750.0,1546800.0,12000000.0,12000000.0,0.1289,green
2025-11-05,CP06,LNG Feedgas Buyer F,active,4272395.0,0.0,-110750.0,4161645.0,20000000.0,20000000.0,0.2081,green
2025-11-05,CP07,LNG Feedgas Buyer G,commissioning,3715580.0,0.0,-110250.0,3605330.0,6000000.0,3000000.0,1.2018,red
2025-11-05,CP08,Regional Marketer H,active,3188572.5,14122170.0,395765.0,0.0,3000000.0,3000000.0,0.0,green
2025-11-06,CP01,Permian Producer A,active,0.0,7362125.0,879265.0,0.0,8000000.0,8000000.0,0.0,green
2025-11-06,CP02,Haynesville Producer B,active,0.0,7054502.5,217440.0,0.0,5000000.0,5000000.0,0.0,green
2025-11-06,CP03,Gulf Coast Utility C,active,6426382.5,0.0,-243960.0,6182422.5,15000000.0,15000000.0,0.4122,green
2025-11-06,CP04,Texas Power Generator D,active,3243740.0,0.0,-387240.0,2856500.0,10000000.0,10000000.0,0.2857,green
2025-11-06,CP05,Petrochemical Plant E,active,1561750.0,0.0,3600.0,1565350.0,12000000.0,12000000.0,0.1304,green
2025-11-06,CP06,LNG Feedgas Buyer F,active,4399590.0,0.0,-281670.0,4117920.0,20000000.0,20000000.0,0.2059,green
2025-11-06,CP07,LNG Feedgas Buyer G,commissioning,3883895.0,0.0,-189840.0,3694055.0,6000000.0,3000000.0,1.2314,red
2025-11-06,CP08,Regional Marketer H,active,3456957.5,14423350.0,595097.5,0.0,3000000.0,3000000.0,0.0,green
2025-11-07,CP01,Permian Producer A,active,0.0,7551195.0,895395.0,0.0,8000000.0,8000000.0,0.0,green
2025-11-07,CP02,Haynesville Producer B,active,0.0,7203867.5,240005.0,0.0,5000000.0,5000000.0,0.0,green
2025-11-07,CP03,Gulf Coast Utility C,active,6527242.5,0.0,-229980.0,6297262.5,15000000.0,15000000.0,0.4198,green
2025-11-07,CP04,Texas Power Generator D,active,3385780.0,0.0,-408480.0,2977300.0,10000000.0,10000000.0,0.2977,green
2025-11-07,CP05,Petrochemical Plant E,active,1580700.0,0.0,3450.0,1584150.0,12000000.0,12000000.0,0.132,green
2025-11-07,CP06,LNG Feedgas Buyer F,active,4526785.0,0.0,-306355.0,4220430.0,20000000.0,20000000.0,0.211,green
2025-11-07,CP07,LNG Feedgas Buyer G,commissioning,4053710.0,0.0,-202055.0,3851655.0,6000000.0,3000000.0,1.2839,red
2025-11-07,CP08,Regional Marketer H,active,3727217.5,14725030.0,617862.5,0.0,3000000.0,3000000.0,0.0,green
2025-11-10,CP01,Permian Producer A,active,0.0,8118705.0,868265.0,0.0,8000000.0,8000000.0,0.0,green
2025-11-10,CP02,Haynesville Producer B,active,0.0,7652562.5,230700.0,0.0,5000000.0,5000000.0,0.0,green
2025-11-10,CP03,Gulf Coast Utility C,active,6830222.5,0.0,-224420.0,6605802.5,15000000.0,15000000.0,0.4404,green
2025-11-10,CP04,Texas Power Generator D,active,3812300.0,0.0,-381200.0,3431100.0,10000000.0,10000000.0,0.3431,green
2025-11-10,CP05,Petrochemical Plant E,active,1637750.0,0.0,3000.0,1640750.0,12000000.0,12000000.0,0.1367,green
2025-11-10,CP06,LNG Feedgas Buyer F,active,4908370.0,0.0,-298505.0,4609865.0,20000000.0,20000000.0,0.2305,green
2025-11-10,CP07,LNG Feedgas Buyer G,commissioning,4564355.0,0.0,-189700.0,4374655.0,6000000.0,3000000.0,1.4582,red
2025-11-10,CP08,Regional Marketer H,active,4539497.5,15630470.0,578705.0,0.0,3000000.0,3000000.0,0.0,green
2025-11-11,CP01,Permian Producer A,active,0.0,8308075.0,979875.0,0.0,8000000.0,8000000.0,0.0,green
2025-11-11,CP02,Haynesville Producer B,active,0.0,7802527.5,219165.0,0.0,5000000.0,5000000.0,0.0,green
2025-11-11,CP03,Gulf Coast Utility C,active,6931482.5,0.0,-352420.0,6579062.5,15000000.0,15000000.0,0.4386,green
2025-11-11,CP04,Texas Power Generator D,active,3954740.0,0.0,-362140.0,3592600.0,10000000.0,10000000.0,0.3593,green
2025-11-11,CP05,Petrochemical Plant E,active,1656900.0,0.0,2850.0,1659750.0,12000000.0,12000000.0,0.1383,green
2025-11-11,CP06,LNG Feedgas Buyer F,active,5035565.0,0.0,-318385.0,4717180.0,20000000.0,20000000.0,0.2359,green
2025-11-11,CP07,LNG Feedgas Buyer G,commissioning,4735370.0,0.0,-180215.0,4555155.0,6000000.0,3000000.0,1.5184,red
2025-11-11,CP08,Regional Marketer H,active,4811257.5,15932550.0,569617.5,0.0,3000000.0,3000000.0,0.0,green
2025-11-12,CP01,Permian Producer A,active,0.0,8495945.0,778805.0,0.0,8000000.0,8000000.0,0.0,green
2025-11-12,CP02,Haynesville Producer B,active,0.0,7949492.5,108630.0,0.0,5000000.0,5000000.0,0.0,green
2025-11-12,CP03,Gulf Coast Utility C,active,7030742.5,0.0,-247840.0,6782902.5,15000000.0,15000000.0,0.4522,green
2025-11-12,CP04,Texas Power Generator D,active,4095180.0,0.0,-226080.0,3869100.0,10000000.0,10000000.0,0.3869,green
2025-11-12,CP05,Petrochemical Plant E,active,1675050.0,0.0,2700.0,1677750.0,12000000.0,12000000.0,0.1398,green
2025-11-12,CP06,LNG Feedgas Buyer F,active,5162760.0,0.0,-163120.0,4999640.0,20000000.0,20000000.0,0.25,green
2025-11-12,CP07,LNG Feedgas Buyer G,commissioning,4900385.0,0.0,-107730.0,4792655.0,6000000.0,3000000.0,1.5976,red
2025-11-12,CP08,Regional Marketer H,active,5075517.5,16232630.0,389782.5,0.0,3000000.0,3000000.0,0.0,green
2025-11-13,CP01,Permian Producer A,active,0.0,8683815.0,878715.0,0.0,8000000.0,8000000.0,0.0,green
2025-11-13,CP02,Haynesville Producer B,active,0.0,8096457.5,102595.0,0.0,5000000.0,5000000.0,0.0,green
2025-11-13,CP03,Gulf Coast Utility C,active,7130002.5,0.0,-309160.0,6820842.5,15000000.0,15000000.0,0.4547,green
2025-11-13,CP04,Texas Power Generator D,active,4235620.0,0.0,-213520.0,4022100.0,10000000.0,10000000.0,0.4022,green
2025-11-13,CP05,Petrochemical Plant E,active,1693200.0,0.0,2550.0,1695750.0,12000000.0,12000000.0,0.1413,green
2025-11-13,CP06,LNG Feedgas Buyer F,active,5289955.0,0.0,-172830.0,5117125.0,20000000.0,20000000.0,0.2559,green
2025-11-13,CP07,LNG Feedgas Buyer G,commissioning,5065400.0,0.0,-101745.0,4963655.0,6000000.0,3000000.0,1.6546,red
2025-11-13,CP08,Regional Marketer H,active,5339777.5,16532710.0,380360.0,0.0,3000000.0,3000000.0,0.0,green
2025-11-14,CP01,Permian Producer A,active,0.0,8870860.0,711135.0,0.0,8000000.0,8000000.0,0.0,green
2025-11-14,CP02,Haynesville Producer B,active,0.0,8241772.5,48160.0,0.0,5000000.0,5000000.0,0.0,green
2025-11-14,CP03,Gulf Coast Utility C,active,7228162.5,0.0,-215620.0,7012542.5,15000000.0,15000000.0,0.4675,green
2025-11-14,CP04,Texas Power Generator D,active,4374960.0,0.0,-143760.0,4231200.0,10000000.0,10000000.0,0.4231,green
2025-11-14,CP05,Petrochemical Plant E,active,1710800.0,0.0,2400.0,1713200.0,12000000.0,12000000.0,0.1428,green
2025-11-14,CP06,LNG Feedgas Buyer F,active,5417150.0,0.0,-86625.0,5330525.0,20000000.0,20000000.0,0.2665,green
2025-11-14,CP07,LNG Feedgas Buyer G,commissioning,5227115.0,0.0,-64960.0,5162155.0,6000000.0,3000000.0,1.7207,red
2025-11-14,CP08,Regional Marketer H,active,5599912.5,16831690.0,295130.0,0.0,3000000.0,3000000.0,0.0,green
2025-11-17,CP01,Permian Producer A,active,0.0,9433645.0,552845.0,0.0,8000000.0,8000000.0,0.0,green
2025-11-17,CP02,Haynesville Producer B,active,0.0,8681017.5,122430.0,0.0,5000000.0,5000000.0,0.0,green
2025-11-17,CP03,Gulf Coast Utility C,active,7524842.5,0.0,-126100.0,7398742.5,15000000.0,15000000.0,0.4932,green
2025-11-17,CP04,Texas Power Generator D,active,4795180.0,0.0,-209755.0,4585425.0,10000000.0,10000000.0,0.4585,green
2025-11-17,CP05,Petrochemical Plant E,active,1764700.0,0.0,1950.0,1766650.0,12000000.0,12000000.0,0.1472,green
2025-11-17,CP06,LNG Feedgas Buyer F,active,5798735.0,0.0,-151060.0,5647675.0,20000000.0,20000000.0,0.2824,green
2025-11-17,CP07,LNG Feedgas Buyer G,commissioning,5718860.0,0.0,-102830.0,5616030.0,6000000.0,3000000.0,1.872,red
2025-11-17,CP08,Regional Marketer H,active,6388567.5,17730830.0,360277.5,0.0,3000000.0,3000000.0,0.0,green
2025-11-18,CP01,Permian Producer A,active,0.0,9622265.0,536165.0,0.0,8000000.0,8000000.0,0.0,green
2025-11-18,CP02,Haynesville Producer B,active,0.0,8829482.5,110070.0,0.0,5000000.0,5000000.0,0.0,green
2025-11-18,CP03,Gulf Coast Utility C,active,7625102.5,0.0,-118960.0,7506142.5,15000000.0,15000000.0,0.5004,green
2025-11-18,CP04,Texas Power Generator D,active,4936620.0,0.0,-189720.0,4746900.0,10000000.0,10000000.0,0.4747,green
2025-11-18,CP05,Petrochemical Plant E,active,1783350.0,0.0,1800.0,1785150.0,12000000.0,12000000.0,0.1488,green
2025-11-18,CP06,LNG Feedgas Buyer F,active,5925930.0,0.0,-136180.0,5789750.0,20000000.0,20000000.0,0.2895,green
2025-11-18,CP07,LNG Feedgas Buyer G,commissioning,5886875.0,0.0,-92820.0,5794055.0,6000000.0,3000000.0,1.9314,red
2025-11-18,CP08,Regional Marketer H,active,6656577.5,18031910.0,333097.5,0.0,3000000.0,3000000.0,0.0,green
2025-11-19,CP01,Permian Producer A,active,0.0,9812685.0,893740.0,0.0,8000000.0,8000000.0,0.0,green
2025-11-19,CP02,Haynesville Producer B,active,0.0,8981547.5,173885.0,0.0,5000000.0,5000000.0,0.0,green
2025-11-19,CP03,Gulf Coast Utility C,active,7727762.5,0.0,-272000.0,7455762.5,15000000.0,15000000.0,0.4971,green
2025-11-19,CP04,Texas Power Generator D,active,5080460.0,0.0,-255060.0,4825400.0,10000000.0,10000000.0,0.4825,green
2025-11-19,CP05,Petrochemical Plant E,active,1803200.0,0.0,8625.0,1811825.0,12000000.0,12000000.0,0.151,green
2025-11-19,CP06,LNG Feedgas Buyer F,active,6053125.0,0.0,-251370.0,5801755.0,20000000.0,20000000.0,0.2901,green
2025-11-19,CP07,LNG Feedgas Buyer G,commissioning,6062090.0,0.0,-117335.0,5944755.0,6000000.0,3000000.0,1.9816,red
2025-11-19,CP08,Regional Marketer H,active,6933587.5,18335390.0,436740.0,0.0,3000000.0,3000000.0,0.0,green
2025-11-20,CP01,Permian Producer A,active,0.0,10003330.0,766590.0,0.0,8000000.0,8000000.0,0.0,green
2025-11-20,CP02,Haynesville Producer B,active,0.0,9134062.5,166750.0,0.0,5000000.0,5000000.0,0.0,green
2025-11-20,CP03,Gulf Coast Utility C,active,7830722.5,0.0,-215340.0,7615382.5,15000000.0,15000000.0,0.5077,green
2025-11-20,CP04,Texas Power Generator D,active,5224600.0,0.0,-229420.0,4995180.0,10000000.0,10000000.0,0.4995,green
2025-11-20,CP05,Petrochemical Plant E,active,1823200.0,0.0,26145.0,1849345.0,12000000.0,12000000.0,0.1541,green
2025-11-20,CP06,LNG Feedgas Buyer F,active,6180320.0,0.0,-230285.0,5950035.0,20000000.0,20000000.0,0.2975,green
2025-11-20,CP07,LNG Feedgas Buyer G,commissioning,6238205.0,0.0,-68335.0,6169870.0,6000000.0,3000000.0,2.0566,red
2025-11-20,CP08,Regional Marketer H,active,7211722.5,18639170.0,429570.0,0.0,3000000.0,3000000.0,0.0,green
2025-11-21,CP01,Permian Producer A,active,0.0,10195175.0,948830.0,0.0,8000000.0,8000000.0,0.0,green
2025-11-21,CP02,Haynesville Producer B,active,0.0,9288977.5,208740.0,0.0,5000000.0,5000000.0,0.0,green
2025-11-21,CP03,Gulf Coast Utility C,active,7935282.5,0.0,-293720.0,7641562.5,15000000.0,15000000.0,0.5094,green
2025-11-21,CP04,Texas Power Generator D,active,5370340.0,0.0,-268065.0,5102275.0,10000000.0,10000000.0,0.5102,green
2025-11-21,CP05,Petrochemical Plant E,active,1844000.0,0.0,6000.0,1850000.0,12000000.0,12000000.0,0.1542,green
2025-11-21,CP06,LNG Feedgas Buyer F,active,6307515.0,0.0,-260435.0,6047080.0,20000000.0,20000000.0,0.3024,green
2025-11-21,CP07,LNG Feedgas Buyer G,commissioning,6419120.0,0.0,-155010.0,6264110.0,6000000.0,3000000.0,2.088,red
2025-11-21,CP08,Regional Marketer H,active,7495857.5,18944550.0,544750.0,0.0,3000000.0,3000000.0,0.0,green
2025-11-24,CP01,Permian Producer A,active,0.0,10770860.0,779345.0,0.0,8000000.0,8000000.0,0.0,green
2025-11-24,CP02,Haynesville Producer B,active,0.0,9754022.5,149590.0,0.0,5000000.0,5000000.0,0.0,green
2025-11-24,CP03,Gulf Coast Utility C,active,8249162.5,0.0,-218880.0,8030282.5,15000000.0,15000000.0,0.5354,green
2025-11-24,CP04,Texas Power Generator D,active,5807760.0,0.0,-161530.0,5646230.0,10000000.0,10000000.0,0.5646,green
2025-11-24,CP05,Petrochemical Plant E,active,1906500.0,0.0,12757.5,1919257.5,12000000.0,12000000.0,0.1599,green
2025-11-24,CP06,LNG Feedgas Buyer F,active,6689100.0,0.0,-157870.0,6531230.0,20000000.0,20000000.0,0.3266,green
2025-11-24,CP07,LNG Feedgas Buyer G,commissioning,6962465.0,0.0,-89707.5,6872757.5,6000000.0,3000000.0,2.2909,red
2025-11-24,CP08,Regional Marketer H,active,8349012.5,19860890.0,420527.5,0.0,3000000.0,3000000.0,0.0,green
2025-11-25,CP01,Permian Producer A,active,0.0,4723825.0,531465.0,0.0,8000000.0,8000000.0,0.0,green
2025-11-25,CP02,Haynesville Producer B,active,0.0,3728275.0,-28370.0,0.0,5000000.0,5000000.0,0.0,green
2025-11-25,CP03,Gulf Coast Utility C,active,2517600.0,0.0,-118640.0,2398960.0,15000000.0,15000000.0,0.1599,green
2025-11-25,CP04,Texas Power Generator D,active,3547100.0,0.0,-39032.5,3508067.5,10000000.0,10000000.0,0.3508,green
2025-11-25,CP05,Petrochemical Plant E,active,471800.0,0.0,41670.0,513470.0,12000000.0,12000000.0,0.0428,green
2025-11-25,CP06,LNG Feedgas Buyer F,active,3179875.0,0.0,-26940.0,3152935.0,20000000.0,20000000.0,0.1576,green
2025-11-25,CP07,LNG Feedgas Buyer G,commissioning,4233675.0,0.0,15715.0,4249390.0,6000000.0,3000000.0,1.4165,red
2025-11-25,CP08,Regional Marketer H,active,6741875.0,7538100.0,357485.0,0.0,3000000.0,3000000.0,0.0,green
2025-11-26,CP01,Permian Producer A,active,0.0,4919120.0,788035.0,0.0,8000000.0,8000000.0,0.0,green
2025-11-26,CP02,Haynesville Producer B,active,0.0,3890090.0,169155.0,0.0,5000000.0,5000000.0,0.0,green
2025-11-26,CP03,Gulf Coast Utility C,active,2626760.0,0.0,-220180.0,2406580.0,15000000.0,15000000.0,0.1604,green
2025-11-26,CP04,Texas Power Generator D,active,3697440.0,0.0,-164137.5,3533302.5,10000000.0,10000000.0,0.3533,green
2025-11-26,CP05,Petrochemical Plant E,active,494900.0,0.0,10365.0,505265.0,12000000.0,12000000.0,0.0421,green
2025-11-26,CP06,LNG Feedgas Buyer F,active,3307070.0,0.0,-173985.0,3133085.0,20000000.0,20000000.0,0.1567,green
2025-11-26,CP07,LNG Feedgas Buyer G,commissioning,4428390.0,0.0,-95565.0,4332825.0,6000000.0,3000000.0,1.4443,red
2025-11-26,CP08,Regional Marketer H,active,7043260.0,7848080.0,365950.0,0.0,3000000.0,3000000.0,0.0,green
2025-11-28,CP01,Permian Producer A,active,0.0,5309710.0,650775.0,0.0,8000000.0,8000000.0,0.0,green
2025-11-28,CP02,Haynesville Producer B,active,0.0,4213720.0,107285.0,0.0,5000000.0,5000000.0,0.0,green
2025-11-28,CP03,Gulf Coast Utility C,active,2845080.0,0.0,-163100.0,2681980.0,15000000.0,15000000.0,0.1788,green
2025-11-28,CP04,Texas Power Generator D,active,3998120.0,0.0,-70017.5,3928102.5,10000000.0,10000000.0,0.3928,green
2025-11-28,CP05,Petrochemical Plant E,active,541100.0,0.0,10065.0,551165.0,12000000.0,12000000.0,0.0459,green
2025-11-28,CP06,LNG Feedgas Buyer F,active,3561460.0,0.0,-65525.0,3495935.0,20000000.0,20000000.0,0.1748,green
2025-11-28,CP07,LNG Feedgas Buyer G,commissioning,4817820.0,0.0,-48945.0,4768875.0,6000000.0,3000000.0,1.5896,red
2025-11-28,CP08,Regional Marketer H,active,7646030.0,8468040.0,247765.0,0.0,3000000.0,3000000.0,0.0,green
2025-12-01,CP01,Permian Producer A,active,0.0,6394235.0,1286925.0,0.0,8000000.0,8000000.0,0.0,green
2025-12-01,CP02,Haynesville Producer B,active,0.0,4756605.0,688630.0,0.0,5000000.0,5000000.0,0.0,green
2025-12-01,CP03,Gulf Coast Utility C,active,3151140.0,0.0,-415800.0,2735340.0,15000000.0,15000000.0,0.1824,green
2025-12-01,CP04,Texas Power Generator D,active,4401832.5,0.0,-344380.0,4057452.5,10000000.0,10000000.0,0.4057,green
2025-12-01,CP05,Petrochemical Plant E,active,647200.0,0.0,-108000.0,539200.0,12000000.0,12000000.0,0.0449,green
2025-12-01,CP06,LNG Feedgas Buyer F,active,3929985.0,0.0,-367350.0,3562635.0,20000000.0,20000000.0,0.1781,green
2025-12-01,CP07,LNG Feedgas Buyer G,commissioning,5309730.0,0.0,-354600.0,4955130.0,6000000.0,3000000.0,1.6517,red
2025-12-01,CP08,Regional Marketer H,active,8563610.0,9301095.0,11277.5,0.0,3000000.0,3000000.0,0.0,green
2025-12-02,CP01,Permian Producer A,active,0.0,7064420.0,881760.0,0.0,8000000.0,8000000.0,0.0,green
2025-12-02,CP02,Haynesville Producer B,active,0.0,4973985.0,351475.0,0.0,5000000.0,5000000.0,0.0,green
2025-12-02,CP03,Gulf Coast Utility C,active,3238880.0,0.0,-256940.0,2981940.0,15000000.0,15000000.0,0.1988,green
2025-12-02,CP04,Texas Power Generator D,active,4504865.0,0.0,-150457.5,4354407.5,10000000.0,10000000.0,0.4354,green
2025-12-02,CP05,Petrochemical Plant E,active,705850.0,0.0,-50025.0,655825.0,12000000.0,12000000.0,0.0547,green
2025-12-02,CP06,LNG Feedgas Buyer F,active,4044120.0,0.0,-173235.0,3870885.0,20000000.0,20000000.0,0.1935,green
2025-12-02,CP07,LNG Feedgas Buyer G,commissioning,5412210.0,0.0,-179655.0,5232555.0,6000000.0,3000000.0,1.7442,red
2025-12-02,CP08,Regional Marketer H,active,8869670.0,9508565.0,59260.0,0.0,3000000.0,3000000.0,0.0,green
2025-12-03,CP01,Permian Producer A,active,0.0,7737455.0,902895.0,0.0,8000000.0,8000000.0,0.0,green
2025-12-03,CP02,Haynesville Producer B,active,0.0,5191590.0,421080.0,0.0,5000000.0,5000000.0,0.0,green
2025-12-03,CP03,Gulf Coast Utility C,active,3326620.0,0.0,-264880.0,3061740.0,15000000.0,15000000.0,0.2041,green
2025-12-03,CP04,Texas Power Generator D,active,4607897.5,0.0,-223777.5,4384120.0,10000000.0,10000000.0,0.4384,green
2025-12-03,CP05,Petrochemical Plant E,active,764650.0,0.0,-54600.0,710050.0,12000000.0,12000000.0,0.0592,green
2025-12-03,CP06,LNG Feedgas Buyer F,active,4158255.0,0.0,-187620.0,3970635.0,20000000.0,20000000.0,0.1985,green
2025-12-03,CP07,LNG Feedgas Buyer G,commissioning,5514690.0,0.0,-187710.0,5326980.0,6000000.0,3000000.0,1.7757,red
2025-12-03,CP08,Regional Marketer H,active,9176780.0,9716710.0,69957.5,0.0,3000000.0,3000000.0,0.0,green
2025-12-04,CP01,Permian Producer A,active,0.0,8413340.0,917000.0,0.0,8000000.0,8000000.0,0.0,green
2025-12-04,CP02,Haynesville Producer B,active,0.0,5409420.0,461315.0,0.0,5000000.0,5000000.0,0.0,green
2025-12-04,CP03,Gulf Coast Utility C,active,3414360.0,0.0,-271620.0,3142740.0,15000000.0,15000000.0,0.2095,green
2025-12-04,CP04,Texas Power Generator D,active,4710930.0,0.0,-262035.0,4448895.0,10000000.0,10000000.0,0.4449,green
2025-12-04,CP05,Petrochemical Plant E,active,823600.0,0.0,-40125.0,783475.0,12000000.0,12000000.0,0.0653,green
2025-12-04,CP06,LNG Feedgas Buyer F,active,4272390.0,0.0,-191205.0,4081185.0,20000000.0,20000000.0,0.2041,green
2025-12-04,CP07,LNG Feedgas Buyer G,commissioning,5617170.0,0.0,-199065.0,5418105.0,6000000.0,3000000.0,1.806,red
2025-12-04,CP08,Regional Marketer H,active,9484940.0,9925530.0,94822.5,0.0,3000000.0,3000000.0,0.0,green
2025-12-05,CP01,Permian Producer A,active,0.0,9117725.0,1291350.0,0.0,8000000.0,8000000.0,0.0,green
2025-12-05,CP02,Haynesville Producer B,active,0.0,5629500.0,838230.0,0.0,5000000.0,5000000.0,0.0,green
2025-12-05,CP03,Gulf Coast Utility C,active,3502100.0,0.0,-410585.0,3091515.0,15000000.0,15000000.0,0.2061,green
2025-12-05,CP04,Texas Power Generator D,active,4813962.5,0.0,-515792.5,4298170.0,10000000.0,10000000.0,0.4298,green
2025-12-05,CP05,Petrochemical Plant E,active,884050.0,0.0,-236570.0,647480.0,12000000.0,12000000.0,0.054,green
2025-12-05,CP06,LNG Feedgas Buyer F,active,4386525.0,0.0,-429550.0,3956975.0,20000000.0,20000000.0,0.1978,green
2025-12-05,CP07,LNG Feedgas Buyer G,commissioning,5719650.0,0.0,-367020.0,5352630.0,6000000.0,3000000.0,1.7842,red
2025-12-05,CP08,Regional Marketer H,active,9803600.0,10141100.0,69812.5,0.0,3000000.0,3000000.0,0.0,green
2025-12-08,CP01,Permian Producer A,active,0.0,11230880.0,1117637.5,0.0,8000000.0,8000000.0,0.0,green
2025-12-08,CP02,Haynesville Producer B,active,0.0,6289740.0,525155.0,0.0,5000000.0,5000000.0,0.0,green
2025-12-08,CP03,Gulf Coast Utility C,active,3765320.0,0.0,-272427.5,3492892.5,15000000.0,15000000.0,0.2329,green
2025-12-08,CP04,Texas Power Generator D,active,5123060.0,0.0,-328477.5,4794582.5,10000000.0,10000000.0,0.4795,green
2025-12-08,CP05,Petrochemical Plant E,active,1065400.0,0.0,10445.0,1075845.0,12000000.0,12000000.0,0.0897,green
2025-12-08,CP06,LNG Feedgas Buyer F,active,4728930.0,0.0,-265835.0,4463095.0,20000000.0,20000000.0,0.2232,green
2025-12-08,CP07,LNG Feedgas Buyer G,commissioning,6027090.0,0.0,-324135.0,5702955.0,6000000.0,3000000.0,1.901,red
2025-12-08,CP08,Regional Marketer H,active,10759580.0,10787810.0,13507.5,0.0,3000000.0,3000000.0,0.0,green
2025-12-09,CP01,Permian Producer A,active,0.0,11894415.0,570277.5,0.0,8000000.0,8000000.0,0.0,green
2025-12-09,CP02,Haynesville Producer B,active,0.0,6506595.0,-66000.0,0.0,5000000.0,5000000.0,0.0,green
2025-12-09,CP03,Gulf Coast Utility C,active,3853060.0,0.0,37612.5,3890672.5,15000000.0,15000000.0,0.2594,green
2025-12-09,CP04,Texas Power Generator D,active,5226092.5,0.0,29090.0,5255182.5,10000000.0,10000000.0,0.5255,green
2025-12-09,CP05,Petrochemical Plant E,active,1123700.0,0.0,295380.0,1419080.0,12000000.0,12000000.0,0.1183,green
2025-12-09,CP06,LNG Feedgas Buyer F,active,4843065.0,0.0,91060.0,4934125.0,20000000.0,20000000.0,0.2467,green
2025-12-09,CP07,LNG Feedgas Buyer G,commissioning,6129570.0,0.0,-96990.0,6032580.0,6000000.0,3000000.0,2.0109,red
2025-12-09,CP08,Regional Marketer H,active,11063190.0,10993705.0,39752.5,109237.5,3000000.0,3000000.0,0.0364,green
2025-12-10,CP01,Permian Producer A,active,0.0,12544650.0,398240.0,0.0,8000000.0,8000000.0,0.0,green
2025-12-10,CP02,Haynesville Producer B,active,0.0,6722400.0,-166107.5,0.0,5000000.0,5000000.0,0.0,green
2025-12-10,CP03,Gulf Coast Utility C,active,3940800.0,0.0,97362.5,4038162.5,15000000.0,15000000.0,0.2692,green
2025-12-10,CP04,Texas Power Generator D,active,5329125.0,0.0,91170.0,5420295.0,10000000.0,10000000.0,0.542,green
2025-12-10,CP05,Petrochemical Plant E,active,1181300.0,0.0,319560.0,1500860.0,12000000.0,12000000.0,0.1251,green
2025-12-10,CP06,LNG Feedgas Buyer F,active,4957200.0,0.0,162915.0,5120115.0,20000000.0,20000000.0,0.256,green
2025-12-10,CP07,LNG Feedgas Buyer G,commissioning,6232050.0,0.0,-26220.0,6205830.0,6000000.0,3000000.0,2.0686,red
2025-12-10,CP08,Regional Marketer H,active,11361900.0,11196450.0,81142.5,246592.5,3000000.0,3000000.0,0.0822,green
2025-12-11,CP01,Permian Producer A,active,0.0,13169235.0,80365.0,0.0,8000000.0,8000000.0,0.0,green
2025-12-11,CP02,Haynesville Producer B,active,0.0,6936180.0,-808902.5,0.0,5000000.0,5000000.0,0.0,green
2025-12-11,CP03,Gulf Coast Utility C,active,4028540.0,0.0,339137.5,4367677.5,15000000.0,15000000.0,0.2912,green
2025-12-11,CP04,Texas Power Generator D,active,5432157.5,0.0,354637.5,5786795.0,10000000.0,10000000.0,0.5787,green
2025-12-11,CP05,Petrochemical Plant E,active,1237550.0,0.0,585890.0,1823440.0,12000000.0,12000000.0,0.152,green
2025-12-11,CP06,LNG Feedgas Buyer F,active,5071335.0,0.0,412120.0,5483455.0,20000000.0,20000000.0,0.2742,green
2025-12-11,CP07,LNG Feedgas Buyer G,commissioning,6334530.0,0.0,115350.0,6449880.0,6000000.0,3000000.0,2.15,red
2025-12-11,CP08,Regional Marketer H,active,11651160.0,11393120.0,-157047.5,100992.5,3000000.0,3000000.0,0.0337,green
2025-12-12,CP01,Permian Producer A,active,0.0,13767220.0,-200945.0,0.0,8000000.0,8000000.0,0.0,green
2025-12-12,CP02,Haynesville Producer B,active,0.0,7147860.0,-1142422.5,0.0,5000000.0,5000000.0,0.0,green
2025-12-12,CP03,Gulf Coast Utility C,active,4116280.0,0.0,508812.5,4625092.5,15000000.0,15000000.0,0.3083,green
2025-12-12,CP04,Texas Power Generator D,active,5535190.0,0.0,519555.0,6054745.0,10000000.0,10000000.0,0.6055,green
2025-12-12,CP05,Petrochemical Plant E,active,1292400.0,0.0,697075.0,1989475.0,12000000.0,12000000.0,0.1658,green
2025-12-12,CP06,LNG Feedgas Buyer F,active,5185470.0,0.0,576315.0,5761785.0,20000000.0,20000000.0,0.2881,green
2025-12-12,CP07,LNG Feedgas Buyer G,commissioning,6437010.0,0.0,303605.0,6740615.0,6000000.0,3000000.0,2.2469,red
2025-12-12,CP08,Regional Marketer H,active,11930620.0,11583490.0,-241622.5,105507.5,3000000.0,3000000.0,0.0352,green
2025-12-15,CP01,Permian Producer A,active,0.0,15545025.0,-321267.5,0.0,8000000.0,8000000.0,0.0,green
2025-12-15,CP02,Haynesville Producer B,active,0.0,7781625.0,-1344880.0,0.0,5000000.0,5000000.0,0.0,green
2025-12-15,CP03,Gulf Coast Utility C,active,4379500.0,0.0,598985.0,4978485.0,15000000.0,15000000.0,0.3319,green
2025-12-15,CP04,Texas Power Generator D,active,5844287.5,0.0,601175.0,6445462.5,10000000.0,10000000.0,0.6445,green
2025-12-15,CP05,Petrochemical Plant E,active,1456100.0,0.0,768170.0,2224270.0,12000000.0,12000000.0,0.1854,green
2025-12-15,CP06,LNG Feedgas Buyer F,active,5527875.0,0.0,657070.0,6184945.0,20000000.0,20000000.0,0.3092,green
2025-12-15,CP07,LNG Feedgas Buyer G,commissioning,6744450.0,0.0,394710.0,7139160.0,6000000.0,3000000.0,2.3797,red
2025-12-15,CP08,Regional Marketer H,active,12763050.0,12150775.0,-346050.0,266225.0,3000000.0,3000000.0,0.0887,green
2025-12-16,CP01,Permian Producer A,active,0.0,16096460.0,-554697.5,0.0,8000000.0,8000000.0,0.0,green
2025-12-16,CP02,Haynesville Producer B,active,0.0,7989630.0,-1694935.0,0.0,5000000.0,5000000.0,0.0,green
2025-12-16,CP03,Gulf Coast Utility C,active,4467240.0,0.0,753600.0,5220840.0,15000000.0,15000000.0,0.3481,green
2025-12-16,CP04,Texas Power Generator D,active,5947320.0,0.0,762247.5,6709567.5,10000000.0,10000000.0,0.671,green
2025-12-16,CP05,Petrochemical Plant E,active,1508500.0,0.0,877040.0,2385540.0,12000000.0,12000000.0,0.1988,green
2025-12-16,CP06,LNG Feedgas Buyer F,active,5642010.0,0.0,799495.0,6441505.0,20000000.0,20000000.0,0.3221,green
2025-12-16,CP07,LNG Feedgas Buyer G,commissioning,6846930.0,0.0,566100.0,7413030.0,6000000.0,3000000.0,2.471,red
2025-12-16,CP08,Regional Marketer H,active,13025360.0,12330120.0,-445960.0,249280.0,3000000.0,3000000.0,0.0831,green
2025-12-17,CP01,Permian Producer A,active,0.0,16655495.0,-455667.5,0.0,8000000.0,8000000.0,0.0,green
2025-12-17,CP02,Haynesville Producer B,active,0.0,8198235.0,-1388980.0,0.0,5000000.0,5000000.0,0.0,green
2025-12-17,CP03,Gulf Coast Utility C,active,4554980.0,0.0,640195.0,5195175.0,15000000.0,15000000.0,0.3463,green
2025-12-17,CP04,Texas Power Generator D,active,6050352.5,0.0,639700.0,6690052.5,10000000.0,10000000.0,0.669,green
2025-12-17,CP05,Petrochemical Plant E,active,1561300.0,0.0,775430.0,2336730.0,12000000.0,12000000.0,0.1947,green
2025-12-17,CP06,LNG Feedgas Buyer F,active,5756145.0,0.0,704080.0,6460225.0,20000000.0,20000000.0,0.323,green
2025-12-17,CP07,LNG Feedgas Buyer G,commissioning,6949410.0,0.0,433410.0,7382820.0,6000000.0,3000000.0,2.4609,red
2025-12-17,CP08,Regional Marketer H,active,13290470.0,12511265.0,-326690.0,452515.0,3000000.0,3000000.0,0.1508,green
2025-12-18,CP01,Permian Producer A,active,0.0,17234480.0,-299822.5,0.0,8000000.0,8000000.0,0.0,green
2025-12-18,CP02,Haynesville Producer B,active,0.0,8408415.0,-1410875.0,0.0,5000000.0,5000000.0,0.0,green
2025-12-18,CP03,Gulf Coast Utility C,active,4642720.0,0.0,633985.0,5276705.0,15000000.0,15000000.0,0.3518,green
2025-12-18,CP04,Texas Power Generator D,active,6153385.0,0.0,620522.5,6773907.5,10000000.0,10000000.0,0.6774,green
2025-12-18,CP05,Petrochemical Plant E,active,1615150.0,0.0,819825.0,2434975.0,12000000.0,12000000.0,0.2029,green
2025-12-18,CP06,LNG Feedgas Buyer F,active,5870280.0,0.0,667755.0,6538035.0,20000000.0,20000000.0,0.3269,green
2025-12-18,CP07,LNG Feedgas Buyer G,commissioning,7051890.0,0.0,423775.0,7475665.0,6000000.0,3000000.0,2.4919,red
2025-12-18,CP08,Regional Marketer H,active,13562930.0,12697135.0,-474800.0,390995.0,3000000.0,3000000.0,0.1303,green
2025-12-19,CP01,Permian Producer A,active,0.0,17785915.0,-450097.5,0.0,8000000.0,8000000.0,0.0,green
2025-12-19,CP02,Haynesville Producer B,active,0.0,8616420.0,-1388250.0,0.0,5000000.0,5000000.0,0.0,green
2025-12-19,CP03,Gulf Coast Utility C,active,4730460.0,0.0,665965.0,5396425.0,15000000.0,15000000.0,0.3598,green
2025-12-19,CP04,Texas Power Generator D,active,6256417.5,0.0,641635.0,6898052.5,10000000.0,10000000.0,0.6898,green
2025-12-19,CP05,Petrochemical Plant E,active,1667550.0,0.0,793330.0,2460880.0,12000000.0,12000000.0,0.2051,green
2025-12-19,CP06,LNG Feedgas Buyer F,active,5984415.0,0.0,713810.0,6698225.0,20000000.0,20000000.0,0.3349,green
2025-12-19,CP07,LNG Feedgas Buyer G,commissioning,7154370.0,0.0,439550.0,7593920.0,6000000.0,3000000.0,2.5313,red
2025-12-19,CP08,Regional Marketer H,active,13825240.0,12876480.0,-381320.0,567440.0,3000000.0,3000000.0,0.1891,green
2025-12-22,CP01,Permian Producer A,active,0.0,19448770.0,-314065.0,0.0,8000000.0,8000000.0,0.0,green
2025-12-22,CP02,Haynesville Producer B,active,0.0,9241110.0,-1275852.5,0.0,5000000.0,5000000.0,0.0,green
2025-12-22,CP03,Gulf Coast Utility C,active,4993680.0,0.0,611652.5,5605332.5,15000000.0,15000000.0,0.3737,green
2025-12-22,CP04,Texas Power Generator D,active,6565515.0,0.0,566270.0,7131785.0,10000000.0,10000000.0,0.7132,green
2025-12-22,CP05,Petrochemical Plant E,active,1825200.0,0.0,785385.0,2610585.0,12000000.0,12000000.0,0.2175,green
2025-12-22,CP06,LNG Feedgas Buyer F,active,6326820.0,0.0,625545.0,6952365.0,20000000.0,20000000.0,0.3476,green
2025-12-22,CP07,LNG Feedgas Buyer G,commissioning,7461810.0,0.0,374290.0,7836100.0,6000000.0,3000000.0,2.612,red
2025-12-22,CP08,Regional Marketer H,active,14615320.0,13416540.0,-422032.5,776747.5,3000000.0,3000000.0,0.2589,green
2025-12-23,CP01,Permian Producer A,active,0.0,19981205.0,-349297.5,0.0,8000000.0,8000000.0,0.0,green
2025-12-23,CP02,Haynesville Producer B,active,0.0,9447615.0,-542325.0,0.0,5000000.0,5000000.0,0.0,green
2025-12-23,CP03,Gulf Coast Utility C,active,5081420.0,0.0,403385.0,5484805.0,15000000.0,15000000.0,0.3657,green
2025-12-23,CP04,Texas Power Generator D,active,6668547.5,0.0,357685.0,7026232.5,10000000.0,10000000.0,0.7026,green
2025-12-23,CP05,Petrochemical Plant E,active,1876600.0,0.0,383820.0,2260420.0,12000000.0,12000000.0,0.1884,green
2025-12-23,CP06,LNG Feedgas Buyer F,active,6440955.0,0.0,523830.0,6964785.0,20000000.0,20000000.0,0.3482,green
2025-12-23,CP07,LNG Feedgas Buyer G,commissioning,7564290.0,0.0,28927.5,7593217.5,6000000.0,3000000.0,2.5311,red
2025-12-23,CP08,Regional Marketer H,active,14870630.0,13591385.0,31000.0,1310245.0,3000000.0,3000000.0,0.4367,green
2025-12-24,CP01,Permian Producer A,active,0.0,20506990.0,-447247.5,0.0,8000000.0,8000000.0,0.0,green
2025-12-24,CP02,Haynesville Producer B,active,0.0,9653595.0,-824730.0,0.0,5000000.0,5000000.0,0.0,green
2025-12-24,CP03,Gulf Coast Utility C,active,5169160.0,0.0,483100.0,5652260.0,15000000.0,15000000.0,0.3768,green
2025-12-24,CP04,Texas Power Generator D,active,6771580.0,0.0,431782.5,7203362.5,10000000.0,10000000.0,0.7203,green
2025-12-24,CP05,Petrochemical Plant E,active,1927650.0,0.0,532725.0,2460375.0,12000000.0,12000000.0,0.205,green
2025-12-24,CP06,LNG Feedgas Buyer F,active,6555090.0,0.0,557905.0,7112995.0,20000000.0,20000000.0,0.3556,green
2025-12-24,CP07,LNG Feedgas Buyer G,commissioning,7666770.0,0.0,155037.5,7821807.5,6000000.0,3000000.0,2.6073,red
2025-12-24,CP08,Regional Marketer H,active,15123490.0,13764655.0,-145435.0,1213400.0,3000000.0,3000000.0,0.4045,green
2025-12-26,CP01,Permian Producer A,active,0.0,15858260.0,-262112.5,0.0,8000000.0,8000000.0,0.0,green
2025-12-26,CP02,Haynesville Producer B,active,0.0,5528205.0,-496580.0,0.0,5000000.0,5000000.0,0.0,green
2025-12-26,CP03,Gulf Coast Utility C,active,2281240.0,0.0,382050.0,2663290.0,15000000.0,15000000.0,0.1776,green
2025-12-26,CP04,Texas Power Generator D,active,2678845.0,0.0,307397.5,2986242.5,10000000.0,10000000.0,0.2986,green
2025-12-26,CP05,Petrochemical Plant E,active,1442450.0,0.0,398055.0,1840505.0,12000000.0,12000000.0,0.1534,green
2025-12-26,CP06,LNG Feedgas Buyer F,active,2967510.0,0.0,461345.0,3428855.0,20000000.0,20000000.0,0.1714,green
2025-12-26,CP07,LNG Feedgas Buyer G,commissioning,2664480.0,0.0,-6682.5,2657797.5,6000000.0,3000000.0,0.8859,amber
2025-12-26,CP08,Regional Marketer H,active,7380410.0,5023195.0,-33335.0,2323880.0,3000000.0,3000000.0,0.7746,amber
2025-12-29,CP01,Permian Producer A,active,0.0,17534415.0,277922.5,0.0,8000000.0,8000000.0,0.0,green
2025-12-29,CP02,Haynesville Producer B,active,0.0,6153945.0,329945.0,0.0,5000000.0,5000000.0,0.0,green
2025-12-29,CP03,Gulf Coast Utility C,active,2544460.0,0.0,2177.5,2546637.5,15000000.0,15000000.0,0.1698,green
2025-12-29,CP04,Texas Power Generator D,active,2987942.5,0.0,782.5,2988725.0,10000000.0,10000000.0,0.2989,green
2025-12-29,CP05,Petrochemical Plant E,active,1600800.0,0.0,54900.0,1655700.0,12000000.0,12000000.0,0.138,green
2025-12-29,CP06,LNG Feedgas Buyer F,active,3309915.0,0.0,175225.0,3485140.0,20000000.0,20000000.0,0.1743,green
2025-12-29,CP07,LNG Feedgas Buyer G,commissioning,2971920.0,0.0,-411150.0,2560770.0,6000000.0,3000000.0,0.8536,amber
2025-12-29,CP08,Regional Marketer H,active,8175390.0,5566405.0,383567.5,2992552.5,3000000.0,3000000.0,0.9975,amber
2025-12-30,CP01,Permian Producer A,active,0.0,18163750.0,274257.5,0.0,8000000.0,8000000.0,0.0,green
2025-12-30,CP02,Haynesville Producer B,active,0.0,6368100.0,339100.0,0.0,5000000.0,5000000.0,0.0,green
2025-12-30,CP03,Gulf Coast Utility C,active,2632200.0,0.0,437.5,2632637.5,15000000.0,15000000.0,0.1755,green
2025-12-30,CP04,Texas Power Generator D,active,3090975.0,0.0,-5500.0,3085475.0,10000000.0,10000000.0,0.3085,green
2025-12-30,CP05,Petrochemical Plant E,active,1657300.0,0.0,52650.0,1709950.0,12000000.0,12000000.0,0.1425,green
2025-12-30,CP06,LNG Feedgas Buyer F,active,3424050.0,0.0,168590.0,3592640.0,20000000.0,20000000.0,0.1796,green
2025-12-30,CP07,LNG Feedgas Buyer G,commissioning,3074400.0,0.0,-416880.0,2657520.0,6000000.0,3000000.0,0.8858,amber
2025-12-30,CP08,Regional Marketer H,active,8466400.0,5764200.0,377602.5,3079802.5,3000000.0,3000000.0,1.0266,red
2025-12-31,CP01,Permian Producer A,active,0.0,18755085.0,265592.5,0.0,8000000.0,8000000.0,0.0,green
2025-12-31,CP02,Haynesville Producer B,active,0.0,6579255.0,344255.0,0.0,5000000.0,5000000.0,0.0,green
2025-12-31,CP03,Gulf Coast Utility C,active,2719940.0,0.0,15397.5,2735337.5,15000000.0,15000000.0,0.1824,green
2025-12-31,CP04,Texas Power Generator D,active,3194007.5,0.0,-9532.5,3184475.0,10000000.0,10000000.0,0.3184,green
2025-12-31,CP05,Petrochemical Plant E,active,1711800.0,0.0,51150.0,1762950.0,12000000.0,12000000.0,0.1469,green
2025-12-31,CP06,LNG Feedgas Buyer F,active,3538185.0,0.0,164455.0,3702640.0,20000000.0,20000000.0,0.1851,green
2025-12-31,CP07,LNG Feedgas Buyer G,commissioning,3176880.0,0.0,-416160.0,2760720.0,6000000.0,3000000.0,0.9202,amber
2025-12-31,CP08,Regional Marketer H,active,8743410.0,5952995.0,372387.5,3162802.5,3000000.0,3000000.0,1.0543,red
2026-01-02,CP01,Permian Producer A,active,0.0,19139170.0,-349232.5,0.0,8000000.0,8000000.0,0.0,green
2026-01-02,CP02,Haynesville Producer B,active,0.0,7399485.0,-864935.0,0.0,5000000.0,5000000.0,0.0,green
2026-01-02,CP03,Gulf Coast Utility C,active,3177770.0,0.0,596555.0,3774325.0,15000000.0,15000000.0,0.2516,green
2026-01-02,CP04,Texas Power Generator D,active,3377437.5,0.0,339735.0,3717172.5,10000000.0,10000000.0,0.3717,green
2026-01-02,CP05,Petrochemical Plant E,active,2116320.0,0.0,647640.0,2763960.0,12000000.0,12000000.0,0.2303,green
2026-01-02,CP06,LNG Feedgas Buyer F,active,4423145.0,0.0,660320.0,5083465.0,20000000.0,20000000.0,0.2542,green
2026-01-02,CP07,LNG Feedgas Buyer G,commissioning,3447545.0,0.0,158842.5,3606387.5,6000000.0,3000000.0,1.2021,red
2026-01-02,CP08,Regional Marketer H,active,8834640.0,6665465.0,-591680.0,1577495.0,3000000.0,3000000.0,0.5258,green
2026-01-05,CP01,Permian Producer A,active,0.0,19697597.5,-1220905.0,0.0,8000000.0,8000000.0,0.0,green
2026-01-05,CP02,Haynesville Producer B,active,0.0,8588530.0,-2641990.0,0.0,5000000.0,5000000.0,0.0,green
2026-01-05,CP03,Gulf Coast Utility C,active,3835015.0,0.0,1434260.0,5269275.0,15000000.0,15000000.0,0.3513,green
2026-01-05,CP04,Texas Power Generator D,active,3649632.5,0.0,841490.0,4491122.5,10000000.0,10000000.0,0.4491,green
2026-01-05,CP05,Petrochemical Plant E,active,2705400.0,0.0,1507910.0,4213310.0,12000000.0,12000000.0,0.3511,green
2026-01-05,CP06,LNG Feedgas Buyer F,active,5656185.0,0.0,1359880.0,7016065.0,20000000.0,20000000.0,0.3508,green
2026-01-05,CP07,LNG Feedgas Buyer G,commissioning,3847642.5,0.0,994945.0,4842587.5,6000000.0,3000000.0,1.6142,red
2026-01-05,CP08,Regional Marketer H,active,8965585.0,7698770.0,-1987120.0,0.0,3000000.0,3000000.0,0.0,green
2026-01-06,CP01,Permian Producer A,active,0.0,19872390.0,-1221522.5,0.0,8000000.0,8000000.0,0.0,green
2026-01-06,CP02,Haynesville Producer B,active,0.0,8958395.0,-2544515.0,0.0,5000000.0,5000000.0,0.0,green
2026-01-06,CP03,Gulf Coast Utility C,active,4035180.0,0.0,1447040.0,5482220.0,15000000.0,15000000.0,0.3655,green
2026-01-06,CP04,Texas Power Generator D,active,3738472.5,0.0,796000.0,4534472.5,10000000.0,10000000.0,0.4534,green
2026-01-06,CP05,Petrochemical Plant E,active,2890410.0,0.0,1439860.0,4330270.0,12000000.0,12000000.0,0.3609,green
2026-01-06,CP06,LNG Feedgas Buyer F,active,6006665.0,0.0,1289150.0,7295815.0,20000000.0,20000000.0,0.3648,green
2026-01-06,CP07,LNG Feedgas Buyer G,commissioning,3977225.0,0.0,984977.5,4962202.5,6000000.0,3000000.0,1.6541,red
2026-01-06,CP08,Regional Marketer H,active,9005450.0,8020505.0,-1872725.0,0.0,3000000.0,3000000.0,0.0,green
2026-01-07,CP01,Permian Producer A,active,0.0,20050932.5,-921480.0,0.0,8000000.0,8000000.0,0.0,green
2026-01-07,CP02,Haynesville Producer B,active,0.0,9337010.0,-2036400.0,0.0,5000000.0,5000000.0,0.0,green
2026-01-07,CP03,Gulf Coast Utility C,active,4241595.0,0.0,1145750.0,5387345.0,15000000.0,15000000.0,0.3592,green
2026-01-07,CP04,Texas Power Generator D,active,3827937.5,0.0,659160.0,4487097.5,10000000.0,10000000.0,0.4487,green
2026-01-07,CP05,Petrochemical Plant E,active,3079170.0,0.0,1190850.0,4270020.0,12000000.0,12000000.0,0.3558,green
2026-01-07,CP06,LNG Feedgas Buyer F,active,6377145.0,0.0,1087920.0,7465065.0,20000000.0,20000000.0,0.3733,green
2026-01-07,CP07,LNG Feedgas Buyer G,commissioning,4108057.5,0.0,740320.0,4848377.5,6000000.0,3000000.0,1.6161,red
2026-01-07,CP08,Regional Marketer H,active,9046565.0,8349740.0,-1510380.0,0.0,3000000.0,3000000.0,0.0,green
2026-01-08,CP01,Permian Producer A,active,0.0,20226775.0,-1056197.5,0.0,8000000.0,8000000.0,0.0,green
2026-01-08,CP02,Haynesville Producer B,active,0.0,9709325.0,-2233725.0,0.0,5000000.0,5000000.0,0.0,green
2026-01-08,CP03,Gulf Coast Utility C,active,4443510.0,0.0,1290555.0,5734065.0,15000000.0,15000000.0,0.3823,green
2026-01-08,CP04,Texas Power Generator D,active,3916952.5,0.0,704145.0,4621097.5,10000000.0,10000000.0,0.4621,green
2026-01-08,CP05,Petrochemical Plant E,active,3265230.0,0.0,1274050.0,4539280.0,12000000.0,12000000.0,0.3783,green
2026-01-08,CP06,LNG Feedgas Buyer F,active,6733225.0,0.0,1152740.0,7885965.0,20000000.0,20000000.0,0.3943,green
2026-01-08,CP07,LNG Feedgas Buyer G,commissioning,4237990.0,0.0,881907.5,5119897.5,6000000.0,3000000.0,1.7066,red
2026-01-08,CP08,Regional Marketer H,active,9086780.0,8673575.0,-1635260.0,0.0,3000000.0,3000000.0,0.0,green
2026-01-09,CP01,Permian Producer A,active,0.0,20401867.5,-1136315.0,0.0,8000000.0,8000000.0,0.0,green
2026-01-09,CP02,Haynesville Producer B,active,0.0,10079890.0,-2271450.0,0.0,5000000.0,5000000.0,0.0,green
2026-01-09,CP03,Gulf Coast Utility C,active,4644175.0,0.0,1388810.0,6032985.0,15000000.0,15000000.0,0.4022,green
2026-01-09,CP04,Texas Power Generator D,active,4005842.5,0.0,692780.0,4698622.5,10000000.0,10000000.0,0.4699,green
2026-01-09,CP05,Petrochemical Plant E,active,3450540.0,0.0,1269050.0,4719590.0,12000000.0,12000000.0,0.3933,green
2026-01-09,CP06,LNG Feedgas Buyer F,active,7085305.0,0.0,1180740.0,8266045.0,20000000.0,20000000.0,0.4133,green
2026-01-09,CP07,LNG Feedgas Buyer G,commissioning,4367672.5,0.0,993745.0,5361417.5,6000000.0,3000000.0,1.7871,red
2026-01-09,CP08,Regional Marketer H,active,9126745.0,8995910.0,-1625950.0,0.0,3000000.0,3000000.0,0.0,green
2026-01-12,CP01,Permian Producer A,active,0.0,20927595.0,-880587.5,0.0,8000000.0,8000000.0,0.0,green
2026-01-12,CP02,Haynesville Producer B,active,0.0,11192635.0,-1876305.0,0.0,5000000.0,5000000.0,0.0,green
2026-01-12,CP03,Gulf Coast Utility C,active,5246920.0,0.0,1105565.0,6352485.0,15000000.0,15000000.0,0.4235,green
2026-01-12,CP04,Texas Power Generator D,active,4272587.5,0.0,588335.0,4860922.5,10000000.0,10000000.0,0.4861,green
2026-01-12,CP05,Petrochemical Plant E,active,4006920.0,0.0,1066670.0,5073590.0,12000000.0,12000000.0,0.4228,green
2026-01-12,CP06,LNG Feedgas Buyer F,active,8143945.0,0.0,963900.0,9107845.0,20000000.0,20000000.0,0.4554,green
2026-01-12,CP07,LNG Feedgas Buyer G,commissioning,4756870.0,0.0,751247.5,5508117.5,6000000.0,3000000.0,1.836,red
2026-01-12,CP08,Regional Marketer H,active,9246790.0,9963815.0,-1359190.0,0.0,3000000.0,3000000.0,0.0,green
2026-01-13,CP01,Permian Producer A,active,0.0,21104637.5,-773145.0,0.0,8000000.0,8000000.0,0.0,green
2026-01-13,CP02,Haynesville Producer B,active,0.0,11567750.0,-1663090.0,0.0,5000000.0,5000000.0,0.0,green
2026-01-13,CP03,Gulf Coast Utility C,active,5450835.0,0.0,1008300.0,6459135.0,15000000.0,15000000.0,0.4306,green
2026-01-13,CP04,Texas Power Generator D,active,4361802.5,0.0,525870.0,4887672.5,10000000.0,10000000.0,0.4888,green
2026-01-13,CP05,Petrochemical Plant E,active,4194180.0,0.0,956710.0,5150890.0,12000000.0,12000000.0,0.4292,green
2026-01-13,CP06,LNG Feedgas Buyer F,active,8506425.0,0.0,866820.0,9373245.0,20000000.0,20000000.0,0.4687,green
2026-01-13,CP07,LNG Feedgas Buyer G,commissioning,4887202.5,0.0,661265.0,5548467.5,6000000.0,3000000.0,1.8495,red
2026-01-13,CP08,Regional Marketer H,active,9287405.0,10290050.0,-1195920.0,0.0,3000000.0,3000000.0,0.0,green
2026-01-14,CP01,Permian Producer A,active,0.0,21283630.0,-790382.5,0.0,8000000.0,8000000.0,0.0,green
2026-01-14,CP02,Haynesville Producer B,active,0.0,11947415.0,-1582685.0,0.0,5000000.0,5000000.0,0.0,green
2026-01-14,CP03,Gulf Coast Utility C,active,5658000.0,0.0,1110410.0,6768410.0,15000000.0,15000000.0,0.4512,green
2026-01-14,CP04,Texas Power Generator D,active,4451342.5,0.0,457980.0,4909322.5,10000000.0,10000000.0,0.4909,green
2026-01-14,CP05,Petrochemical Plant E,active,4383390.0,0.0,865380.0,5248770.0,12000000.0,12000000.0,0.4374,green
2026-01-14,CP06,LNG Feedgas Buyer F,active,8879305.0,0.0,826880.0,9706185.0,20000000.0,20000000.0,0.4853,green
2026-01-14,CP07,LNG Feedgas Buyer G,commissioning,5018185.0,0.0,714167.5,5732352.5,6000000.0,3000000.0,1.9108,red
2026-01-14,CP08,Regional Marketer H,active,9328670.0,10620185.0,-1085615.0,0.0,3000000.0,3000000.0,0.0,green
2026-01-15,CP01,Permian Producer A,active,0.0,21459472.5,-832880.0,0.0,8000000.0,8000000.0,0.0,green
2026-01-15,CP02,Haynesville Producer B,active,0.0,12319730.0,-1691750.0,0.0,5000000.0,5000000.0,0.0,green
2026-01-15,CP03,Gulf Coast Utility C,active,5859915.0,0.0,1154370.0,7014285.0,15000000.0,15000000.0,0.4676,green
2026-01-15,CP04,Texas Power Generator D,active,4540357.5,0.0,489840.0,5030197.5,10000000.0,10000000.0,0.503,green
2026-01-15,CP05,Petrochemical Plant E,active,4569450.0,0.0,917680.0,5487130.0,12000000.0,12000000.0,0.4573,green
2026-01-15,CP06,LNG Feedgas Buyer F,active,9235385.0,0.0,864970.0,10100355.0,20000000.0,20000000.0,0.505,green
2026-01-15,CP07,LNG Feedgas Buyer G,commissioning,5148117.5,0.0,773390.0,5921507.5,6000000.0,3000000.0,1.9738,red
2026-01-15,CP08,Regional Marketer H,active,9368885.0,10944020.0,-1181590.0,0.0,3000000.0,3000000.0,0.0,green
2026-01-16,CP01,Permian Producer A,active,0.0,21637415.0,-719137.5,0.0,8000000.0,8000000.0,0.0,green
2026-01-16,CP02,Haynesville Producer B,active,0.0,12696945.0,-1488335.0,0.0,5000000.0,5000000.0,0.0,green
2026-01-16,CP03,Gulf Coast Utility C,active,6065330.0,0.0,1065505.0,7130835.0,15000000.0,15000000.0,0.4754,green
2026-01-16,CP04,Texas Power Generator D,active,4629722.5,0.0,422475.0,5052197.5,10000000.0,10000000.0,0.5052,green
2026-01-16,CP05,Petrochemical Plant E,active,4757610.0,0.0,807020.0,5564630.0,12000000.0,12000000.0,0.4637,green
2026-01-16,CP06,LNG Feedgas Buyer F,active,9602665.0,0.0,768240.0,10370905.0,20000000.0,20000000.0,0.5185,green
2026-01-16,CP07,LNG Feedgas Buyer G,commissioning,5278750.0,0.0,692857.5,5971607.5,6000000.0,3000000.0,1.9905,red
2026-01-16,CP08,Regional Marketer H,active,9409800.0,11272055.0,-1006770.0,0.0,3000000.0,3000000.0,0.0,green
2026-01-20,CP01,Permian Producer A,active,0.0,22363285.0,539952.5,0.0,8000000.0,8000000.0,0.0,green
2026-01-20,CP02,Haynesville Producer B,active,0.0,14238705.0,40925.0,0.0,5000000.0,5000000.0,0.0,green
2026-01-20,CP03,Gulf Coast Utility C,active,6910490.0,0.0,39295.0,6949785.0,15000000.0,15000000.0,0.4633,green
2026-01-20,CP04,Texas Power Generator D,active,4989532.5,0.0,128865.0,5118397.5,10000000.0,10000000.0,0.5118,green
2026-01-20,CP05,Petrochemical Plant E,active,5524350.0,0.0,69860.0,5594210.0,12000000.0,12000000.0,0.4662,green
2026-01-20,CP06,LNG Feedgas Buyer F,active,11146985.0,0.0,156980.0,11303965.0,20000000.0,20000000.0,0.5652,green
2026-01-20,CP07,LNG Feedgas Buyer G,commissioning,5805980.0,0.0,-103882.5,5702097.5,6000000.0,3000000.0,1.9007,red
2026-01-20,CP08,Regional Marketer H,active,9578160.0,12612395.0,139420.0,0.0,3000000.0,3000000.0,0.0,green
2026-01-21,CP01,Permian Producer A,active,0.0,22569727.5,1788635.0,0.0,8000000.0,8000000.0,0.0,green
2026-01-21,CP02,Haynesville Producer B,active,0.0,14682420.0,1324640.0,0.0,5000000.0,5000000.0,0.0,green
2026-01-21,CP03,Gulf Coast Utility C,active,7163405.0,0.0,-921220.0,6242185.0,15000000.0,15000000.0,0.4161,green
2026-01-21,CP04,Texas Power Generator D,active,5083647.5,0.0,-50850.0,5032797.5,10000000.0,10000000.0,0.5033,green
2026-01-21,CP05,Petrochemical Plant E,active,5741010.0,0.0,-511440.0,5229570.0,12000000.0,12000000.0,0.4358,green
2026-01-21,CP06,LNG Feedgas Buyer F,active,11666265.0,0.0,-308780.0,11357485.0,20000000.0,20000000.0,0.5679,green
2026-01-21,CP07,LNG Feedgas Buyer G,commissioning,5946112.5,0.0,-847535.0,5098577.5,6000000.0,3000000.0,1.6995,red
2026-01-21,CP08,Regional Marketer H,active,9628575.0,12997430.0,1090360.0,0.0,3000000.0,3000000.0,0.0,green
2026-01-22,CP01,Permian Producer A,active,0.0,22828070.0,2872677.5,0.0,8000000.0,8000000.0,0.0,green
2026-01-22,CP02,Haynesville Producer B,active,0.0,15247235.0,3288755.0,0.0,5000000.0,5000000.0,0.0,green
2026-01-22,CP03,Gulf Coast Utility C,active,7502820.0,0.0,-1889085.0,5613735.0,15000000.0,15000000.0,0.3742,green
2026-01-22,CP04,Texas Power Generator D,active,5186412.5,0.0,-590715.0,4595697.5,10000000.0,10000000.0,0.4596,green
2026-01-22,CP05,Petrochemical Plant E,active,6009570.0,0.0,-1486700.0,4522870.0,12000000.0,12000000.0,0.3769,green
2026-01-22,CP06,LNG Feedgas Buyer F,active,12462345.0,0.0,-1108860.0,11353485.0,20000000.0,20000000.0,0.5677,green
2026-01-22,CP07,LNG Feedgas Buyer G,commissioning,6103545.0,0.0,-1753517.5,4350027.5,6000000.0,3000000.0,1.45,red
2026-01-22,CP08,Regional Marketer H,active,9696290.0,13486265.0,2634130.0,0.0,3000000.0,3000000.0,0.0,green
2026-01-23,CP01,Permian Producer A,active,0.0,23420912.5,8337920.0,0.0,8000000.0,8000000.0,0.0,green
2026-01-23,CP02,Haynesville Producer B,active,0.0,16592550.0,13950870.0,0.0,5000000.0,5000000.0,0.0,green
2026-01-23,CP03,Gulf Coast Utility C,active,8399735.0,0.0,-6853450.0,1546285.0,15000000.0,15000000.0,0.1031,green
2026-01-23,CP04,Texas Power Generator D,active,5344927.5,0.0,-3647080.0,1697847.5,10000000.0,10000000.0,0.1698,green
2026-01-23,CP05,Petrochemical Plant E,active,6612630.0,0.0,-6792760.0,0.0,12000000.0,12000000.0,0.0,green
2026-01-23,CP06,LNG Feedgas Buyer F,active,15042425.0,0.0,-5625740.0,9416685.0,20000000.0,20000000.0,0.4708,green
2026-01-23,CP07,LNG Feedgas Buyer G,commissioning,6372477.5,0.0,-6752600.0,0.0,6000000.0,3000000.0,0.0,green
2026-01-23,CP08,Regional Marketer H,active,9875505.0,14644100.0,11048300.0,6279705.0,3000000.0,3000000.0,2.0932,red
2026-01-26,CP01,Permian Producer A,active,0.0,6358705.0,6607247.5,248542.5,8000000.0,8000000.0,0.0311,green
2026-01-26,CP02,Haynesville Producer B,active,0.0,13849390.0,8799615.0,0.0,5000000.0,5000000.0,0.0,green
2026-01-26,CP03,Gulf Coast Utility C,active,8227790.0,0.0,-4988170.0,3239620.0,15000000.0,15000000.0,0.216,green
2026-01-26,CP04,Texas Power Generator D,active,2612190.0,0.0,-1779800.0,832390.0,10000000.0,10000000.0,0.0832,green
2026-01-26,CP05,Petrochemical Plant E,active,6624360.0,0.0,-4025240.0,2599120.0,12000000.0,12000000.0,0.2166,green
2026-01-26,CP06,LNG Feedgas Buyer F,active,18787680.0,0.0,-3936180.0,14851500.0,20000000.0,20000000.0,0.7426,green
2026-01-26,CP07,LNG Feedgas Buyer G,commissioning,3973845.0,0.0,-5166822.5,0.0,6000000.0,3000000.0,0.0,green
2026-01-26,CP08,Regional Marketer H,active,1641190.0,11993310.0,6053185.0,0.0,3000000.0,3000000.0,0.0,green
2026-01-27,CP01,Permian Producer A,active,0.0,6748597.5,5201510.0,0.0,8000000.0,8000000.0,0.0,green
2026-01-27,CP02,Haynesville Producer B,active,0.0,14721155.0,5830090.0,0.0,5000000.0,5000000.0,0.0,green
2026-01-27,CP03,Gulf Coast Utility C,active,8786455.0,0.0,-3676910.0,5109545.0,15000000.0,15000000.0,0.3406,green
2026-01-27,CP04,Texas Power Generator D,active,2736880.0,0.0,-876440.0,1860440.0,10000000.0,10000000.0,0.186,green
2026-01-27,CP05,Petrochemical Plant E,active,7024470.0,0.0,-2521920.0,4502550.0,12000000.0,12000000.0,0.3752,green
2026-01-27,CP06,LNG Feedgas Buyer F,active,20285360.0,0.0,-2748430.0,17536930.0,20000000.0,20000000.0,0.8768,amber
2026-01-27,CP07,LNG Feedgas Buyer G,commissioning,4175127.5,0.0,-3874320.0,300807.5,6000000.0,3000000.0,0.1003,green
2026-01-27,CP08,Regional Marketer H,active,1752755.0,12745245.0,3602910.0,0.0,3000000.0,3000000.0,0.0,green
2026-01-28,CP01,Permian Producer A,active,0.0,7020740.0,4607232.5,0.0,8000000.0,8000000.0,0.0,green
2026-01-28,CP02,Haynesville Producer B,active,0.0,15318170.0,4222525.0,0.0,5000000.0,5000000.0,0.0,green
2026-01-28,CP03,Gulf Coast Utility C,active,9148870.0,0.0,-3039675.0,6109195.0,15000000.0,15000000.0,0.4073,green
2026-01-28,CP04,Texas Power Generator D,active,2841945.0,0.0,-236805.0,2605140.0,10000000.0,10000000.0,0.2605,green
2026-01-28,CP05,Petrochemical Plant E,active,7306830.0,0.0,-1575260.0,5731570.0,12000000.0,12000000.0,0.4776,green
2026-01-28,CP06,LNG Feedgas Buyer F,active,21155040.0,0.0,-2171190.0,18983850.0,20000000.0,20000000.0,0.9492,amber
2026-01-28,CP07,LNG Feedgas Buyer G,commissioning,4337160.0,0.0,-3329762.5,1007397.5,6000000.0,3000000.0,0.3358,green
2026-01-28,CP08,Regional Marketer H,active,1825070.0,13261680.0,1949220.0,0.0,3000000.0,3000000.0,0.0,green
2026-01-29,CP01,Permian Producer A,active,0.0,7306532.5,4518325.0,0.0,8000000.0,8000000.0,0.0,green
2026-01-29,CP02,Haynesville Producer B,active,0.0,15947035.0,4041440.0,0.0,5000000.0,5000000.0,0.0,green
2026-01-29,CP03,Gulf Coast Utility C,active,9534035.0,0.0,-2961790.0,6572245.0,15000000.0,15000000.0,0.4381,green
2026-01-29,CP04,Texas Power Generator D,active,2949285.0,0.0,-186920.0,2762365.0,10000000.0,10000000.0,0.2762,green
2026-01-29,CP05,Petrochemical Plant E,active,7602840.0,0.0,-1491920.0,6110920.0,12000000.0,12000000.0,0.5092,green
2026-01-29,CP06,LNG Feedgas Buyer F,active,22097520.0,0.0,-2105670.0,19991850.0,20000000.0,20000000.0,0.9996,amber
2026-01-29,CP07,LNG Feedgas Buyer G,commissioning,4503742.5,0.0,-3238295.0,1265447.5,6000000.0,3000000.0,0.4218,green
2026-01-29,CP08,Regional Marketer H,active,1901935.0,13805415.0,1823565.0,0.0,3000000.0,3000000.0,0.0,green
2026-01-30,CP01,Permian Producer A,active,0.0,7546275.0,4250767.5,0.0,8000000.0,8000000.0,0.0,green
2026-01-30,CP02,Haynesville Producer B,active,0.0,16468450.0,3512355.0,0.0,5000000.0,5000000.0,0.0,green
2026-01-30,CP03,Gulf Coast Utility C,active,9842450.0,0.0,-2724405.0,7118045.0,15000000.0,15000000.0,0.4745,green
2026-01-30,CP04,Texas Power Generator D,active,3048950.0,0.0,-33210.0,3015740.0,10000000.0,10000000.0,0.3016,green
2026-01-30,CP05,Petrochemical Plant E,active,7852800.0,0.0,-1234580.0,6618220.0,12000000.0,12000000.0,0.5515,green
2026-01-30,CP06,LNG Feedgas Buyer F,active,22794400.0,0.0,-1895150.0,20899250.0,20000000.0,20000000.0,1.045,red
2026-01-30,CP07,LNG Feedgas Buyer G,commissioning,4654975.0,0.0,-2987327.5,1667647.5,6000000.0,3000000.0,0.5559,green
2026-01-30,CP08,Regional Marketer H,active,1963450.0,14257050.0,1721870.0,0.0,3000000.0,3000000.0,0.0,green
2026-02-02,CP01,Permian Producer A,active,0.0,8560927.5,1085470.0,0.0,8000000.0,8000000.0,0.0,green
2026-02-02,CP02,Haynesville Producer B,active,0.0,17405160.0,-70135.0,0.0,5000000.0,5000000.0,0.0,green
2026-02-02,CP03,Gulf Coast Utility C,active,10623660.0,0.0,-477165.0,10146495.0,15000000.0,15000000.0,0.6764,green
2026-02-02,CP04,Texas Power Generator D,active,3298415.0,0.0,805725.0,4104140.0,10000000.0,10000000.0,0.4104,green
2026-02-02,CP05,Petrochemical Plant E,active,8313750.0,0.0,-282880.0,8030870.0,12000000.0,12000000.0,0.6692,green
2026-02-02,CP06,LNG Feedgas Buyer F,active,23811485.0,0.0,92565.0,23904050.0,20000000.0,20000000.0,1.1952,red
2026-02-02,CP07,LNG Feedgas Buyer G,commissioning,5228342.5,0.0,-111995.0,5116347.5,6000000.0,3000000.0,1.7054,red
2026-02-02,CP08,Regional Marketer H,active,2329615.0,15172340.0,325237.5,0.0,3000000.0,3000000.0,0.0,green
2026-02-03,CP01,Permian Producer A,active,0.0,8868582.5,797125.0,0.0,8000000.0,8000000.0,0.0,green
2026-02-03,CP02,Haynesville Producer B,active,0.0,17604407.5,-357437.5,0.0,5000000.0,5000000.0,0.0,green
2026-02-03,CP03,Gulf Coast Utility C,active,10818057.5,0.0,-277562.5,10540495.0,15000000.0,15000000.0,0.7027,green
2026-02-03,CP04,Texas Power Generator D,active,3373315.0,0.0,847325.0,4220640.0,10000000.0,10000000.0,0.4221,green
2026-02-03,CP05,Petrochemical Plant E,active,8398245.0,0.0,-180900.0,8217345.0,12000000.0,12000000.0,0.6848,green
2026-02-03,CP06,LNG Feedgas Buyer F,active,23954787.5,0.0,229547.5,24184335.0,20000000.0,20000000.0,1.2092,red
2026-02-03,CP07,LNG Feedgas Buyer G,commissioning,5418410.0,0.0,127937.5,5546347.5,6000000.0,3000000.0,1.8488,red
2026-02-03,CP08,Regional Marketer H,active,2460940.0,15357967.5,325205.0,0.0,3000000.0,3000000.0,0.0,green
2026-02-04,CP01,Permian Producer A,active,0.0,9307812.5,3128310.0,0.0,8000000.0,8000000.0,0.0,green
2026-02-04,CP02,Haynesville Producer B,active,0.0,17817505.0,2316060.0,0.0,5000000.0,5000000.0,0.0,green
2026-02-04,CP03,Gulf Coast Utility C,active,11081705.0,0.0,-1928460.0,9153245.0,15000000.0,15000000.0,0.6102,green
2026-02-04,CP04,Texas Power Generator D,active,3448215.0,0.0,167325.0,3615540.0,10000000.0,10000000.0,0.3616,green
2026-02-04,CP05,Petrochemical Plant E,active,8517365.0,0.0,-933200.0,7584165.0,12000000.0,12000000.0,0.632,green
2026-02-04,CP06,LNG Feedgas Buyer F,active,24125790.0,0.0,-1305120.0,22820670.0,20000000.0,20000000.0,1.141,red
2026-02-04,CP07,LNG Feedgas Buyer G,commissioning,5643102.5,0.0,-2037780.0,3605322.5,6000000.0,3000000.0,1.2018,red
2026-02-04,CP08,Regional Marketer H,active,2626890.0,15619770.0,737122.5,0.0,3000000.0,3000000.0,0.0,green
2026-02-05,CP01,Permian Producer A,active,0.0,9671042.5,1722170.0,0.0,8000000.0,8000000.0,0.0,green
2026-02-05,CP02,Haynesville Producer B,active,0.0,18022602.5,747557.5,0.0,5000000.0,5000000.0,0.0,green
2026-02-05,CP03,Gulf Coast Utility C,active,11305352.5,0.0,-928107.5,10377245.0,15000000.0,15000000.0,0.6918,green
2026-02-05,CP04,Texas Power Generator D,active,3523115.0,0.0,501945.0,4025060.0,10000000.0,10000000.0,0.4025,green
2026-02-05,CP05,Petrochemical Plant E,active,8616485.0,0.0,-556800.0,8059685.0,12000000.0,12000000.0,0.6716,green
2026-02-05,CP06,LNG Feedgas Buyer F,active,24280792.5,0.0,-438162.5,23842630.0,20000000.0,20000000.0,1.1921,red
2026-02-05,CP07,LNG Feedgas Buyer G,commissioning,5847795.0,0.0,-756872.5,5090922.5,6000000.0,3000000.0,1.697,red
2026-02-05,CP08,Regional Marketer H,active,2772840.0,15837572.5,542065.0,0.0,3000000.0,3000000.0,0.0,green
2026-02-06,CP01,Permian Producer A,active,0.0,9991047.5,952122.5,0.0,8000000.0,8000000.0,0.0,green
2026-02-06,CP02,Haynesville Producer B,active,0.0,18223150.0,-85745.0,0.0,5000000.0,5000000.0,0.0,green
2026-02-06,CP03,Gulf Coast Utility C,active,11506250.0,0.0,-387255.0,11118995.0,15000000.0,15000000.0,0.7413,green
2026-02-06,CP04,Texas Power Generator D,active,3598015.0,0.0,733985.0,4332000.0,10000000.0,10000000.0,0.4332,green
2026-02-06,CP05,Petrochemical Plant E,active,8704230.0,0.0,-282980.0,8421250.0,12000000.0,12000000.0,0.7018,green
2026-02-06,CP06,LNG Feedgas Buyer F,active,24426695.0,0.0,55855.0,24482550.0,20000000.0,20000000.0,1.2241,red
2026-02-06,CP07,LNG Feedgas Buyer G,commissioning,6041112.5,0.0,-73315.0,5967797.5,6000000.0,3000000.0,1.9893,red
2026-02-06,CP08,Regional Marketer H,active,2907415.0,16030350.0,349860.0,0.0,3000000.0,3000000.0,0.0,green
2026-02-09,CP01,Permian Producer A,active,0.0,10897862.5,-200367.5,0.0,8000000.0,8000000.0,0.0,green
2026-02-09,CP02,Haynesville Producer B,active,0.0,18819192.5,-925252.5,0.0,5000000.0,5000000.0,0.0,green
2026-02-09,CP03,Gulf Coast Utility C,active,12080942.5,0.0,211502.5,12292445.0,15000000.0,15000000.0,0.8195,amber
2026-02-09,CP04,Texas Power Generator D,active,3822715.0,0.0,1029265.0,4851980.0,10000000.0,10000000.0,0.4852,green
2026-02-09,CP05,Petrochemical Plant E,active,8953465.0,0.0,137640.0,9091105.0,12000000.0,12000000.0,0.7576,amber
2026-02-09,CP06,LNG Feedgas Buyer F,active,24853202.5,0.0,611062.5,25464265.0,20000000.0,20000000.0,1.2732,red
2026-02-09,CP07,LNG Feedgas Buyer G,commissioning,6607065.0,0.0,628282.5,7235347.5,6000000.0,3000000.0,2.4118,red
2026-02-09,CP08,Regional Marketer H,active,3297140.0,16577882.5,-1612.5,0.0,3000000.0,3000000.0,0.0,green
2026-02-10,CP01,Permian Producer A,active,0.0,11161342.5,-250360.0,0.0,8000000.0,8000000.0,0.0,green
2026-02-10,CP02,Haynesville Producer B,active,0.0,19013790.0,-913005.0,0.0,5000000.0,5000000.0,0.0,green
2026-02-10,CP03,Gulf Coast Utility C,active,12252090.0,0.0,243300.0,12495390.0,15000000.0,15000000.0,0.833,amber
2026-02-10,CP04,Texas Power Generator D,active,3897615.0,0.0,1013725.0,4911340.0,10000000.0,10000000.0,0.4911,green
2026-02-10,CP05,Petrochemical Plant E,active,9026335.0,0.0,163880.0,9190215.0,12000000.0,12000000.0,0.7659,amber
2026-02-10,CP06,LNG Feedgas Buyer F,active,24987205.0,0.0,636065.0,25623270.0,20000000.0,20000000.0,1.2812,red
2026-02-10,CP07,LNG Feedgas Buyer G,commissioning,6785507.5,0.0,636165.0,7421672.5,6000000.0,3000000.0,2.4739,red
2026-02-10,CP08,Regional Marketer H,active,3416840.0,16737935.0,-52900.0,0.0,3000000.0,3000000.0,0.0,green
2026-02-11,CP01,Permian Producer A,active,0.0,11428147.5,-135970.0,0.0,8000000.0,8000000.0,0.0,green
2026-02-11,CP02,Haynesville Producer B,active,0.0,19208737.5,-793447.5,0.0,5000000.0,5000000.0,0.0,green
2026-02-11,CP03,Gulf Coast Utility C,active,12424987.5,0.0,180942.5,12605930.0,15000000.0,15000000.0,0.8404,amber
2026-02-11,CP04,Texas Power Generator D,active,3972515.0,0.0,931445.0,4903960.0,10000000.0,10000000.0,0.4904,green
2026-02-11,CP05,Petrochemical Plant E,active,9100080.0,0.0,132680.0,9232760.0,12000000.0,12000000.0,0.7694,amber
2026-02-11,CP06,LNG Feedgas Buyer F,active,25121907.5,0.0,551357.5,25673265.0,20000000.0,20000000.0,1.2837,red
2026-02-11,CP07,LNG Feedgas Buyer G,commissioning,6964825.0,0.0,562147.5,7526972.5,6000000.0,3000000.0,2.509,red
2026-02-11,CP08,Regional Marketer H,active,3537415.0,16899912.5,-10677.5,0.0,3000000.0,3000000.0,0.0,green
2026-02-12,CP01,Permian Producer A,active,0.0,11703502.5,60230.0,0.0,8000000.0,8000000.0,0.0,green
2026-02-12,CP02,Haynesville Producer B,active,0.0,19404585.0,-602580.0,0.0,5000000.0,5000000.0,0.0,green
2026-02-12,CP03,Gulf Coast Utility C,active,12602385.0,0.0,71575.0,12673960.0,15000000.0,15000000.0,0.8449,amber
2026-02-12,CP04,Texas Power Generator D,active,4047415.0,0.0,824285.0,4871700.0,10000000.0,10000000.0,0.4872,green
2026-02-12,CP05,Petrochemical Plant E,active,9176075.0,0.0,67300.0,9243375.0,12000000.0,12000000.0,0.7703,amber
2026-02-12,CP06,LNG Feedgas Buyer F,active,25258410.0,0.0,421520.0,25679930.0,20000000.0,20000000.0,1.284,red
2026-02-12,CP07,LNG Feedgas Buyer G,commissioning,7146392.5,0.0,435480.0,7581872.5,6000000.0,3000000.0,2.5273,red
2026-02-12,CP08,Regional Marketer H,active,3660240.0,17066840.0,-1895.0,0.0,3000000.0,3000000.0,0.0,green
2026-02-13,CP01,Permian Producer A,active,0.0,11969832.5,-2810.0,0.0,8000000.0,8000000.0,0.0,green
2026-02-13,CP02,Haynesville Producer B,active,0.0,19599482.5,-662992.5,0.0,5000000.0,5000000.0,0.0,green
2026-02-13,CP03,Gulf Coast Utility C,active,12775032.5,0.0,124837.5,12899870.0,15000000.0,15000000.0,0.86,amber
2026-02-13,CP04,Texas Power Generator D,active,4122315.0,0.0,796065.0,4918380.0,10000000.0,10000000.0,0.4918,green
2026-02-13,CP05,Petrochemical Plant E,active,9249695.0,0.0,80860.0,9330555.0,12000000.0,12000000.0,0.7775,amber
2026-02-13,CP06,LNG Feedgas Buyer F,active,25393012.5,0.0,444497.5,25837510.0,20000000.0,20000000.0,1.2919,red
2026-02-13,CP07,LNG Feedgas Buyer G,commissioning,7325585.0,0.0,500887.5,7826472.5,6000000.0,3000000.0,2.6088,red
2026-02-13,CP08,Regional Marketer H,active,3780690.0,17228542.5,-30257.5,0.0,3000000.0,3000000.0,0.0,green
2026-02-17,CP01,Permian Producer A,active,0.0,13029927.5,-410500.0,0.0,8000000.0,8000000.0,0.0,green
2026-02-17,CP02,Haynesville Producer B,active,0.0,20378522.5,-613582.5,0.0,5000000.0,5000000.0,0.0,green
2026-02-17,CP03,Gulf Coast Utility C,active,13462872.5,0.0,211077.5,13673950.0,15000000.0,15000000.0,0.9116,amber
2026-02-17,CP04,Texas Power Generator D,active,4421915.0,0.0,769605.0,5191520.0,10000000.0,10000000.0,0.5192,green
2026-02-17,CP05,Petrochemical Plant E,active,9542800.0,0.0,230820.0,9773620.0,12000000.0,12000000.0,0.8145,amber
2026-02-17,CP06,LNG Feedgas Buyer F,active,25930322.5,0.0,485952.5,26416275.0,20000000.0,20000000.0,1.3208,red
2026-02-17,CP07,LNG Feedgas Buyer G,commissioning,8040980.0,0.0,406642.5,8447622.5,6000000.0,3000000.0,2.8159,red
2026-02-17,CP08,Regional Marketer H,active,4261115.0,17872327.5,-179787.5,0.0,3000000.0,3000000.0,0.0,green
2026-02-18,CP01,Permian Producer A,active,0.0,13283907.5,-494220.0,0.0,8000000.0,8000000.0,0.0,green
2026-02-18,CP02,Haynesville Producer B,active,0.0,20572120.0,-624735.0,0.0,5000000.0,5000000.0,0.0,green
2026-02-18,CP03,Gulf Coast Utility C,active,13629020.0,0.0,244480.0,13873500.0,15000000.0,15000000.0,0.9249,amber
2026-02-18,CP04,Texas Power Generator D,active,4496815.0,0.0,772005.0,5268820.0,10000000.0,10000000.0,0.5269,green
2026-02-18,CP05,Petrochemical Plant E,active,9613170.0,0.0,256400.0,9869570.0,12000000.0,12000000.0,0.8225,amber
2026-02-18,CP06,LNG Feedgas Buyer F,active,26062325.0,0.0,507300.0,26569625.0,20000000.0,20000000.0,1.3285,red
2026-02-18,CP07,LNG Feedgas Buyer G,commissioning,8216922.5,0.0,418425.0,8635347.5,6000000.0,3000000.0,2.8784,red
2026-02-18,CP08,Regional Marketer H,active,4378315.0,18026880.0,-200985.0,0.0,3000000.0,3000000.0,0.0,green
2026-02-19,CP01,Permian Producer A,active,0.0,13543112.5,-458415.0,0.0,8000000.0,8000000.0,0.0,green
2026-02-19,CP02,Haynesville Producer B,active,0.0,20766267.5,-520987.5,0.0,5000000.0,5000000.0,0.0,green
2026-02-19,CP03,Gulf Coast Utility C,active,13797917.5,0.0,209557.5,14007475.0,15000000.0,15000000.0,0.9338,amber
2026-02-19,CP04,Texas Power Generator D,active,4571715.0,0.0,735605.0,5307320.0,10000000.0,10000000.0,0.5307,green
2026-02-19,CP05,Petrochemical Plant E,active,9684915.0,0.0,252480.0,9937395.0,12000000.0,12000000.0,0.8281,amber
2026-02-19,CP06,LNG Feedgas Buyer F,active,26195427.5,0.0,463822.5,26659250.0,20000000.0,20000000.0,1.333,red
2026-02-19,CP07,LNG Feedgas Buyer G,commissioning,8394240.0,0.0,363007.5,8757247.5,6000000.0,3000000.0,2.9191,red
2026-02-19,CP08,Regional Marketer H,active,4496890.0,18184457.5,-221770.0,0.0,3000000.0,3000000.0,0.0,green
2026-02-20,CP01,Permian Producer A,active,0.0,13805167.5,-318760.0,0.0,8000000.0,8000000.0,0.0,green
2026-02-20,CP02,Haynesville Producer B,active,0.0,20960715.0,-415070.0,0.0,5000000.0,5000000.0,0.0,green
2026-02-20,CP03,Gulf Coast Utility C,active,13968315.0,0.0,159445.0,14127760.0,15000000.0,15000000.0,0.9419,amber
2026-02-20,CP04,Texas Power Generator D,active,4646615.0,0.0,623565.0,5270180.0,10000000.0,10000000.0,0.527,green
2026-02-20,CP05,Petrochemical Plant E,active,9757410.0,0.0,213840.0,9971250.0,12000000.0,12000000.0,0.8309,amber
2026-02-20,CP06,LNG Feedgas Buyer F,active,26329130.0,0.0,380820.0,26709950.0,20000000.0,20000000.0,1.3355,red
2026-02-20,CP07,LNG Feedgas Buyer G,commissioning,8572307.5,0.0,309140.0,8881447.5,6000000.0,3000000.0,2.9605,red
2026-02-20,CP08,Regional Marketer H,active,4616215.0,18343685.0,-230310.0,0.0,3000000.0,3000000.0,0.0,green
2026-02-23,CP01,Permian Producer A,active,0.0,14590382.5,-441270.0,0.0,8000000.0,8000000.0,0.0,green
2026-02-23,CP02,Haynesville Producer B,active,0.0,21543957.5,-290117.5,0.0,5000000.0,5000000.0,0.0,green
2026-02-23,CP03,Gulf Coast Utility C,active,14479007.5,0.0,152082.5,14631090.0,15000000.0,15000000.0,0.9754,amber
2026-02-23,CP04,Texas Power Generator D,active,4871315.0,0.0,571245.0,5442560.0,10000000.0,10000000.0,0.5443,green
2026-02-23,CP05,Petrochemical Plant E,active,9974645.0,0.0,248420.0,10223065.0,12000000.0,12000000.0,0.8519,amber
2026-02-23,CP06,LNG Feedgas Buyer F,active,26730037.5,0.0,337137.5,27067175.0,20000000.0,20000000.0,1.3534,red
2026-02-23,CP07,LNG Feedgas Buyer G,commissioning,9106260.0,0.0,203437.5,9309697.5,6000000.0,3000000.0,3.1032,red
2026-02-23,CP08,Regional Marketer H,active,4973940.0,18820817.5,-307542.5,0.0,3000000.0,3000000.0,0.0,green
2026-02-24,CP01,Permian Producer A,active,0.0,14844837.5,-606790.0,0.0,8000000.0,8000000.0,0.0,green
2026-02-24,CP02,Haynesville Producer B,active,0.0,21737605.0,-324120.0,0.0,5000000.0,5000000.0,0.0,green
2026-02-24,CP03,Gulf Coast Utility C,active,14645405.0,0.0,185235.0,14830640.0,15000000.0,15000000.0,0.9887,amber
2026-02-24,CP04,Texas Power Generator D,active,4946215.0,0.0,620045.0,5566260.0,10000000.0,10000000.0,0.5566,green
2026-02-24,CP05,Petrochemical Plant E,active,10045140.0,0.0,302575.0,10347715.0,12000000.0,12000000.0,0.8623,amber
2026-02-24,CP06,LNG Feedgas Buyer F,active,26862140.0,0.0,372210.0,27234350.0,20000000.0,20000000.0,1.3617,red
2026-02-24,CP07,LNG Feedgas Buyer G,commissioning,9282327.5,0.0,184670.0,9466997.5,6000000.0,3000000.0,3.1557,red
2026-02-24,CP08,Regional Marketer H,active,5091265.0,18975645.0,-349615.0,0.0,3000000.0,3000000.0,0.0,green
2026-02-25,CP01,Permian Producer A,active,0.0,7314700.0,-445200.0,0.0,8000000.0,8000000.0,0.0,green
2026-02-25,CP02,Haynesville Producer B,active,0.0,4941537.5,-211202.5,0.0,5000000.0,5000000.0,0.0,green
2026-02-25,CP03,Gulf Coast Utility C,active,4661687.5,0.0,154927.5,4816615.0,15000000.0,15000000.0,0.3211,green
2026-02-25,CP04,Texas Power Generator D,active,1872500.0,0.0,507185.0,2379685.0,10000000.0,10000000.0,0.238,green
2026-02-25,CP05,Petrochemical Plant E,active,2013250.0,0.0,252420.0,2265670.0,12000000.0,12000000.0,0.1888,green
2026-02-25,CP06,LNG Feedgas Buyer F,active,3503262.5,0.0,293407.5,3796670.0,20000000.0,20000000.0,0.1898,green
2026-02-25,CP07,LNG Feedgas Buyer G,commissioning,4652562.5,0.0,142552.5,4795115.0,6000000.0,3000000.0,1.5984,red
2026-02-25,CP08,Regional Marketer H,active,3184000.0,4422612.5,-356582.5,0.0,3000000.0,3000000.0,0.0,green
2026-02-26,CP01,Permian Producer A,active,0.0,7566780.0,-444070.0,0.0,8000000.0,8000000.0,0.0,green
2026-02-26,CP02,Haynesville Producer B,active,0.0,5134935.0,-159705.0,0.0,5000000.0,5000000.0,0.0,green
2026-02-26,CP03,Gulf Coast Utility C,active,4826835.0,0.0,142780.0,4969615.0,15000000.0,15000000.0,0.3313,green
2026-02-26,CP04,Texas Power Generator D,active,1947400.0,0.0,464085.0,2411485.0,10000000.0,10000000.0,0.2411,green
2026-02-26,CP05,Petrochemical Plant E,active,2083120.0,0.0,251100.0,2334220.0,12000000.0,12000000.0,0.1945,green
2026-02-26,CP06,LNG Feedgas Buyer F,active,3634865.0,0.0,262755.0,3897620.0,20000000.0,20000000.0,0.1949,green
2026-02-26,CP07,LNG Feedgas Buyer G,commissioning,4828005.0,0.0,107210.0,4935215.0,6000000.0,3000000.0,1.6451,red
2026-02-26,CP08,Regional Marketer H,active,3300700.0,4576065.0,-366330.0,0.0,3000000.0,3000000.0,0.0,green
2026-02-27,CP01,Permian Producer A,active,0.0,7821235.0,-419290.0,0.0,8000000.0,8000000.0,0.0,green
2026-02-27,CP02,Haynesville Producer B,active,0.0,5328582.5,-96607.5,0.0,5000000.0,5000000.0,0.0,green
2026-02-27,CP03,Gulf Coast Utility C,active,4993232.5,0.0,130132.5,5123365.0,15000000.0,15000000.0,0.3416,green
2026-02-27,CP04,Texas Power Generator D,active,2022300.0,0.0,424835.0,2447135.0,10000000.0,10000000.0,0.2447,green
2026-02-27,CP05,Petrochemical Plant E,active,2153615.0,0.0,246880.0,2400495.0,12000000.0,12000000.0,0.2,green
2026-02-27,CP06,LNG Feedgas Buyer F,active,3766967.5,0.0,225577.5,3992545.0,20000000.0,20000000.0,0.1996,green
2026-02-27,CP07,LNG Feedgas Buyer G,commissioning,5004072.5,0.0,62442.5,5066515.0,6000000.0,3000000.0,1.6888,red
2026-02-27,CP08,Regional Marketer H,active,3418025.0,4730892.5,-383627.5,0.0,3000000.0,3000000.0,0.0,green
2026-03-02,CP01,Permian Producer A,active,0.0,8787030.0,-329280.0,0.0,8000000.0,8000000.0,0.0,green
2026-03-02,CP02,Haynesville Producer B,active,0.0,5792490.0,-16820.0,0.0,5000000.0,5000000.0,0.0,green
2026-03-02,CP03,Gulf Coast Utility C,active,5344850.0,0.0,91140.0,5435990.0,15000000.0,15000000.0,0.3624,green
2026-03-02,CP04,Texas Power Generator D,active,2373740.0,0.0,331405.0,2705145.0,10000000.0,10000000.0,0.2705,green
2026-03-02,CP05,Petrochemical Plant E,active,2522725.0,0.0,211192.5,2733917.5,12000000.0,12000000.0,0.2278,green
2026-03-02,CP06,LNG Feedgas Buyer F,active,4284070.0,0.0,163125.0,4447195.0,20000000.0,20000000.0,0.2224,green
2026-03-02,CP07,LNG Feedgas Buyer G,commissioning,5315935.0,0.0,18052.5,5333987.5,6000000.0,3000000.0,1.778,red
2026-03-02,CP08,Regional Marketer H,active,3773515.0,5449815.0,-337085.0,0.0,3000000.0,3000000.0,0.0,green
2026-03-03,CP01,Permian Producer A,active,0.0,9145450.0,-40260.0,0.0,8000000.0,8000000.0,0.0,green
2026-03-03,CP02,Haynesville Producer B,active,0.0,5929270.0,76160.0,0.0,5000000.0,5000000.0,0.0,green
2026-03-03,CP03,Gulf Coast Utility C,active,5438010.0,0.0,11230.0,5449240.0,15000000.0,15000000.0,0.3633,green
2026-03-03,CP04,Texas Power Generator D,active,2512285.0,0.0,197010.0,2709295.0,10000000.0,10000000.0,0.2709,green
2026-03-03,CP05,Petrochemical Plant E,active,2674232.5,0.0,119210.0,2793442.5,12000000.0,12000000.0,0.2328,green
2026-03-03,CP06,LNG Feedgas Buyer F,active,4480695.0,0.0,80500.0,4561195.0,20000000.0,20000000.0,0.2281,green
2026-03-03,CP07,LNG Feedgas Buyer G,commissioning,5386032.5,0.0,9730.0,5395762.5,6000000.0,3000000.0,1.7986,red
2026-03-03,CP08,Regional Marketer H,active,3893422.5,5737087.5,-278720.0,0.0,3000000.0,3000000.0,0.0,green
2026-03-04,CP01,Permian Producer A,active,0.0,9498120.0,-588240.0,0.0,8000000.0,8000000.0,0.0,green
2026-03-04,CP02,Haynesville Producer B,active,0.0,6062600.0,-108360.0,0.0,5000000.0,5000000.0,0.0,green
2026-03-04,CP03,Gulf Coast Utility C,active,5530020.0,0.0,184320.0,5714340.0,15000000.0,15000000.0,0.381,green
2026-03-04,CP04,Texas Power Generator D,active,2650255.0,0.0,443115.0,3093370.0,10000000.0,10000000.0,0.3093,green
2026-03-04,CP05,Petrochemical Plant E,active,2821140.0,0.0,285727.5,3106867.5,12000000.0,12000000.0,0.2589,green
2026-03-04,CP06,LNG Feedgas Buyer F,active,4668695.0,0.0,232875.0,4901570.0,20000000.0,20000000.0,0.2451,green
2026-03-04,CP07,LNG Feedgas Buyer G,commissioning,5451530.0,0.0,24907.5,5476437.5,6000000.0,3000000.0,1.8255,red
2026-03-04,CP08,Regional Marketer H,active,4011605.0,6013435.0,-349005.0,0.0,3000000.0,3000000.0,0.0,green
2026-03-05,CP01,Permian Producer A,active,0.0,9851540.0,-469620.0,0.0,8000000.0,8000000.0,0.0,green
2026-03-05,CP02,Haynesville Producer B,active,0.0,6196380.0,-67880.0,0.0,5000000.0,5000000.0,0.0,green
2026-03-05,CP03,Gulf Coast Utility C,active,5622180.0,0.0,107310.0,5729490.0,15000000.0,15000000.0,0.382,green
2026-03-05,CP04,Texas Power Generator D,active,2788300.0,0.0,395920.0,3184220.0,10000000.0,10000000.0,0.3184,green
2026-03-05,CP05,Petrochemical Plant E,active,2968647.5,0.0,253695.0,3222342.5,12000000.0,12000000.0,0.2685,green
2026-03-05,CP06,LNG Feedgas Buyer F,active,4857820.0,0.0,204750.0,5062570.0,20000000.0,20000000.0,0.2531,green
2026-03-05,CP07,LNG Feedgas Buyer G,commissioning,5517627.5,0.0,22035.0,5539662.5,6000000.0,3000000.0,1.8466,red
2026-03-05,CP08,Regional Marketer H,active,4130012.5,6291207.5,-313640.0,0.0,3000000.0,3000000.0,0.0,green
2026-03-06,CP01,Permian Producer A,active,0.0,10209960.0,55200.0,0.0,8000000.0,8000000.0,0.0,green
2026-03-06,CP02,Haynesville Producer B,active,0.0,6333160.0,112850.0,0.0,5000000.0,5000000.0,0.0,green
2026-03-06,CP03,Gulf Coast Utility C,active,5715340.0,0.0,-132650.0,5582690.0,15000000.0,15000000.0,0.3722,green
2026-03-06,CP04,Texas Power Generator D,active,2926845.0,0.0,181125.0,3107970.0,10000000.0,10000000.0,0.3108,green
2026-03-06,CP05,Petrochemical Plant E,active,3120155.0,0.0,119937.5,3240092.5,12000000.0,12000000.0,0.27,green
2026-03-06,CP06,LNG Feedgas Buyer F,active,5054445.0,0.0,71875.0,5126320.0,20000000.0,20000000.0,0.2563,green
2026-03-06,CP07,LNG Feedgas Buyer G,commissioning,5587725.0,0.0,8687.5,5596412.5,6000000.0,3000000.0,1.8655,red
2026-03-06,CP08,Regional Marketer H,active,4249920.0,6578480.0,-215075.0,0.0,3000000.0,3000000.0,0.0,green
2026-03-09,CP01,Permian Producer A,active,0.0,11288970.0,344910.0,0.0,8000000.0,8000000.0,0.0,green
2026-03-09,CP02,Haynesville Producer B,active,0.0,6745750.0,193790.0,0.0,5000000.0,5000000.0,0.0,green
2026-03-09,CP03,Gulf Coast Utility C,active,5995570.0,0.0,-176030.0,5819540.0,15000000.0,15000000.0,0.388,green
2026-03-09,CP04,Texas Power Generator D,active,3342855.0,0.0,28740.0,3371595.0,10000000.0,10000000.0,0.3372,green
2026-03-09,CP05,Petrochemical Plant E,active,3577677.5,0.0,46115.0,3623792.5,12000000.0,12000000.0,0.302,green
2026-03-09,CP06,LNG Feedgas Buyer F,active,5649945.0,0.0,-19250.0,5630695.0,20000000.0,20000000.0,0.2815,green
2026-03-09,CP07,LNG Feedgas Buyer G,commissioning,5801017.5,0.0,-605.0,5800412.5,6000000.0,3000000.0,1.9335,red
2026-03-09,CP08,Regional Marketer H,active,4610767.5,7447422.5,-159830.0,0.0,3000000.0,3000000.0,0.0,green
2026-03-10,CP01,Permian Producer A,active,0.0,11646890.0,-33720.0,0.0,8000000.0,8000000.0,0.0,green
2026-03-10,CP02,Haynesville Producer B,active,0.0,6882230.0,64470.0,0.0,5000000.0,5000000.0,0.0,green
2026-03-10,CP03,Gulf Coast Utility C,active,6088630.0,0.0,-23190.0,6065440.0,15000000.0,15000000.0,0.4044,green
2026-03-10,CP04,Texas Power Generator D,active,3481350.0,0.0,170745.0,3652095.0,10000000.0,10000000.0,0.3652,green
2026-03-10,CP05,Petrochemical Plant E,active,3728785.0,0.0,191407.5,3920192.5,12000000.0,12000000.0,0.3267,green
2026-03-10,CP06,LNG Feedgas Buyer F,active,5845820.0,0.0,70875.0,5916695.0,20000000.0,20000000.0,0.2958,green
2026-03-10,CP07,LNG Feedgas Buyer G,commissioning,5870715.0,0.0,8347.5,5879062.5,6000000.0,3000000.0,1.9597,red
2026-03-10,CP08,Regional Marketer H,active,4730525.0,7733745.0,-184665.0,0.0,3000000.0,3000000.0,0.0,green
2026-03-11,CP01,Permian Producer A,active,0.0,12006560.0,237750.0,0.0,8000000.0,8000000.0,0.0,green
2026-03-11,CP02,Haynesville Producer B,active,0.0,7019760.0,132700.0,0.0,5000000.0,5000000.0,0.0,green
2026-03-11,CP03,Gulf Coast Utility C,active,6182040.0,0.0,-172250.0,6009790.0,15000000.0,15000000.0,0.4007,green
2026-03-11,CP04,Texas Power Generator D,active,3620020.0,0.0,116150.0,3736170.0,10000000.0,10000000.0,0.3736,green
2026-03-11,CP05,Petrochemical Plant E,active,3881292.5,0.0,63050.0,3944342.5,12000000.0,12000000.0,0.3287,green
2026-03-11,CP06,LNG Feedgas Buyer F,active,6044320.0,0.0,32500.0,6076820.0,20000000.0,20000000.0,0.3038,green
2026-03-11,CP07,LNG Feedgas Buyer G,commissioning,5941812.5,0.0,4450.0,5946262.5,6000000.0,3000000.0,1.9821,red
2026-03-11,CP08,Regional Marketer H,active,4850807.5,8023392.5,-115575.0,0.0,3000000.0,3000000.0,0.0,green
2026-03-12,CP01,Permian Producer A,active,0.0,12369230.0,465120.0,0.0,8000000.0,8000000.0,0.0,green
2026-03-12,CP02,Haynesville Producer B,active,0.0,7159090.0,200480.0,0.0,5000000.0,5000000.0,0.0,green
2026-03-12,CP03,Gulf Coast Utility C,active,6276050.0,0.0,-242560.0,6033490.0,15000000.0,15000000.0,0.4022,green
2026-03-12,CP04,Texas Power Generator D,active,3758990.0,0.0,20155.0,3779145.0,10000000.0,10000000.0,0.3779,green
2026-03-12,CP05,Petrochemical Plant E,active,4036200.0,0.0,-13332.5,4022867.5,12000000.0,12000000.0,0.3352,green
2026-03-12,CP06,LNG Feedgas Buyer F,active,6247320.0,0.0,-26125.0,6221195.0,20000000.0,20000000.0,0.3111,green
2026-03-12,CP07,LNG Feedgas Buyer G,commissioning,6015310.0,0.0,7527.5,6022837.5,6000000.0,3000000.0,2.0076,red
2026-03-12,CP08,Regional Marketer H,active,4971990.0,8318740.0,-68760.0,0.0,3000000.0,3000000.0,0.0,green
2026-03-13,CP01,Permian Producer A,active,0.0,12730150.0,238890.0,0.0,8000000.0,8000000.0,0.0,green
2026-03-13,CP02,Haynesville Producer B,active,0.0,7297370.0,139560.0,0.0,5000000.0,5000000.0,0.0,green
2026-03-13,CP03,Gulf Coast Utility C,active,6369710.0,0.0,-145770.0,6223940.0,15000000.0,15000000.0,0.4149,green
2026-03-13,CP04,Texas Power Generator D,active,3897785.0,0.0,70560.0,3968345.0,10000000.0,10000000.0,0.3968,green
2026-03-13,CP05,Petrochemical Plant E,active,4189707.5,0.0,67635.0,4257342.5,12000000.0,12000000.0,0.3548,green
2026-03-13,CP06,LNG Feedgas Buyer F,active,6447695.0,0.0,6750.0,6454445.0,20000000.0,20000000.0,0.3227,green
2026-03-13,CP07,LNG Feedgas Buyer G,commissioning,6087407.5,0.0,41355.0,6128762.5,6000000.0,3000000.0,2.0429,red
2026-03-13,CP08,Regional Marketer H,active,5092647.5,8610762.5,-116595.0,0.0,3000000.0,3000000.0,0.0,green
2026-03-16,CP01,Permian Producer A,active,0.0,13808660.0,-117150.0,0.0,8000000.0,8000000.0,0.0,green
2026-03-16,CP02,Haynesville Producer B,active,0.0,7709660.0,47700.0,0.0,5000000.0,5000000.0,0.0,green
2026-03-16,CP03,Gulf Coast Utility C,active,6649840.0,0.0,-10200.0,6639640.0,15000000.0,15000000.0,0.4426,green
2026-03-16,CP04,Texas Power Generator D,active,4313745.0,0.0,166425.0,4480170.0,10000000.0,10000000.0,0.448,green
2026-03-16,CP05,Petrochemical Plant E,active,4646830.0,0.0,181837.5,4828667.5,12000000.0,12000000.0,0.4024,green
2026-03-16,CP06,LNG Feedgas Buyer F,active,7042445.0,0.0,69375.0,7111820.0,20000000.0,20000000.0,0.3556,green
2026-03-16,CP07,LNG Feedgas Buyer G,commissioning,6300300.0,0.0,79837.5,6380137.5,6000000.0,3000000.0,2.1267,red
2026-03-16,CP08,Regional Marketer H,active,5453345.0,9478755.0,-147600.0,0.0,3000000.0,3000000.0,0.0,green
2026-03-17,CP01,Permian Producer A,active,0.0,14168080.0,59670.0,0.0,8000000.0,8000000.0,0.0,green
2026-03-17,CP02,Haynesville Producer B,active,0.0,7847040.0,94780.0,0.0,5000000.0,5000000.0,0.0,green
2026-03-17,CP03,Gulf Coast Utility C,active,6743200.0,0.0,-56610.0,6686590.0,15000000.0,15000000.0,0.4458,green
2026-03-17,CP04,Texas Power Generator D,active,4452390.0,0.0,95230.0,4547620.0,10000000.0,10000000.0,0.4548,green
2026-03-17,CP05,Petrochemical Plant E,active,4799137.5,0.0,128805.0,4927942.5,12000000.0,12000000.0,0.4107,green
2026-03-17,CP06,LNG Feedgas Buyer F,active,7240570.0,0.0,26250.0,7266820.0,20000000.0,20000000.0,0.3633,green
2026-03-17,CP07,LNG Feedgas Buyer G,commissioning,6371197.5,0.0,72465.0,6443662.5,6000000.0,3000000.0,2.1479,red
2026-03-17,CP08,Regional Marketer H,active,5573552.5,9767927.5,-113135.0,0.0,3000000.0,3000000.0,0.0,green
2026-03-18,CP01,Permian Producer A,active,0.0,14527000.0,84990.0,0.0,8000000.0,8000000.0,0.0,green
2026-03-18,CP02,Haynesville Producer B,active,0.0,7984120.0,87860.0,0.0,5000000.0,5000000.0,0.0,green
2026-03-18,CP03,Gulf Coast Utility C,active,6836460.0,0.0,-68470.0,6767990.0,15000000.0,15000000.0,0.4512,green
2026-03-18,CP04,Texas Power Generator D,active,4590985.0,0.0,100435.0,4691420.0,10000000.0,10000000.0,0.4691,green
2026-03-18,CP05,Petrochemical Plant E,active,4951045.0,0.0,118397.5,5069442.5,12000000.0,12000000.0,0.4225,green
2026-03-18,CP06,LNG Feedgas Buyer F,active,7437945.0,0.0,30875.0,7468820.0,20000000.0,20000000.0,0.3734,green
2026-03-18,CP07,LNG Feedgas Buyer G,commissioning,6441695.0,0.0,63267.5,6504962.5,6000000.0,3000000.0,2.1683,red
2026-03-18,CP08,Regional Marketer H,active,5693610.0,10056150.0,-92220.0,0.0,3000000.0,3000000.0,0.0,green
2026-03-19,CP01,Permian Producer A,active,0.0,14888170.0,350385.0,0.0,8000000.0,8000000.0,0.0,green
2026-03-19,CP02,Haynesville Producer B,active,0.0,8122550.0,132090.0,0.0,5000000.0,5000000.0,0.0,green
2026-03-19,CP03,Gulf Coast Utility C,active,6930170.0,0.0,-155730.0,6774440.0,15000000.0,15000000.0,0.4516,green
2026-03-19,CP04,Texas Power Generator D,active,4729805.0,0.0,51240.0,4781045.0,10000000.0,10000000.0,0.4781,green
2026-03-19,CP05,Petrochemical Plant E,active,5104752.5,0.0,44040.0,5148792.5,12000000.0,12000000.0,0.4291,green
2026-03-19,CP06,LNG Feedgas Buyer F,active,7638695.0,0.0,1500.0,7640195.0,20000000.0,20000000.0,0.382,green
2026-03-19,CP07,LNG Feedgas Buyer G,commissioning,6513992.5,0.0,29970.0,6543962.5,6000000.0,3000000.0,2.1813,red
2026-03-19,CP08,Regional Marketer H,active,5814342.5,10348647.5,-54105.0,0.0,3000000.0,3000000.0,0.0,green
2026-03-20,CP01,Permian Producer A,active,0.0,15245090.0,62280.0,0.0,8000000.0,8000000.0,0.0,green
2026-03-20,CP02,Haynesville Producer B,active,0.0,8258430.0,59320.0,0.0,5000000.0,5000000.0,0.0,green
2026-03-20,CP03,Gulf Coast Utility C,active,7023030.0,0.0,-63790.0,6959240.0,15000000.0,15000000.0,0.4639,green
2026-03-20,CP04,Texas Power Generator D,active,4868200.0,0.0,123645.0,4991845.0,10000000.0,10000000.0,0.4992,green
2026-03-20,CP05,Petrochemical Plant E,active,5255060.0,0.0,126182.5,5381242.5,12000000.0,12000000.0,0.4484,green
2026-03-20,CP06,LNG Feedgas Buyer F,active,7833070.0,0.0,48125.0,7881195.0,20000000.0,20000000.0,0.3941,green
2026-03-20,CP07,LNG Feedgas Buyer G,commissioning,6582890.0,0.0,55872.5,6638762.5,6000000.0,3000000.0,2.2129,red
2026-03-20,CP08,Regional Marketer H,active,5933800.0,10633070.0,-67690.0,0.0,3000000.0,3000000.0,0.0,green
2026-03-23,CP01,Permian Producer A,active,0.0,16313350.0,-309060.0,0.0,8000000.0,8000000.0,0.0,green
2026-03-23,CP02,Haynesville Producer B,active,0.0,8664570.0,1960.0,0.0,5000000.0,5000000.0,0.0,green
2026-03-23,CP03,Gulf Coast Utility C,active,7301110.0,0.0,80380.0,7381490.0,15000000.0,15000000.0,0.4921,green
2026-03-23,CP04,Texas Power Generator D,active,5283135.0,0.0,141560.0,5424695.0,10000000.0,10000000.0,0.5425,green
2026-03-23,CP05,Petrochemical Plant E,active,5703982.5,0.0,222260.0,5926242.5,12000000.0,12000000.0,0.4939,green
2026-03-23,CP06,LNG Feedgas Buyer F,active,8412445.0,0.0,55000.0,8467445.0,20000000.0,20000000.0,0.4234,green
2026-03-23,CP07,LNG Feedgas Buyer G,commissioning,6787582.5,0.0,117580.0,6905162.5,6000000.0,3000000.0,2.3017,red
2026-03-23,CP08,Regional Marketer H,active,6291422.5,11481587.5,-60645.0,0.0,3000000.0,3000000.0,0.0,green
2026-03-24,CP01,Permian Producer A,active,0.0,16666770.0,-236040.0,0.0,8000000.0,8000000.0,0.0,green
2026-03-24,CP02,Haynesville Producer B,active,0.0,8798350.0,3440.0,0.0,5000000.0,5000000.0,0.0,green
2026-03-24,CP03,Gulf Coast Utility C,active,7393270.0,0.0,40320.0,7433590.0,15000000.0,15000000.0,0.4956,green
2026-03-24,CP04,Texas Power Generator D,active,5421180.0,0.0,116165.0,5537345.0,10000000.0,10000000.0,0.5537,green
2026-03-24,CP05,Petrochemical Plant E,active,5851490.0,0.0,197902.5,6049392.5,12000000.0,12000000.0,0.5041,green
2026-03-24,CP06,LNG Feedgas Buyer F,active,8601570.0,0.0,55125.0,8656695.0,20000000.0,20000000.0,0.4328,green
2026-03-24,CP07,LNG Feedgas Buyer G,commissioning,6853680.0,0.0,115432.5,6969112.5,6000000.0,3000000.0,2.323,red
2026-03-24,CP08,Regional Marketer H,active,6409830.0,11759360.0,-29980.0,0.0,3000000.0,3000000.0,0.0,green
2026-03-25,CP01,Permian Producer A,active,0.0,8945500.0,-173595.0,0.0,8000000.0,8000000.0,0.0,green
2026-03-25,CP02,Haynesville Producer B,active,0.0,3410500.0,15270.0,0.0,5000000.0,5000000.0,0.0,green
2026-03-25,CP03,Gulf Coast Utility C,active,2326000.0,0.0,28485.0,2354485.0,15000000.0,15000000.0,0.157,green
2026-03-25,CP04,Texas Power Generator D,active,3462125.0,0.0,87720.0,3549845.0,10000000.0,10000000.0,0.355,green
2026-03-25,CP05,Petrochemical Plant E,active,3775687.5,0.0,177495.0,3953182.5,12000000.0,12000000.0,0.3294,green
2026-03-25,CP06,LNG Feedgas Buyer F,active,4893125.0,0.0,41250.0,4934375.0,20000000.0,20000000.0,0.2467,green
2026-03-25,CP07,LNG Feedgas Buyer G,commissioning,1740437.5,0.0,109260.0,1849697.5,6000000.0,3000000.0,0.6166,green
2026-03-25,CP08,Regional Marketer H,active,2993187.5,7153312.5,-5340.0,0.0,3000000.0,3000000.0,0.0,green
2026-03-26,CP01,Permian Producer A,active,0.0,9301170.0,-50175.0,0.0,8000000.0,8000000.0,0.0,green
2026-03-26,CP02,Haynesville Producer B,active,0.0,3545630.0,49900.0,0.0,5000000.0,5000000.0,0.0,green
2026-03-26,CP03,Gulf Coast Utility C,active,2418610.0,0.0,-22275.0,2396335.0,15000000.0,15000000.0,0.1598,green
2026-03-26,CP04,Texas Power Generator D,active,3600395.0,0.0,43375.0,3643770.0,10000000.0,10000000.0,0.3644,green
2026-03-26,CP05,Petrochemical Plant E,active,3924995.0,0.0,140812.5,4065807.5,12000000.0,12000000.0,0.3388,green
2026-03-26,CP06,LNG Feedgas Buyer F,active,5085625.0,0.0,28125.0,5113750.0,20000000.0,20000000.0,0.2557,green
2026-03-26,CP07,LNG Feedgas Buyer G,commissioning,1808335.0,0.0,83212.5,1891547.5,6000000.0,3000000.0,0.6305,green
2026-03-26,CP08,Regional Marketer H,active,3112270.0,7435360.0,40300.0,0.0,3000000.0,3000000.0,0.0,green
2026-03-27,CP01,Permian Producer A,active,0.0,9656840.0,134445.0,0.0,8000000.0,8000000.0,0.0,green
2026-03-27,CP02,Haynesville Producer B,active,0.0,3680760.0,122480.0,0.0,5000000.0,5000000.0,0.0,green
2026-03-27,CP03,Gulf Coast Utility C,active,2511220.0,0.0,-154785.0,2356435.0,15000000.0,15000000.0,0.1571,green
2026-03-27,CP04,Texas Power Generator D,active,3738665.0,0.0,-11020.0,3727645.0,10000000.0,10000000.0,0.3728,green
2026-03-27,CP05,Petrochemical Plant E,active,4074302.5,0.0,90330.0,4164632.5,12000000.0,12000000.0,0.3471,green
2026-03-27,CP06,LNG Feedgas Buyer F,active,5278125.0,0.0,22500.0,5300625.0,20000000.0,20000000.0,0.265,green
2026-03-27,CP07,LNG Feedgas Buyer G,commissioning,1876232.5,0.0,32190.0,1908422.5,6000000.0,3000000.0,0.6361,green
2026-03-27,CP08,Regional Marketer H,active,3231352.5,7717407.5,104165.0,0.0,3000000.0,3000000.0,0.0,green
2026-03-30,CP01,Permian Producer A,active,0.0,10721100.0,178605.0,0.0,8000000.0,8000000.0,0.0,green
2026-03-30,CP02,Haynesville Producer B,active,0.0,4084500.0,120920.0,0.0,5000000.0,5000000.0,0.0,green
2026-03-30,CP03,Gulf Coast Utility C,active,2788500.0,0.0,-160765.0,2627735.0,15000000.0,15000000.0,0.1752,green
2026-03-30,CP04,Texas Power Generator D,active,4153200.0,0.0,-40205.0,4112995.0,10000000.0,10000000.0,0.4113,green
2026-03-30,CP05,Petrochemical Plant E,active,4520025.0,0.0,80807.5,4600832.5,12000000.0,12000000.0,0.3834,green
2026-03-30,CP06,LNG Feedgas Buyer F,active,5851500.0,0.0,8375.0,5859875.0,20000000.0,20000000.0,0.293,green
2026-03-30,CP07,LNG Feedgas Buyer G,commissioning,2077725.0,0.0,30597.5,2108322.5,6000000.0,3000000.0,0.7028,green
2026-03-30,CP08,Regional Marketer H,active,3587775.0,8558325.0,143460.0,0.0,3000000.0,3000000.0,0.0,green
2026-03-31,CP01,Permian Producer A,active,0.0,11074020.0,198465.0,0.0,8000000.0,8000000.0,0.0,green
2026-03-31,CP02,Haynesville Producer B,active,0.0,4217980.0,124800.0,0.0,5000000.0,5000000.0,0.0,green
2026-03-31,CP03,Gulf Coast Utility C,active,2880560.0,0.0,-166425.0,2714135.0,15000000.0,15000000.0,0.1809,green
2026-03-31,CP04,Texas Power Generator D,active,4291195.0,0.0,-55800.0,4235395.0,10000000.0,10000000.0,0.4235,green
2026-03-31,CP05,Petrochemical Plant E,active,4667132.5,0.0,71430.0,4738562.5,12000000.0,12000000.0,0.3949,green
2026-03-31,CP06,LNG Feedgas Buyer F,active,6039875.0,0.0,0.0,6039875.0,20000000.0,20000000.0,0.302,green
2026-03-31,CP07,LNG Feedgas Buyer G,commissioning,2143422.5,0.0,29700.0,2173122.5,6000000.0,3000000.0,0.7244,green
2026-03-31,CP08,Regional Marketer H,active,3706032.5,8835147.5,160350.0,0.0,3000000.0,3000000.0,0.0,green
2026-04-01,CP01,Permian Producer A,active,0.0,11335887.5,-30592.5,0.0,8000000.0,8000000.0,0.0,green
2026-04-01,CP02,Haynesville Producer B,active,0.0,4350995.0,44515.0,0.0,5000000.0,5000000.0,0.0,green
2026-04-01,CP03,Gulf Coast Utility C,active,3036712.5,0.0,-23852.5,3012860.0,15000000.0,15000000.0,0.2009,green
2026-04-01,CP04,Texas Power Generator D,active,4410510.0,0.0,-1290.0,4409220.0,10000000.0,10000000.0,0.4409,green
2026-04-01,CP05,Petrochemical Plant E,active,4738022.5,0.0,135215.0,4873237.5,12000000.0,12000000.0,0.4061,green
2026-04-01,CP06,LNG Feedgas Buyer F,active,6039875.0,0.0,0.0,6039875.0,20000000.0,20000000.0,0.302,green
2026-04-01,CP07,LNG Feedgas Buyer G,commissioning,2221000.0,0.0,88972.5,2309972.5,6000000.0,3000000.0,0.77,amber
2026-04-01,CP08,Regional Marketer H,active,3819612.5,9102272.5,110707.5,0.0,3000000.0,3000000.0,0.0,green
2026-04-02,CP01,Permian Producer A,active,0.0,11594180.0,-260530.0,0.0,8000000.0,8000000.0,0.0,green
2026-04-02,CP02,Haynesville Producer B,active,0.0,4481410.0,-38720.0,0.0,5000000.0,5000000.0,0.0,green
2026-04-02,CP03,Gulf Coast Utility C,active,3191890.0,0.0,145420.0,3337310.0,15000000.0,15000000.0,0.2225,green
2026-04-02,CP04,Texas Power Generator D,active,4526575.0,0.0,72195.0,4598770.0,10000000.0,10000000.0,0.4599,green
2026-04-02,CP05,Petrochemical Plant E,active,4807937.5,0.0,199065.0,5007002.5,12000000.0,12000000.0,0.4173,green
2026-04-02,CP06,LNG Feedgas Buyer F,active,6039875.0,0.0,0.0,6039875.0,20000000.0,20000000.0,0.302,green
2026-04-02,CP07,LNG Feedgas Buyer G,commissioning,2297602.5,0.0,149845.0,2447447.5,6000000.0,3000000.0,0.8158,amber
2026-04-02,CP08,Regional Marketer H,active,3929617.5,9361272.5,50940.0,0.0,3000000.0,3000000.0,0.0,green
2026-04-06,CP01,Permian Producer A,active,0.0,12632300.0,51610.0,0.0,8000000.0,8000000.0,0.0,green
2026-04-06,CP02,Haynesville Producer B,active,0.0,5006670.0,79550.0,0.0,5000000.0,5000000.0,0.0,green
2026-04-06,CP03,Gulf Coast Utility C,active,3813950.0,0.0,-70795.0,3743155.0,15000000.0,15000000.0,0.2495,green
2026-04-06,CP04,Texas Power Generator D,active,4995335.0,0.0,19335.0,5014670.0,10000000.0,10000000.0,0.5015,green
2026-04-06,CP05,Petrochemical Plant E,active,5088947.5,0.0,106037.5,5194985.0,12000000.0,12000000.0,0.4329,green
2026-04-06,CP06,LNG Feedgas Buyer F,active,6039875.0,0.0,0.0,6039875.0,20000000.0,20000000.0,0.302,green
2026-04-06,CP07,LNG Feedgas Buyer G,commissioning,2605362.5,0.0,53835.0,2659197.5,6000000.0,3000000.0,0.8864,amber
2026-04-06,CP08,Regional Marketer H,active,4374587.5,10408522.5,124632.5,0.0,3000000.0,3000000.0,0.0,green
2026-04-07,CP01,Permian Producer A,active,0.0,12894717.5,44032.5,0.0,8000000.0,8000000.0,0.0,green
2026-04-07,CP02,Haynesville Producer B,active,0.0,5140085.0,77805.0,0.0,5000000.0,5000000.0,0.0,green
2026-04-07,CP03,Gulf Coast Utility C,active,3970252.5,0.0,-45817.5,3924435.0,15000000.0,15000000.0,0.2616,green
2026-04-07,CP04,Texas Power Generator D,active,5115150.0,0.0,-5860.0,5109290.0,10000000.0,10000000.0,0.5109,green
2026-04-07,CP05,Petrochemical Plant E,active,5159987.5,0.0,81515.0,5241502.5,12000000.0,12000000.0,0.4368,green
2026-04-07,CP06,LNG Feedgas Buyer F,active,6039875.0,0.0,0.0,6039875.0,20000000.0,20000000.0,0.302,green
2026-04-07,CP07,LNG Feedgas Buyer G,commissioning,2683090.0,0.0,63957.5,2747047.5,6000000.0,3000000.0,0.9157,amber
2026-04-07,CP08,Regional Marketer H,active,4488717.5,10676897.5,99107.5,0.0,3000000.0,3000000.0,0.0,green
2026-04-08,CP01,Permian Producer A,active,0.0,13150810.0,-351045.0,0.0,8000000.0,8000000.0,0.0,green
2026-04-08,CP02,Haynesville Producer B,active,0.0,5268900.0,-95990.0,0.0,5000000.0,5000000.0,0.0,green
2026-04-08,CP03,Gulf Coast Utility C,active,4124830.0,0.0,206235.0,4331065.0,15000000.0,15000000.0,0.2887,green
2026-04-08,CP04,Texas Power Generator D,active,5229215.0,0.0,161145.0,5390360.0,10000000.0,10000000.0,0.539,green
2026-04-08,CP05,Petrochemical Plant E,active,5229302.5,0.0,233305.0,5462607.5,12000000.0,12000000.0,0.4552,green
2026-04-08,CP06,LNG Feedgas Buyer F,active,6039875.0,0.0,0.0,6039875.0,20000000.0,20000000.0,0.302,green
2026-04-08,CP07,LNG Feedgas Buyer G,commissioning,2759092.5,0.0,150030.0,2909122.5,6000000.0,3000000.0,0.9697,amber
2026-04-08,CP08,Regional Marketer H,active,4596522.5,10930897.5,50332.5,0.0,3000000.0,3000000.0,0.0,green
2026-04-09,CP01,Permian Producer A,active,0.0,13406902.5,-371682.5,0.0,8000000.0,8000000.0,0.0,green
2026-04-09,CP02,Haynesville Producer B,active,0.0,5397715.0,-109015.0,0.0,5000000.0,5000000.0,0.0,green
2026-04-09,CP03,Gulf Coast Utility C,active,4279407.5,0.0,205977.5,4485385.0,15000000.0,15000000.0,0.299,green
2026-04-09,CP04,Texas Power Generator D,active,5343280.0,0.0,191760.0,5535040.0,10000000.0,10000000.0,0.5535,green
2026-04-09,CP05,Petrochemical Plant E,active,5298617.5,0.0,255835.0,5554452.5,12000000.0,12000000.0,0.4629,green
2026-04-09,CP06,LNG Feedgas Buyer F,active,6039875.0,0.0,13950.0,6053825.0,20000000.0,20000000.0,0.3027,green
2026-04-09,CP07,LNG Feedgas Buyer G,commissioning,2835095.0,0.0,150502.5,2985597.5,6000000.0,3000000.0,0.9952,amber
2026-04-09,CP08,Regional Marketer H,active,4704327.5,11184897.5,21282.5,0.0,3000000.0,3000000.0,0.0,green
2026-04-10,CP01,Permian Producer A,active,0.0,13659145.0,-540480.0,0.0,8000000.0,8000000.0,0.0,green
2026-04-10,CP02,Haynesville Producer B,active,0.0,5523730.0,-182120.0,0.0,5000000.0,5000000.0,0.0,green
2026-04-10,CP03,Gulf Coast Utility C,active,4432935.0,0.0,326760.0,4759695.0,15000000.0,15000000.0,0.3173,green
2026-04-10,CP04,Texas Power Generator D,active,5453845.0,0.0,244535.0,5698380.0,10000000.0,10000000.0,0.5698,green
2026-04-10,CP05,Petrochemical Plant E,active,5366882.5,0.0,321605.0,5688487.5,12000000.0,12000000.0,0.474,green
2026-04-10,CP06,LNG Feedgas Buyer F,active,6039875.0,0.0,13950.0,6053825.0,20000000.0,20000000.0,0.3027,green
2026-04-10,CP07,LNG Feedgas Buyer G,commissioning,2910047.5,0.0,193000.0,3103047.5,6000000.0,3000000.0,1.0343,red
2026-04-10,CP08,Regional Marketer H,active,4808282.5,11430147.5,-39407.5,0.0,3000000.0,3000000.0,0.0,green
2026-04-13,CP01,Permian Producer A,active,0.0,14419997.5,-336772.5,0.0,8000000.0,8000000.0,0.0,green
2026-04-13,CP02,Haynesville Producer B,active,0.0,5904775.0,-84635.0,0.0,5000000.0,5000000.0,0.0,green
2026-04-13,CP03,Gulf Coast Utility C,active,4894642.5,0.0,170482.5,5065125.0,15000000.0,15000000.0,0.3377,green
2026-04-13,CP04,Texas Power Generator D,active,5789290.0,0.0,223010.0,6012300.0,10000000.0,10000000.0,0.6012,green
2026-04-13,CP05,Petrochemical Plant E,active,5572802.5,0.0,268152.5,5840955.0,12000000.0,12000000.0,0.4867,green
2026-04-13,CP06,LNG Feedgas Buyer F,active,6039875.0,0.0,13950.0,6053825.0,20000000.0,20000000.0,0.3027,green
2026-04-13,CP07,LNG Feedgas Buyer G,commissioning,3136030.0,0.0,121517.5,3257547.5,6000000.0,3000000.0,1.0858,red
2026-04-13,CP08,Regional Marketer H,active,5124272.5,12175272.5,1910.0,0.0,3000000.0,3000000.0,0.0,green
2026-04-14,CP01,Permian Producer A,active,0.0,14676365.0,-318640.0,0.0,8000000.0,8000000.0,0.0,green
2026-04-14,CP02,Haynesville Producer B,active,0.0,6033790.0,-107210.0,0.0,5000000.0,5000000.0,0.0,green
2026-04-14,CP03,Gulf Coast Utility C,active,5049295.0,0.0,166645.0,5215940.0,15000000.0,15000000.0,0.3477,green
2026-04-14,CP04,Texas Power Generator D,active,5903605.0,0.0,255015.0,6158620.0,10000000.0,10000000.0,0.6159,green
2026-04-14,CP05,Petrochemical Plant E,active,5642192.5,0.0,276727.5,5918920.0,12000000.0,12000000.0,0.4932,green
2026-04-14,CP06,LNG Feedgas Buyer F,active,6039875.0,0.0,13950.0,6053825.0,20000000.0,20000000.0,0.3027,green
2026-04-14,CP07,LNG Feedgas Buyer G,commissioning,3212107.5,0.0,115190.0,3327297.5,6000000.0,3000000.0,1.1091,red
2026-04-14,CP08,Regional Marketer H,active,5232352.5,12429897.5,-13210.0,0.0,3000000.0,3000000.0,0.0,green
2026-04-15,CP01,Permian Producer A,active,0.0,14932457.5,-294627.5,0.0,8000000.0,8000000.0,0.0,green
2026-04-15,CP02,Haynesville Producer B,active,0.0,6162605.0,-97265.0,0.0,5000000.0,5000000.0,0.0,green
2026-04-15,CP03,Gulf Coast Utility C,active,5203872.5,0.0,172812.5,5376685.0,15000000.0,15000000.0,0.3584,green
2026-04-15,CP04,Texas Power Generator D,active,6017670.0,0.0,240910.0,6258580.0,10000000.0,10000000.0,0.6259,green
2026-04-15,CP05,Petrochemical Plant E,active,5711507.5,0.0,266395.0,5977902.5,12000000.0,12000000.0,0.4982,green
2026-04-15,CP06,LNG Feedgas Buyer F,active,6039875.0,0.0,16275.0,6056150.0,20000000.0,20000000.0,0.3028,green
2026-04-15,CP07,LNG Feedgas Buyer G,commissioning,3288110.0,0.0,111487.5,3399597.5,6000000.0,3000000.0,1.1332,red
2026-04-15,CP08,Regional Marketer H,active,5340157.5,12683897.5,-9797.5,0.0,3000000.0,3000000.0,0.0,green
2026-04-16,CP01,Permian Producer A,active,0.0,15188550.0,-241640.0,0.0,8000000.0,8000000.0,0.0,green
2026-04-16,CP02,Haynesville Producer B,active,0.0,6291420.0,-59140.0,0.0,5000000.0,5000000.0,0.0,green
2026-04-16,CP03,Gulf Coast Utility C,active,5358450.0,0.0,158450.0,5516900.0,15000000.0,15000000.0,0.3678,green
2026-04-16,CP04,Texas Power Generator D,active,6131735.0,0.0,201465.0,6333200.0,10000000.0,10000000.0,0.6333,green
2026-04-16,CP05,Petrochemical Plant E,active,5780822.5,0.0,239557.5,6020380.0,12000000.0,12000000.0,0.5017,green
2026-04-16,CP06,LNG Feedgas Buyer F,active,6039875.0,0.0,25575.0,6065450.0,20000000.0,20000000.0,0.3033,green
2026-04-16,CP07,LNG Feedgas Buyer G,commissioning,3364112.5,0.0,104985.0,3469097.5,6000000.0,3000000.0,1.1564,red
2026-04-16,CP08,Regional Marketer H,active,5447962.5,12937897.5,12845.0,0.0,3000000.0,3000000.0,0.0,green
2026-04-17,CP01,Permian Producer A,active,0.0,15442717.5,-254102.5,0.0,8000000.0,8000000.0,0.0,green
2026-04-17,CP02,Haynesville Producer B,active,0.0,6418835.0,-43765.0,0.0,5000000.0,5000000.0,0.0,green
2026-04-17,CP03,Gulf Coast Utility C,active,5512502.5,0.0,186587.5,5699090.0,15000000.0,15000000.0,0.3799,green
2026-04-17,CP04,Texas Power Generator D,active,6244050.0,0.0,179700.0,6423750.0,10000000.0,10000000.0,0.6424,green
2026-04-17,CP05,Petrochemical Plant E,active,5849612.5,0.0,231795.0,6081407.5,12000000.0,12000000.0,0.5068,green
2026-04-17,CP06,LNG Feedgas Buyer F,active,6039875.0,0.0,21390.0,6061265.0,20000000.0,20000000.0,0.3031,green
2026-04-17,CP07,LNG Feedgas Buyer G,commissioning,3439590.0,0.0,114407.5,3553997.5,6000000.0,3000000.0,1.1847,red
2026-04-17,CP08,Regional Marketer H,active,5553842.5,13187522.5,13905.0,0.0,3000000.0,3000000.0,0.0,green
2026-04-20,CP01,Permian Producer A,active,0.0,16207970.0,-108100.0,0.0,8000000.0,8000000.0,0.0,green
2026-04-20,CP02,Haynesville Producer B,active,0.0,6803080.0,16230.0,0.0,5000000.0,5000000.0,0.0,green
2026-04-20,CP03,Gulf Coast Utility C,active,5975410.0,0.0,103930.0,6079340.0,15000000.0,15000000.0,0.4053,green
2026-04-20,CP04,Texas Power Generator D,active,6583495.0,0.0,125055.0,6708550.0,10000000.0,10000000.0,0.6709,green
2026-04-20,CP05,Petrochemical Plant E,active,6056732.5,0.0,185212.5,6241945.0,12000000.0,12000000.0,0.5202,green
2026-04-20,CP06,LNG Feedgas Buyer F,active,6039875.0,0.0,19065.0,6058940.0,20000000.0,20000000.0,0.3029,green
2026-04-20,CP07,LNG Feedgas Buyer G,commissioning,3666772.5,0.0,73725.0,3740497.5,6000000.0,3000000.0,1.2468,red
2026-04-20,CP08,Regional Marketer H,active,5874232.5,13942647.5,45115.0,0.0,3000000.0,3000000.0,0.0,green
2026-04-21,CP01,Permian Producer A,active,0.0,16463512.5,-115377.5,0.0,8000000.0,8000000.0,0.0,green
2026-04-21,CP02,Haynesville Producer B,active,0.0,6931495.0,31815.0,0.0,5000000.0,5000000.0,0.0,green
2026-04-21,CP03,Gulf Coast Utility C,active,6129837.5,0.0,115662.5,6245500.0,15000000.0,15000000.0,0.4164,green
2026-04-21,CP04,Texas Power Generator D,active,6697060.0,0.0,116835.0,6813895.0,10000000.0,10000000.0,0.6814,green
2026-04-21,CP05,Petrochemical Plant E,active,6125897.5,0.0,181307.5,6307205.0,12000000.0,12000000.0,0.5256,green
2026-04-21,CP06,LNG Feedgas Buyer F,active,6039875.0,0.0,17825.0,6057700.0,20000000.0,20000000.0,0.3029,green
2026-04-21,CP07,LNG Feedgas Buyer G,commissioning,3742625.0,0.0,75622.5,3818247.5,6000000.0,3000000.0,1.2727,red
2026-04-21,CP08,Regional Marketer H,active,5981487.5,14195397.5,48895.0,0.0,3000000.0,3000000.0,0.0,green
2026-04-22,CP01,Permian Producer A,active,0.0,16718780.0,-79010.0,0.0,8000000.0,8000000.0,0.0,green
2026-04-22,CP02,Haynesville Producer B,active,0.0,7059710.0,78980.0,0.0,5000000.0,5000000.0,0.0,green
2026-04-22,CP03,Gulf Coast Utility C,active,6284190.0,0.0,105860.0,6390050.0,15000000.0,15000000.0,0.426,green
2026-04-22,CP04,Texas Power Generator D,active,6810375.0,0.0,66432.5,6876807.5,10000000.0,10000000.0,0.6877,green
2026-04-22,CP05,Petrochemical Plant E,active,6194987.5,0.0,168855.0,6363842.5,12000000.0,12000000.0,0.5303,green
2026-04-22,CP06,LNG Feedgas Buyer F,active,6039875.0,0.0,13950.0,6053825.0,20000000.0,20000000.0,0.3027,green
2026-04-22,CP07,LNG Feedgas Buyer G,commissioning,3818402.5,0.0,70170.0,3888572.5,6000000.0,3000000.0,1.2962,red
2026-04-22,CP08,Regional Marketer H,active,6088467.5,14447522.5,83352.5,0.0,3000000.0,3000000.0,0.0,green
2026-04-23,CP01,Permian Producer A,active,0.0,16971297.5,-223547.5,0.0,8000000.0,8000000.0,0.0,green
2026-04-23,CP02,Haynesville Producer B,active,0.0,7185925.0,-115870.0,0.0,5000000.0,5000000.0,0.0,green
2026-04-23,CP03,Gulf Coast Utility C,active,6437792.5,0.0,144122.5,6581915.0,15000000.0,15000000.0,0.4388,green
2026-04-23,CP04,Texas Power Generator D,active,6921190.0,0.0,282867.5,7204057.5,10000000.0,10000000.0,0.7204,green
2026-04-23,CP05,Petrochemical Plant E,active,6263327.5,0.0,230730.0,6494057.5,12000000.0,12000000.0,0.5412,green
2026-04-23,CP06,LNG Feedgas Buyer F,active,6039875.0,0.0,30690.0,6070565.0,20000000.0,20000000.0,0.3035,green
2026-04-23,CP07,LNG Feedgas Buyer G,commissioning,3893430.0,0.0,75392.5,3968822.5,6000000.0,3000000.0,1.3229,red
2026-04-23,CP08,Regional Marketer H,active,6192697.5,14693397.5,-3457.5,0.0,3000000.0,3000000.0,0.0,green
2026-04-24,CP01,Permian Producer A,active,0.0,17220790.0,-341240.0,0.0,8000000.0,8000000.0,0.0,green
2026-04-24,CP02,Haynesville Producer B,active,0.0,7309940.0,-280560.0,0.0,5000000.0,5000000.0,0.0,green
2026-04-24,CP03,Gulf Coast Utility C,active,6590570.0,0.0,173450.0,6764020.0,15000000.0,15000000.0,0.4509,green
2026-04-24,CP04,Texas Power Generator D,active,7029255.0,0.0,464265.0,7493520.0,10000000.0,10000000.0,0.7494,green
2026-04-24,CP05,Petrochemical Plant E,active,6330842.5,0.0,281282.5,6612125.0,12000000.0,12000000.0,0.551,green
2026-04-24,CP06,LNG Feedgas Buyer F,active,6039875.0,0.0,44795.0,6084670.0,20000000.0,20000000.0,0.3042,green
2026-04-24,CP07,LNG Feedgas Buyer G,commissioning,3967632.5,0.0,85140.0,4052772.5,6000000.0,3000000.0,1.3509,red
2026-04-24,CP08,Regional Marketer H,active,6293902.5,14932397.5,-75960.0,0.0,3000000.0,3000000.0,0.0,green
2026-04-27,CP01,Permian Producer A,active,0.0,6900197.5,-197817.5,0.0,8000000.0,8000000.0,0.0,green
2026-04-27,CP02,Haynesville Producer B,active,0.0,3467605.0,-191880.0,0.0,5000000.0,5000000.0,0.0,green
2026-04-27,CP03,Gulf Coast Utility C,active,4169692.5,0.0,86682.5,4256375.0,15000000.0,15000000.0,0.2838,green
2026-04-27,CP04,Texas Power Generator D,active,3066755.0,0.0,384457.5,3451212.5,10000000.0,10000000.0,0.3451,green
2026-04-27,CP05,Petrochemical Plant E,active,1867605.0,0.0,227440.0,2095045.0,12000000.0,12000000.0,0.1746,green
2026-04-27,CP06,LNG Feedgas Buyer F,active,0.0,0.0,40610.0,40610.0,20000000.0,20000000.0,0.002,green
2026-04-27,CP07,LNG Feedgas Buyer G,commissioning,2048167.5,0.0,37305.0,2085472.5,6000000.0,3000000.0,0.6952,green
2026-04-27,CP08,Regional Marketer H,active,2896435.0,6825500.0,-34342.5,0.0,3000000.0,3000000.0,0.0,green
2026-04-28,CP01,Permian Producer A,active,0.0,7154090.0,-174010.0,0.0,8000000.0,8000000.0,0.0,green
2026-04-28,CP02,Haynesville Producer B,active,0.0,3594820.0,-172320.0,0.0,5000000.0,5000000.0,0.0,green
2026-04-28,CP03,Gulf Coast Utility C,active,4323670.0,0.0,75760.0,4399430.0,15000000.0,15000000.0,0.2933,green
2026-04-28,CP04,Texas Power Generator D,active,3178820.0,0.0,363855.0,3542675.0,10000000.0,10000000.0,0.3543,green
2026-04-28,CP05,Petrochemical Plant E,active,1936320.0,0.0,215492.5,2151812.5,12000000.0,12000000.0,0.1793,green
2026-04-28,CP06,LNG Feedgas Buyer F,active,0.0,0.0,43865.0,43865.0,20000000.0,20000000.0,0.0022,green
2026-04-28,CP07,LNG Feedgas Buyer G,commissioning,2123570.0,0.0,28360.0,2151930.0,6000000.0,3000000.0,0.7173,green
2026-04-28,CP08,Regional Marketer H,active,3002040.0,7074500.0,-27470.0,0.0,3000000.0,3000000.0,0.0,green
2026-04-29,CP01,Permian Producer A,active,0.0,7405232.5,-148867.5,0.0,8000000.0,8000000.0,0.0,green
2026-04-29,CP02,Haynesville Producer B,active,0.0,3720035.0,-169105.0,0.0,5000000.0,5000000.0,0.0,green
2026-04-29,CP03,Gulf Coast Utility C,active,4476897.5,0.0,68032.5,4544930.0,15000000.0,15000000.0,0.303,green
2026-04-29,CP04,Texas Power Generator D,active,3288385.0,0.0,361290.0,3649675.0,10000000.0,10000000.0,0.365,green
2026-04-29,CP05,Petrochemical Plant E,active,2004285.0,0.0,209027.5,2213312.5,12000000.0,12000000.0,0.1844,green
2026-04-29,CP06,LNG Feedgas Buyer F,active,0.0,0.0,43865.0,43865.0,20000000.0,20000000.0,0.0022,green
2026-04-29,CP07,LNG Feedgas Buyer G,commissioning,2198222.5,0.0,22207.5,2220430.0,6000000.0,3000000.0,0.7401,green
2026-04-29,CP08,Regional Marketer H,active,3104895.0,7317250.0,-27575.0,0.0,3000000.0,3000000.0,0.0,green
2026-04-30,CP01,Permian Producer A,active,0.0,7657475.0,-71225.0,0.0,8000000.0,8000000.0,0.0,green
2026-04-30,CP02,Haynesville Producer B,active,0.0,3846050.0,-160890.0,0.0,5000000.0,5000000.0,0.0,green
2026-04-30,CP03,Gulf Coast Utility C,active,4630425.0,0.0,51305.0,4681730.0,15000000.0,15000000.0,0.3121,green
2026-04-30,CP04,Texas Power Generator D,active,3398950.0,0.0,357975.0,3756925.0,10000000.0,10000000.0,0.3757,green
2026-04-30,CP05,Petrochemical Plant E,active,2072550.0,0.0,213062.5,2285612.5,12000000.0,12000000.0,0.1905,green
2026-04-30,CP06,LNG Feedgas Buyer F,active,0.0,0.0,43865.0,43865.0,20000000.0,20000000.0,0.0022,green
2026-04-30,CP07,LNG Feedgas Buyer G,commissioning,2273175.0,0.0,12555.0,2285730.0,6000000.0,3000000.0,0.7619,amber
2026-04-30,CP08,Regional Marketer H,active,3208850.0,7562500.0,-24180.0,0.0,3000000.0,3000000.0,0.0,green
2026-05-01,CP01,Permian Producer A,active,0.0,7909315.0,13650.0,0.0,8000000.0,8000000.0,0.0,green
2026-05-01,CP02,Haynesville Producer B,active,0.0,4038010.0,-22800.0,0.0,5000000.0,5000000.0,0.0,green
2026-05-01,CP03,Gulf Coast Utility C,active,4671175.0,0.0,39000.0,4710175.0,15000000.0,15000000.0,0.314,green
2026-05-01,CP04,Texas Power Generator D,active,3642687.5,0.0,212400.0,3855087.5,10000000.0,10000000.0,0.3855,green
2026-05-01,CP05,Petrochemical Plant E,active,2196095.0,0.0,185100.0,2381195.0,12000000.0,12000000.0,0.1984,green
2026-05-01,CP06,LNG Feedgas Buyer F,active,86180.0,0.0,21150.0,107330.0,20000000.0,20000000.0,0.0054,green
2026-05-01,CP07,LNG Feedgas Buyer G,commissioning,2332222.5,0.0,-3825.0,2328397.5,6000000.0,3000000.0,0.7761,amber
2026-05-01,CP08,Regional Marketer H,active,3279105.0,7691112.5,24525.0,0.0,3000000.0,3000000.0,0.0,green
2026-05-04,CP01,Permian Producer A,active,0.0,8667235.0,96570.0,0.0,8000000.0,8000000.0,0.0,green
2026-05-04,CP02,Haynesville Producer B,active,0.0,4614590.0,71055.0,0.0,5000000.0,5000000.0,0.0,green
2026-05-04,CP03,Gulf Coast Utility C,active,4793825.0,0.0,47700.0,4841525.0,15000000.0,15000000.0,0.3228,green
2026-05-04,CP04,Texas Power Generator D,active,4375000.0,0.0,117262.5,4492262.5,10000000.0,10000000.0,0.4492,green
2026-05-04,CP05,Petrochemical Plant E,active,2567830.0,0.0,113715.0,2681545.0,12000000.0,12000000.0,0.2235,green
2026-05-04,CP06,LNG Feedgas Buyer F,active,345620.0,0.0,8235.0,353855.0,20000000.0,20000000.0,0.0177,green
2026-05-04,CP07,LNG Feedgas Buyer G,commissioning,2509965.0,0.0,-11542.5,2498422.5,6000000.0,3000000.0,0.8328,amber
2026-05-04,CP08,Regional Marketer H,active,3489870.0,8076950.0,46372.5,0.0,3000000.0,3000000.0,0.0,green
2026-05-05,CP01,Permian Producer A,active,0.0,8931075.0,207210.0,0.0,8000000.0,8000000.0,0.0,green
2026-05-05,CP02,Haynesville Producer B,active,0.0,4810050.0,284240.0,0.0,5000000.0,5000000.0,0.0,green
2026-05-05,CP03,Gulf Coast Utility C,active,4836575.0,0.0,73200.0,4909775.0,15000000.0,15000000.0,0.3273,green
2026-05-05,CP04,Texas Power Generator D,active,4624237.5,0.0,-127850.0,4496387.5,10000000.0,10000000.0,0.4496,green
2026-05-05,CP05,Petrochemical Plant E,active,2696875.0,0.0,76470.0,2773345.0,12000000.0,12000000.0,0.2311,green
2026-05-05,CP06,LNG Feedgas Buyer F,active,436300.0,0.0,-33670.0,402630.0,20000000.0,20000000.0,0.0201,green
2026-05-05,CP07,LNG Feedgas Buyer G,commissioning,2572012.5,0.0,-33315.0,2538697.5,6000000.0,3000000.0,0.8462,amber
2026-05-05,CP08,Regional Marketer H,active,3560125.0,8205562.5,138255.0,0.0,3000000.0,3000000.0,0.0,green
2026-05-06,CP01,Permian Producer A,active,0.0,9190115.0,106100.0,0.0,8000000.0,8000000.0,0.0,green
2026-05-06,CP02,Haynesville Producer B,active,0.0,5004110.0,134225.0,0.0,5000000.0,5000000.0,0.0,green
2026-05-06,CP03,Gulf Coast Utility C,active,4878525.0,0.0,117700.0,4996225.0,15000000.0,15000000.0,0.3331,green
2026-05-06,CP04,Texas Power Generator D,active,4871275.0,0.0,6962.5,4878237.5,10000000.0,10000000.0,0.4878,green
2026-05-06,CP05,Petrochemical Plant E,active,2823720.0,0.0,144575.0,2968295.0,12000000.0,12000000.0,0.2474,green
2026-05-06,CP06,LNG Feedgas Buyer F,active,525180.0,0.0,-12375.0,512805.0,20000000.0,20000000.0,0.0256,green
2026-05-06,CP07,LNG Feedgas Buyer G,commissioning,2632860.0,0.0,-16687.5,2616172.5,6000000.0,3000000.0,0.8721,amber
2026-05-06,CP08,Regional Marketer H,active,3630380.0,8334175.0,94687.5,0.0,3000000.0,3000000.0,0.0,green
2026-05-07,CP01,Permian Producer A,active,0.0,9446155.0,79440.0,0.0,8000000.0,8000000.0,0.0,green
2026-05-07,CP02,Haynesville Producer B,active,0.0,5197295.0,86310.0,0.0,5000000.0,5000000.0,0.0,green
2026-05-07,CP03,Gulf Coast Utility C,active,4919975.0,0.0,99600.0,5019575.0,15000000.0,15000000.0,0.3346,green
2026-05-07,CP04,Texas Power Generator D,active,5116937.5,0.0,79500.0,5196437.5,10000000.0,10000000.0,0.5196,green
2026-05-07,CP05,Petrochemical Plant E,active,2949190.0,0.0,139080.0,3088270.0,12000000.0,12000000.0,0.2574,green
2026-05-07,CP06,LNG Feedgas Buyer F,active,612935.0,0.0,120.0,613055.0,20000000.0,20000000.0,0.0307,green
2026-05-07,CP07,LNG Feedgas Buyer G,commissioning,2692957.5,0.0,-4410.0,2688547.5,6000000.0,3000000.0,0.8962,amber
2026-05-07,CP08,Regional Marketer H,active,3700635.0,8462787.5,73170.0,0.0,3000000.0,3000000.0,0.0,green
2026-05-08,CP01,Permian Producer A,active,0.0,9705195.0,113830.0,0.0,8000000.0,8000000.0,0.0,green
2026-05-08,CP02,Haynesville Producer B,active,0.0,5391355.0,139795.0,0.0,5000000.0,5000000.0,0.0,green
2026-05-08,CP03,Gulf Coast Utility C,active,4961925.0,0.0,102350.0,5064275.0,15000000.0,15000000.0,0.3376,green
2026-05-08,CP04,Texas Power Generator D,active,5363975.0,0.0,5862.5,5369837.5,10000000.0,10000000.0,0.537,green
2026-05-08,CP05,Petrochemical Plant E,active,3076035.0,0.0,122185.0,3198220.0,12000000.0,12000000.0,0.2665,green
2026-05-08,CP06,LNG Feedgas Buyer F,active,701815.0,0.0,-11385.0,690430.0,20000000.0,20000000.0,0.0345,green
2026-05-08,CP07,LNG Feedgas Buyer G,commissioning,2753805.0,0.0,-11482.5,2742322.5,6000000.0,3000000.0,0.9141,amber
2026-05-08,CP08,Regional Marketer H,active,3770890.0,8591400.0,93052.5,0.0,3000000.0,3000000.0,0.0,green
2026-05-11,CP01,Permian Producer A,active,0.0,10486515.0,225050.0,0.0,8000000.0,8000000.0,0.0,green
2026-05-11,CP02,Haynesville Producer B,active,0.0,5974760.0,292650.0,0.0,5000000.0,5000000.0,0.0,green
2026-05-11,CP03,Gulf Coast Utility C,active,5088475.0,0.0,1450.0,5089925.0,15000000.0,15000000.0,0.3393,green
2026-05-11,CP04,Texas Power Generator D,active,6107012.5,0.0,-91725.0,6015287.5,10000000.0,10000000.0,0.6015,green
2026-05-11,CP05,Petrochemical Plant E,active,3458495.0,0.0,-3400.0,3455095.0,12000000.0,12000000.0,0.2879,green
2026-05-11,CP06,LNG Feedgas Buyer F,active,970030.0,0.0,-23900.0,946130.0,20000000.0,20000000.0,0.0473,green
2026-05-11,CP07,LNG Feedgas Buyer G,commissioning,2937397.5,0.0,-30375.0,2907022.5,6000000.0,3000000.0,0.969,amber
2026-05-11,CP08,Regional Marketer H,active,3981655.0,8977237.5,159900.0,0.0,3000000.0,3000000.0,0.0,green
2026-05-12,CP01,Permian Producer A,active,0.0,10755155.0,250090.0,0.0,8000000.0,8000000.0,0.0,green
2026-05-12,CP02,Haynesville Producer B,active,0.0,6171620.0,350835.0,0.0,5000000.0,5000000.0,0.0,green
2026-05-12,CP03,Gulf Coast Utility C,active,5132025.0,0.0,32750.0,5164775.0,15000000.0,15000000.0,0.3443,green
2026-05-12,CP04,Texas Power Generator D,active,6358450.0,0.0,-188737.5,6169712.5,10000000.0,10000000.0,0.617,green
2026-05-12,CP05,Petrochemical Plant E,active,3589740.0,0.0,5005.0,3594745.0,12000000.0,12000000.0,0.2996,green
2026-05-12,CP06,LNG Feedgas Buyer F,active,1062510.0,0.0,-39805.0,1022705.0,20000000.0,20000000.0,0.0511,green
2026-05-12,CP07,LNG Feedgas Buyer G,commissioning,3000645.0,0.0,-36622.5,2964022.5,6000000.0,3000000.0,0.988,amber
2026-05-12,CP08,Regional Marketer H,active,4051910.0,9105850.0,173182.5,0.0,3000000.0,3000000.0,0.0,green
2026-05-13,CP01,Permian Producer A,active,0.0,11021995.0,232830.0,0.0,8000000.0,8000000.0,0.0,green
2026-05-13,CP02,Haynesville Producer B,active,0.0,6367955.0,325920.0,0.0,5000000.0,5000000.0,0.0,green
2026-05-13,CP03,Gulf Coast Utility C,active,5175275.0,0.0,22950.0,5198225.0,15000000.0,15000000.0,0.3465,green
2026-05-13,CP04,Texas Power Generator D,active,6609062.5,0.0,-146100.0,6462962.5,10000000.0,10000000.0,0.6463,green
2026-05-13,CP05,Petrochemical Plant E,active,3720160.0,0.0,1560.0,3721720.0,12000000.0,12000000.0,0.3101,green
2026-05-13,CP06,LNG Feedgas Buyer F,active,1154315.0,0.0,-23310.0,1131005.0,20000000.0,20000000.0,0.0566,green
2026-05-13,CP07,LNG Feedgas Buyer G,commissioning,3063442.5,0.0,-31920.0,3031522.5,6000000.0,3000000.0,1.0105,red
2026-05-13,CP08,Regional Marketer H,active,4122165.0,9234462.5,160215.0,0.0,3000000.0,3000000.0,0.0,green
2026-05-14,CP01,Permian Producer A,active,0.0,11283435.0,186020.0,0.0,8000000.0,8000000.0,0.0,green
2026-05-14,CP02,Haynesville Producer B,active,0.0,6562715.0,256305.0,0.0,5000000.0,5000000.0,0.0,green
2026-05-14,CP03,Gulf Coast Utility C,active,5217625.0,0.0,12550.0,5230175.0,15000000.0,15000000.0,0.3487,green
2026-05-14,CP04,Texas Power Generator D,active,6857200.0,0.0,-44137.5,6813062.5,10000000.0,10000000.0,0.6813,green
2026-05-14,CP05,Petrochemical Plant E,active,3848105.0,0.0,9515.0,3857620.0,12000000.0,12000000.0,0.3215,green
2026-05-14,CP06,LNG Feedgas Buyer F,active,1244095.0,0.0,-15215.0,1228880.0,20000000.0,20000000.0,0.0614,green
2026-05-14,CP07,LNG Feedgas Buyer G,commissioning,3124890.0,0.0,-20692.5,3104197.5,6000000.0,3000000.0,1.0347,red
2026-05-14,CP08,Regional Marketer H,active,4192420.0,9363075.0,128347.5,0.0,3000000.0,3000000.0,0.0,green
2026-05-15,CP01,Permian Producer A,active,0.0,11550875.0,279360.0,0.0,8000000.0,8000000.0,0.0,green
2026-05-15,CP02,Haynesville Producer B,active,0.0,6759225.0,396190.0,0.0,5000000.0,5000000.0,0.0,green
2026-05-15,CP03,Gulf Coast Utility C,active,5260975.0,0.0,-35550.0,5225425.0,15000000.0,15000000.0,0.3484,green
2026-05-15,CP04,Texas Power Generator D,active,7108087.5,0.0,-146125.0,6961962.5,10000000.0,10000000.0,0.6962,green
2026-05-15,CP05,Petrochemical Plant E,active,3978800.0,0.0,-60480.0,3918320.0,12000000.0,12000000.0,0.3265,green
2026-05-15,CP06,LNG Feedgas Buyer F,active,1336125.0,0.0,-50120.0,1286005.0,20000000.0,20000000.0,0.0643,green
2026-05-15,CP07,LNG Feedgas Buyer G,commissioning,3187837.5,0.0,-36315.0,3151522.5,6000000.0,3000000.0,1.0505,red
2026-05-15,CP08,Regional Marketer H,active,4262675.0,9491687.5,197730.0,0.0,3000000.0,3000000.0,0.0,green
2026-05-18,CP01,Permian Producer A,active,0.0,12363995.0,373530.0,0.0,8000000.0,8000000.0,0.0,green
2026-05-18,CP02,Haynesville Producer B,active,0.0,7351905.0,545695.0,0.0,5000000.0,5000000.0,0.0,green
2026-05-18,CP03,Gulf Coast Utility C,active,5392825.0,0.0,-85650.0,5307175.0,15000000.0,15000000.0,0.3538,green
2026-05-18,CP04,Texas Power Generator D,active,7865700.0,0.0,-269537.5,7596162.5,10000000.0,10000000.0,0.7596,amber
2026-05-18,CP05,Petrochemical Plant E,active,4375835.0,0.0,-141765.0,4234070.0,12000000.0,12000000.0,0.3528,green
2026-05-18,CP06,LNG Feedgas Buyer F,active,1616265.0,0.0,-69035.0,1547230.0,20000000.0,20000000.0,0.0774,green
2026-05-18,CP07,LNG Feedgas Buyer G,commissioning,3379380.0,0.0,-52432.5,3326947.5,6000000.0,3000000.0,1.109,red
2026-05-18,CP08,Regional Marketer H,active,4473440.0,9877525.0,296977.5,0.0,3000000.0,3000000.0,0.0,green
2026-05-19,CP01,Permian Producer A,active,0.0,12651835.0,474570.0,0.0,8000000.0,8000000.0,0.0,green
2026-05-19,CP02,Haynesville Producer B,active,0.0,7554365.0,734130.0,0.0,5000000.0,5000000.0,0.0,green
2026-05-19,CP03,Gulf Coast Utility C,active,5439575.0,0.0,-141600.0,5297975.0,15000000.0,15000000.0,0.3532,green
2026-05-19,CP04,Texas Power Generator D,active,8125937.5,0.0,-375825.0,7750112.5,10000000.0,10000000.0,0.775,amber
2026-05-19,CP05,Petrochemical Plant E,active,4515880.0,0.0,-226860.0,4289020.0,12000000.0,12000000.0,0.3574,green
2026-05-19,CP06,LNG Feedgas Buyer F,active,1715945.0,0.0,-165540.0,1550405.0,20000000.0,20000000.0,0.0775,green
2026-05-19,CP07,LNG Feedgas Buyer G,commissioning,3447427.5,0.0,-70155.0,3377272.5,6000000.0,3000000.0,1.1258,red
2026-05-19,CP08,Regional Marketer H,active,4543695.0,10006137.5,410460.0,0.0,3000000.0,3000000.0,0.0,green
2026-05-20,CP01,Permian Producer A,active,0.0,12936675.0,385310.0,0.0,8000000.0,8000000.0,0.0,green
2026-05-20,CP02,Haynesville Producer B,active,0.0,7755950.0,498915.0,0.0,5000000.0,5000000.0,0.0,green
2026-05-20,CP03,Gulf Coast Utility C,active,5485825.0,0.0,-46400.0,5439425.0,15000000.0,15000000.0,0.3626,green
2026-05-20,CP04,Texas Power Generator D,active,8384800.0,0.0,-302737.5,8082062.5,10000000.0,10000000.0,0.8082,amber
2026-05-20,CP05,Petrochemical Plant E,active,4654550.0,0.0,-145930.0,4508620.0,12000000.0,12000000.0,0.3757,green
2026-05-20,CP06,LNG Feedgas Buyer F,active,1814500.0,0.0,-55745.0,1758755.0,20000000.0,20000000.0,0.0879,green
2026-05-20,CP07,LNG Feedgas Buyer G,commissioning,3514725.0,0.0,-44152.5,3470572.5,6000000.0,3000000.0,1.1569,red
2026-05-20,CP08,Regional Marketer H,active,4613950.0,10134750.0,287017.5,0.0,3000000.0,3000000.0,0.0,green
2026-05-21,CP01,Permian Producer A,active,0.0,13219115.0,364550.0,0.0,8000000.0,8000000.0,0.0,green
2026-05-21,CP02,Haynesville Producer B,active,0.0,7956835.0,479000.0,0.0,5000000.0,5000000.0,0.0,green
2026-05-21,CP03,Gulf Coast Utility C,active,5531675.0,0.0,-54500.0,5477175.0,15000000.0,15000000.0,0.3651,green
2026-05-21,CP04,Texas Power Generator D,active,8642562.5,0.0,-251450.0,8391112.5,10000000.0,10000000.0,0.8391,amber
2026-05-21,CP05,Petrochemical Plant E,active,4792120.0,0.0,-115900.0,4676220.0,12000000.0,12000000.0,0.3897,green
2026-05-21,CP06,LNG Feedgas Buyer F,active,1912155.0,0.0,-59550.0,1852605.0,20000000.0,20000000.0,0.0926,green
2026-05-21,CP07,LNG Feedgas Buyer G,commissioning,3581422.5,0.0,-42150.0,3539272.5,6000000.0,3000000.0,1.1798,red
2026-05-21,CP08,Regional Marketer H,active,4684205.0,10263362.5,278475.0,0.0,3000000.0,3000000.0,0.0,green
2026-05-22,CP01,Permian Producer A,active,0.0,13488355.0,196140.0,0.0,8000000.0,8000000.0,0.0,green
2026-05-22,CP02,Haynesville Producer B,active,0.0,8153870.0,135210.0,0.0,5000000.0,5000000.0,0.0,green
2026-05-22,CP03,Gulf Coast Utility C,active,5575325.0,0.0,48225.0,5623550.0,15000000.0,15000000.0,0.3749,green
2026-05-22,CP04,Texas Power Generator D,active,8894275.0,0.0,-87787.5,8806487.5,10000000.0,10000000.0,0.8806,amber
2026-05-22,CP05,Petrochemical Plant E,active,4923640.0,0.0,88980.0,5012620.0,12000000.0,12000000.0,0.4177,green
2026-05-22,CP06,LNG Feedgas Buyer F,active,2004860.0,0.0,64545.0,2069405.0,20000000.0,20000000.0,0.1035,green
2026-05-22,CP07,LNG Feedgas Buyer G,commissioning,3644820.0,0.0,18277.5,3663097.5,6000000.0,3000000.0,1.221,red
2026-05-22,CP08,Regional Marketer H,active,4754460.0,10391975.0,113407.5,0.0,3000000.0,3000000.0,0.0,green
2026-05-26,CP01,Permian Producer A,active,0.0,6918640.0,185250.0,0.0,8000000.0,8000000.0,0.0,green
2026-05-26,CP02,Haynesville Producer B,active,0.0,5099110.0,115175.0,0.0,5000000.0,5000000.0,0.0,green
2026-05-26,CP03,Gulf Coast Utility C,active,1121300.0,0.0,55050.0,1176350.0,15000000.0,15000000.0,0.0784,green
2026-05-26,CP04,Texas Power Generator D,active,6507125.0,0.0,-95787.5,6411337.5,10000000.0,10000000.0,0.6411,green
2026-05-26,CP05,Petrochemical Plant E,active,3382120.0,0.0,92250.0,3474370.0,12000000.0,12000000.0,0.2895,green
2026-05-26,CP06,LNG Feedgas Buyer F,active,2379730.0,0.0,82775.0,2462505.0,20000000.0,20000000.0,0.1231,green
2026-05-26,CP07,LNG Feedgas Buyer G,commissioning,1627935.0,0.0,25612.5,1653547.5,6000000.0,3000000.0,0.5512,green
2026-05-26,CP08,Regional Marketer H,active,1826630.0,3343925.0,111862.5,0.0,3000000.0,3000000.0,0.0,green
2026-05-27,CP01,Permian Producer A,active,0.0,7200480.0,284490.0,0.0,8000000.0,8000000.0,0.0,green
2026-05-27,CP02,Haynesville Producer B,active,0.0,5299820.0,443410.0,0.0,5000000.0,5000000.0,0.0,green
2026-05-27,CP03,Gulf Coast Utility C,active,1167050.0,0.0,-64950.0,1102100.0,15000000.0,15000000.0,0.0735,green
2026-05-27,CP04,Texas Power Generator D,active,6764612.5,0.0,-124750.0,6639862.5,10000000.0,10000000.0,0.664,green
2026-05-27,CP05,Petrochemical Plant E,active,3519415.0,0.0,-125820.0,3393595.0,12000000.0,12000000.0,0.2828,green
2026-05-27,CP06,LNG Feedgas Buyer F,active,2477160.0,0.0,-69680.0,2407480.0,20000000.0,20000000.0,0.1204,green
2026-05-27,CP07,LNG Feedgas Buyer G,commissioning,1694482.5,0.0,-26385.0,1668097.5,6000000.0,3000000.0,0.556,green
2026-05-27,CP08,Regional Marketer H,active,1896885.0,3472537.5,256470.0,0.0,3000000.0,3000000.0,0.0,green
2026-05-28,CP01,Permian Producer A,active,0.0,7476920.0,259530.0,0.0,8000000.0,8000000.0,0.0,green
2026-05-28,CP02,Haynesville Producer B,active,0.0,5498955.0,402345.0,0.0,5000000.0,5000000.0,0.0,green
2026-05-28,CP03,Gulf Coast Utility C,active,1211900.0,0.0,-62400.0,1149500.0,15000000.0,15000000.0,0.0766,green
2026-05-28,CP04,Texas Power Generator D,active,7019625.0,0.0,-83662.5,6935962.5,10000000.0,10000000.0,0.6936,green
2026-05-28,CP05,Petrochemical Plant E,active,3654235.0,0.0,-117540.0,3536695.0,12000000.0,12000000.0,0.2947,green
2026-05-28,CP06,LNG Feedgas Buyer F,active,2572565.0,0.0,-62685.0,2509880.0,20000000.0,20000000.0,0.1255,green
2026-05-28,CP07,LNG Feedgas Buyer G,commissioning,1759680.0,0.0,-20482.5,1739197.5,6000000.0,3000000.0,0.5797,green
2026-05-28,CP08,Regional Marketer H,active,1967140.0,3601150.0,238327.5,0.0,3000000.0,3000000.0,0.0,green
2026-05-29,CP01,Permian Producer A,active,0.0,7771360.0,268170.0,0.0,8000000.0,8000000.0,0.0,green
2026-05-29,CP02,Haynesville Producer B,active,0.0,5703340.0,418730.0,0.0,5000000.0,5000000.0,0.0,green
2026-05-29,CP03,Gulf Coast Utility C,active,1259750.0,0.0,-64650.0,1195100.0,15000000.0,15000000.0,0.0797,green
2026-05-29,CP04,Texas Power Generator D,active,7282887.5,0.0,-102575.0,7180312.5,10000000.0,10000000.0,0.718,green
2026-05-29,CP05,Petrochemical Plant E,active,3797305.0,0.0,-126060.0,3671245.0,12000000.0,12000000.0,0.3059,green
2026-05-29,CP06,LNG Feedgas Buyer F,active,2674720.0,0.0,-65290.0,2609430.0,20000000.0,20000000.0,0.1305,green
2026-05-29,CP07,LNG Feedgas Buyer G,commissioning,1829377.5,0.0,-21780.0,1807597.5,6000000.0,3000000.0,0.6025,green
2026-05-29,CP08,Regional Marketer H,active,2037395.0,3729762.5,241785.0,0.0,3000000.0,3000000.0,0.0,green
2026-06-01,CP01,Permian Producer A,active,0.0,8459525.0,236785.0,0.0,8000000.0,8000000.0,0.0,green
2026-06-01,CP02,Haynesville Producer B,active,0.0,6428525.0,389110.0,0.0,5000000.0,5000000.0,0.0,green
2026-06-01,CP03,Gulf Coast Utility C,active,1444720.0,0.0,-82070.0,1362650.0,15000000.0,15000000.0,0.0908,green
2026-06-01,CP04,Texas Power Generator D,active,7884932.5,0.0,-35670.0,7849262.5,10000000.0,10000000.0,0.7849,amber
2026-06-01,CP05,Petrochemical Plant E,active,4293125.0,0.0,-151380.0,4141745.0,12000000.0,12000000.0,0.3451,green
2026-06-01,CP06,LNG Feedgas Buyer F,active,3021680.0,0.0,-92075.0,2929605.0,20000000.0,20000000.0,0.1465,green
2026-06-01,CP07,LNG Feedgas Buyer G,commissioning,2037110.0,0.0,-21387.5,2015722.5,6000000.0,3000000.0,0.6719,green
2026-06-01,CP08,Regional Marketer H,active,2239905.0,4140772.5,231710.0,0.0,3000000.0,3000000.0,0.0,green
2026-06-02,CP01,Permian Producer A,active,0.0,8557810.0,158620.0,0.0,8000000.0,8000000.0,0.0,green
2026-06-02,CP02,Haynesville Producer B,active,0.0,6741940.0,165940.0,0.0,5000000.0,5000000.0,0.0,green
2026-06-02,CP03,Gulf Coast Utility C,active,1533740.0,0.0,-2240.0,1531500.0,15000000.0,15000000.0,0.1021,green
2026-06-02,CP04,Texas Power Generator D,active,7958952.5,0.0,-6440.0,7952512.5,10000000.0,10000000.0,0.7953,amber
2026-06-02,CP05,Petrochemical Plant E,active,4500805.0,0.0,-6160.0,4494645.0,12000000.0,12000000.0,0.3746,green
2026-06-02,CP06,LNG Feedgas Buyer F,active,3164330.0,0.0,44100.0,3208430.0,20000000.0,20000000.0,0.1604,green
2026-06-02,CP07,LNG Feedgas Buyer G,commissioning,2104447.5,0.0,14350.0,2118797.5,6000000.0,3000000.0,0.7063,green
2026-06-02,CP08,Regional Marketer H,active,2299905.0,4292807.5,125720.0,0.0,3000000.0,3000000.0,0.0,green
2026-06-03,CP01,Permian Producer A,active,0.0,8656095.0,171555.0,0.0,8000000.0,8000000.0,0.0,green
2026-06-03,CP02,Haynesville Producer B,active,0.0,7055355.0,167365.0,0.0,5000000.0,5000000.0,0.0,green
2026-06-03,CP03,Gulf Coast Utility C,active,1622760.0,0.0,-2160.0,1620600.0,15000000.0,15000000.0,0.108,green
2026-06-03,CP04,Texas Power Generator D,active,8032972.5,0.0,-6210.0,8026762.5,10000000.0,10000000.0,0.8027,amber
2026-06-03,CP05,Petrochemical Plant E,active,4708485.0,0.0,-5940.0,4702545.0,12000000.0,12000000.0,0.3919,green
2026-06-03,CP06,LNG Feedgas Buyer F,active,3306980.0,0.0,42525.0,3349505.0,20000000.0,20000000.0,0.1675,green
2026-06-03,CP07,LNG Feedgas Buyer G,commissioning,2171785.0,0.0,13837.5,2185622.5,6000000.0,3000000.0,0.7285,green
2026-06-03,CP08,Regional Marketer H,active,2359905.0,4444842.5,123555.0,0.0,3000000.0,3000000.0,0.0,green
2026-06-04,CP01,Permian Producer A,active,0.0,8755480.0,239715.0,0.0,8000000.0,8000000.0,0.0,green
2026-06-04,CP02,Haynesville Producer B,active,0.0,7372070.0,411365.0,0.0,5000000.0,5000000.0,0.0,green
2026-06-04,CP03,Gulf Coast Utility C,active,1712055.0,0.0,-80730.0,1631325.0,15000000.0,15000000.0,0.1088,green
2026-06-04,CP04,Texas Power Generator D,active,8108642.5,0.0,-34580.0,8074062.5,10000000.0,10000000.0,0.8074,amber
2026-06-04,CP05,Petrochemical Plant E,active,4918365.0,0.0,-148720.0,4769645.0,12000000.0,12000000.0,0.3975,green
2026-06-04,CP06,LNG Feedgas Buyer F,active,3449630.0,0.0,-94900.0,3354730.0,20000000.0,20000000.0,0.1677,green
2026-06-04,CP07,LNG Feedgas Buyer G,commissioning,2240222.5,0.0,-3825.0,2236397.5,6000000.0,3000000.0,0.7455,green
2026-06-04,CP08,Regional Marketer H,active,2422105.0,4598802.5,237765.0,0.0,3000000.0,3000000.0,0.0,green
2026-06-05,CP01,Permian Producer A,active,0.0,8854565.0,212550.0,0.0,8000000.0,8000000.0,0.0,green
2026-06-05,CP02,Haynesville Producer B,active,0.0,7687885.0,289100.0,0.0,5000000.0,5000000.0,0.0,green
2026-06-05,CP03,Gulf Coast Utility C,active,1801275.0,0.0,-57000.0,1744275.0,15000000.0,15000000.0,0.1163,green
2026-06-05,CP04,Texas Power Generator D,active,8183862.5,0.0,-25750.0,8158112.5,10000000.0,10000000.0,0.8158,amber
2026-06-05,CP05,Petrochemical Plant E,active,5127645.0,0.0,-98525.0,5029120.0,12000000.0,12000000.0,0.4191,green
2026-06-05,CP06,LNG Feedgas Buyer F,active,3592280.0,0.0,-53300.0,3538980.0,20000000.0,20000000.0,0.1769,green
2026-06-05,CP07,LNG Feedgas Buyer G,commissioning,2308360.0,0.0,6412.5,2314772.5,6000000.0,3000000.0,0.7716,amber
2026-06-05,CP08,Regional Marketer H,active,2483705.0,4752237.5,203175.0,0.0,3000000.0,3000000.0,0.0,green
2026-06-08,CP01,Permian Producer A,active,0.0,9152320.0,221705.0,0.0,8000000.0,8000000.0,0.0,green
2026-06-08,CP02,Haynesville Producer B,active,0.0,8636830.0,309340.0,0.0,5000000.0,5000000.0,0.0,green
2026-06-08,CP03,Gulf Coast Utility C,active,2069060.0,0.0,-80410.0,1988650.0,15000000.0,15000000.0,0.1326,green
2026-06-08,CP04,Texas Power Generator D,active,8410272.5,0.0,-33660.0,8376612.5,10000000.0,10000000.0,0.8377,amber
2026-06-08,CP05,Petrochemical Plant E,active,5756485.0,0.0,-134510.0,5621975.0,12000000.0,12000000.0,0.4685,green
2026-06-08,CP06,LNG Feedgas Buyer F,active,4020230.0,0.0,-92520.0,3927710.0,20000000.0,20000000.0,0.1964,green
2026-06-08,CP07,LNG Feedgas Buyer G,commissioning,2513272.5,0.0,-5875.0,2507397.5,6000000.0,3000000.0,0.8358,amber
2026-06-08,CP08,Regional Marketer H,active,2669505.0,5213417.5,224455.0,0.0,3000000.0,3000000.0,0.0,green
2026-06-09,CP01,Permian Producer A,active,0.0,9252705.0,254790.0,0.0,8000000.0,8000000.0,0.0,green
2026-06-09,CP02,Haynesville Producer B,active,0.0,8956545.0,418180.0,0.0,5000000.0,5000000.0,0.0,green
2026-06-09,CP03,Gulf Coast Utility C,active,2158605.0,0.0,-122955.0,2035650.0,15000000.0,15000000.0,0.1357,green
2026-06-09,CP04,Texas Power Generator D,active,8487442.5,0.0,-48930.0,8438512.5,10000000.0,10000000.0,0.8439,amber
2026-06-09,CP05,Petrochemical Plant E,active,5968365.0,0.0,-201947.5,5766417.5,12000000.0,12000000.0,0.4805,green
2026-06-09,CP06,LNG Feedgas Buyer F,active,4162880.0,0.0,-167177.5,3995702.5,20000000.0,20000000.0,0.1998,green
2026-06-09,CP07,LNG Feedgas Buyer G,commissioning,2582710.0,0.0,-25762.5,2556947.5,6000000.0,3000000.0,0.8523,amber
2026-06-09,CP08,Regional Marketer H,active,2733705.0,5369127.5,287622.5,0.0,3000000.0,3000000.0,0.0,green
2026-06-10,CP01,Permian Producer A,active,0.0,9353990.0,288875.0,0.0,8000000.0,8000000.0,0.0,green
2026-06-10,CP02,Haynesville Producer B,active,0.0,9278960.0,570420.0,0.0,5000000.0,5000000.0,0.0,green
2026-06-10,CP03,Gulf Coast Utility C,active,2248375.0,0.0,-166600.0,2081775.0,15000000.0,15000000.0,0.1388,green
2026-06-10,CP04,Texas Power Generator D,active,8565962.5,0.0,-64600.0,8501362.5,10000000.0,10000000.0,0.8501,amber
2026-06-10,CP05,Petrochemical Plant E,active,6182045.0,0.0,-284715.0,5897330.0,12000000.0,12000000.0,0.4914,green
2026-06-10,CP06,LNG Feedgas Buyer F,active,4305530.0,0.0,-247765.0,4057765.0,20000000.0,20000000.0,0.2029,green
2026-06-10,CP07,LNG Feedgas Buyer G,commissioning,2653047.5,0.0,-46150.0,2606897.5,6000000.0,3000000.0,0.869,amber
2026-06-10,CP08,Regional Marketer H,active,2799705.0,5526412.5,349245.0,0.0,3000000.0,3000000.0,0.0,green
2026-06-11,CP01,Permian Producer A,active,0.0,9454175.0,228110.0,0.0,8000000.0,8000000.0,0.0,green
2026-06-11,CP02,Haynesville Producer B,active,0.0,9598075.0,317335.0,0.0,5000000.0,5000000.0,0.0,green
2026-06-11,CP03,Gulf Coast Utility C,active,2337870.0,0.0,-100795.0,2237075.0,15000000.0,15000000.0,0.1491,green
2026-06-11,CP04,Texas Power Generator D,active,8642832.5,0.0,-40470.0,8602362.5,10000000.0,10000000.0,0.8602,amber
2026-06-11,CP05,Petrochemical Plant E,active,6393525.0,0.0,-157400.0,6236125.0,12000000.0,12000000.0,0.5197,green
2026-06-11,CP06,LNG Feedgas Buyer F,active,4448180.0,0.0,-128220.0,4319960.0,20000000.0,20000000.0,0.216,green
2026-06-11,CP07,LNG Feedgas Buyer G,commissioning,2722285.0,0.0,-9812.5,2712472.5,6000000.0,3000000.0,0.9042,amber
2026-06-11,CP08,Regional Marketer H,active,2863505.0,5681772.5,268700.0,0.0,3000000.0,3000000.0,0.0,green
2026-06-12,CP01,Permian Producer A,active,0.0,9553360.0,177810.0,0.0,8000000.0,8000000.0,0.0,green
2026-06-12,CP02,Haynesville Producer B,active,0.0,9914190.0,182825.0,0.0,5000000.0,5000000.0,0.0,green
2026-06-12,CP03,Gulf Coast Utility C,active,2427115.0,0.0,-45990.0,2381125.0,15000000.0,15000000.0,0.1587,green
2026-06-12,CP04,Texas Power Generator D,active,8718202.5,0.0,-20340.0,8697862.5,10000000.0,10000000.0,0.8698,amber
2026-06-12,CP05,Petrochemical Plant E,active,6603005.0,0.0,-60237.5,6542767.5,12000000.0,12000000.0,0.5452,green
2026-06-12,CP06,LNG Feedgas Buyer F,active,4590830.0,0.0,-37827.5,4553002.5,20000000.0,20000000.0,0.2277,green
2026-06-12,CP07,LNG Feedgas Buyer G,commissioning,2790522.5,0.0,6877.5,2797400.0,6000000.0,3000000.0,0.9325,amber
2026-06-12,CP08,Regional Marketer H,active,2925305.0,5835382.5,192002.5,0.0,3000000.0,3000000.0,0.0,green
2026-06-15,CP01,Permian Producer A,active,0.0,9850915.0,158250.0,0.0,8000000.0,8000000.0,0.0,green
2026-06-15,CP02,Haynesville Producer B,active,0.0,10862535.0,165245.0,0.0,5000000.0,5000000.0,0.0,green
2026-06-15,CP03,Gulf Coast Utility C,active,2694850.0,0.0,-38325.0,2656525.0,15000000.0,15000000.0,0.1771,green
2026-06-15,CP04,Texas Power Generator D,active,8944312.5,0.0,-16950.0,8927362.5,10000000.0,10000000.0,0.8927,amber
2026-06-15,CP05,Petrochemical Plant E,active,7231445.0,0.0,-48170.0,7183275.0,12000000.0,12000000.0,0.5986,green
2026-06-15,CP06,LNG Feedgas Buyer F,active,5018780.0,0.0,-13220.0,5005560.0,20000000.0,20000000.0,0.2503,green
2026-06-15,CP07,LNG Feedgas Buyer G,commissioning,2995235.0,0.0,2437.5,2997672.5,6000000.0,3000000.0,0.9992,amber
2026-06-15,CP08,Regional Marketer H,active,3110705.0,6296212.5,171640.0,0.0,3000000.0,3000000.0,0.0,green
2026-06-16,CP01,Permian Producer A,active,0.0,9950500.0,178595.0,0.0,8000000.0,8000000.0,0.0,green
2026-06-16,CP02,Haynesville Producer B,active,0.0,11179850.0,267110.0,0.0,5000000.0,5000000.0,0.0,green
2026-06-16,CP03,Gulf Coast Utility C,active,2784195.0,0.0,-51170.0,2733025.0,15000000.0,15000000.0,0.1822,green
2026-06-16,CP04,Texas Power Generator D,active,9020282.5,0.0,-21420.0,8998862.5,10000000.0,10000000.0,0.8999,amber
2026-06-16,CP05,Petrochemical Plant E,active,7441725.0,0.0,-78580.0,7363145.0,12000000.0,12000000.0,0.6136,green
2026-06-16,CP06,LNG Feedgas Buyer F,active,5161430.0,0.0,-101290.0,5060140.0,20000000.0,20000000.0,0.253,green
2026-06-16,CP07,LNG Feedgas Buyer G,commissioning,3063872.5,0.0,-25340.0,3038532.5,6000000.0,3000000.0,1.0128,red
2026-06-16,CP08,Regional Marketer H,active,3173305.0,6450522.5,173835.0,0.0,3000000.0,3000000.0,0.0,green
2026-06-17,CP01,Permian Producer A,active,0.0,10051585.0,208510.0,0.0,8000000.0,8000000.0,0.0,green
2026-06-17,CP02,Haynesville Producer B,active,0.0,11501665.0,329450.0,0.0,5000000.0,5000000.0,0.0,green
2026-06-17,CP03,Gulf Coast Utility C,active,2873915.0,0.0,-94165.0,2779750.0,15000000.0,15000000.0,0.1853,green
2026-06-17,CP04,Texas Power Generator D,active,9098502.5,0.0,-39390.0,9059112.5,10000000.0,10000000.0,0.9059,amber
2026-06-17,CP05,Petrochemical Plant E,active,7655005.0,0.0,-162075.0,7492930.0,12000000.0,12000000.0,0.6244,green
2026-06-17,CP06,LNG Feedgas Buyer F,active,5304080.0,0.0,-123750.0,5180330.0,20000000.0,20000000.0,0.259,green
2026-06-17,CP07,LNG Feedgas Buyer G,commissioning,3134010.0,0.0,-26747.5,3107262.5,6000000.0,3000000.0,1.0358,red
2026-06-17,CP08,Regional Marketer H,active,3238905.0,6607457.5,247305.0,0.0,3000000.0,3000000.0,0.0,green
2026-06-18,CP01,Permian Producer A,active,0.0,10150970.0,172125.0,0.0,8000000.0,8000000.0,0.0,green
2026-06-18,CP02,Haynesville Producer B,active,0.0,11818380.0,211990.0,0.0,5000000.0,5000000.0,0.0,green
2026-06-18,CP03,Gulf Coast Utility C,active,2963210.0,0.0,-30285.0,2932925.0,15000000.0,15000000.0,0.1955,green
2026-06-18,CP04,Texas Power Generator D,active,9174172.5,0.0,-15960.0,9158212.5,10000000.0,10000000.0,0.9158,amber
2026-06-18,CP05,Petrochemical Plant E,active,7864885.0,0.0,-52675.0,7812210.0,12000000.0,12000000.0,0.651,green
2026-06-18,CP06,LNG Feedgas Buyer F,active,5446730.0,0.0,-76505.0,5370225.0,20000000.0,20000000.0,0.2685,green
2026-06-18,CP07,LNG Feedgas Buyer G,commissioning,3202447.5,0.0,-18720.0,3183727.5,6000000.0,3000000.0,1.0612,red
2026-06-18,CP08,Regional Marketer H,active,3301105.0,6761417.5,198505.0,0.0,3000000.0,3000000.0,0.0,green
2026-06-22,CP01,Permian Producer A,active,0.0,10549310.0,160665.0,0.0,8000000.0,8000000.0,0.0,green
2026-06-22,CP02,Haynesville Producer B,active,0.0,13087640.0,228850.0,0.0,5000000.0,5000000.0,0.0,green
2026-06-22,CP03,Gulf Coast Utility C,active,3320590.0,0.0,-35465.0,3285125.0,15000000.0,15000000.0,0.219,green
2026-06-22,CP04,Texas Power Generator D,active,9478052.5,0.0,-17040.0,9461012.5,10000000.0,10000000.0,0.9461,amber
2026-06-22,CP05,Petrochemical Plant E,active,8706005.0,0.0,-63345.0,8642660.0,12000000.0,12000000.0,0.7202,green
2026-06-22,CP06,LNG Feedgas Buyer F,active,6017330.0,0.0,-106255.0,5911075.0,20000000.0,20000000.0,0.2956,green
2026-06-22,CP07,LNG Feedgas Buyer G,commissioning,3476997.5,0.0,-27920.0,3449077.5,6000000.0,3000000.0,1.1497,red
2026-06-22,CP08,Regional Marketer H,active,3551505.0,7378657.5,199945.0,0.0,3000000.0,3000000.0,0.0,green
2026-06-23,CP01,Permian Producer A,active,0.0,10649395.0,115640.0,0.0,8000000.0,8000000.0,0.0,green
2026-06-23,CP02,Haynesville Producer B,active,0.0,13406455.0,123015.0,0.0,5000000.0,5000000.0,0.0,green
2026-06-23,CP03,Gulf Coast Utility C,active,3410060.0,0.0,-28235.0,3381825.0,15000000.0,15000000.0,0.2255,green
2026-06-23,CP04,Texas Power Generator D,active,9554772.5,0.0,-14210.0,9540562.5,10000000.0,10000000.0,0.9541,amber
2026-06-23,CP05,Petrochemical Plant E,active,8917285.0,0.0,-41910.0,8875375.0,12000000.0,12000000.0,0.7396,green
2026-06-23,CP06,LNG Feedgas Buyer F,active,6159980.0,0.0,-21545.0,6138435.0,20000000.0,20000000.0,0.3069,green
2026-06-23,CP07,LNG Feedgas Buyer G,commissioning,3546135.0,0.0,-537.5,3545597.5,6000000.0,3000000.0,1.1819,red
2026-06-23,CP08,Regional Marketer H,active,3615105.0,7533842.5,134585.0,0.0,3000000.0,3000000.0,0.0,green
2026-06-24,CP01,Permian Producer A,active,0.0,10749880.0,139065.0,0.0,8000000.0,8000000.0,0.0,green
2026-06-24,CP02,Haynesville Producer B,active,0.0,13726470.0,184890.0,0.0,5000000.0,5000000.0,0.0,green
2026-06-24,CP03,Gulf Coast Utility C,active,3499630.0,0.0,-29805.0,3469825.0,15000000.0,15000000.0,0.2313,green
2026-06-24,CP04,Texas Power Generator D,active,9632092.5,0.0,-630.0,9631462.5,10000000.0,10000000.0,0.9631,amber
2026-06-24,CP05,Petrochemical Plant E,active,9129365.0,0.0,-50425.0,9078940.0,12000000.0,12000000.0,0.7566,amber
2026-06-24,CP06,LNG Feedgas Buyer F,active,6302630.0,0.0,-72935.0,6229695.0,20000000.0,20000000.0,0.3115,green
2026-06-24,CP07,LNG Feedgas Buyer G,commissioning,3615672.5,0.0,-19005.0,3596667.5,6000000.0,3000000.0,1.1989,red
2026-06-24,CP08,Regional Marketer H,active,3679505.0,7689727.5,143665.0,0.0,3000000.0,3000000.0,0.0,green
2026-06-25,CP01,Permian Producer A,active,0.0,2490325.0,187130.0,0.0,8000000.0,8000000.0,0.0,green
2026-06-25,CP02,Haynesville Producer B,active,0.0,7934975.0,273735.0,0.0,5000000.0,5000000.0,0.0,green
2026-06-25,CP03,Gulf Coast Utility C,active,2233800.0,0.0,-26425.0,2207375.0,15000000.0,15000000.0,0.1472,green
2026-06-25,CP04,Texas Power Generator D,active,1900300.0,0.0,-55930.0,1844370.0,10000000.0,10000000.0,0.1844,green
2026-06-25,CP05,Petrochemical Plant E,active,5258400.0,0.0,-53660.0,5204740.0,12000000.0,12000000.0,0.4337,green
2026-06-25,CP06,LNG Feedgas Buyer F,active,3566250.0,0.0,-172815.0,3393435.0,20000000.0,20000000.0,0.1697,green
2026-06-25,CP07,LNG Feedgas Buyer G,commissioning,1716637.5,0.0,-46382.5,1670255.0,6000000.0,3000000.0,0.5568,green
2026-06-25,CP08,Regional Marketer H,active,1566400.0,3858975.0,153885.0,0.0,3000000.0,3000000.0,0.0,green
2026-06-26,CP01,Permian Producer A,active,0.0,2591510.0,128385.0,0.0,8000000.0,8000000.0,0.0,green
2026-06-26,CP02,Haynesville Producer B,active,0.0,8257090.0,192545.0,0.0,5000000.0,5000000.0,0.0,green
2026-06-26,CP03,Gulf Coast Utility C,active,2323545.0,0.0,-11295.0,2312250.0,15000000.0,15000000.0,0.1542,green
2026-06-26,CP04,Texas Power Generator D,active,1978670.0,0.0,-3220.0,1975450.0,10000000.0,10000000.0,0.1975,green
2026-06-26,CP05,Petrochemical Plant E,active,5471880.0,0.0,-42760.0,5429120.0,12000000.0,12000000.0,0.4524,green
2026-06-26,CP06,LNG Feedgas Buyer F,active,3708900.0,0.0,-77010.0,3631890.0,20000000.0,20000000.0,0.1816,green
2026-06-26,CP07,LNG Feedgas Buyer G,commissioning,1786875.0,0.0,-20355.0,1766520.0,6000000.0,3000000.0,0.5888,green
2026-06-26,CP08,Regional Marketer H,active,1632200.0,4016085.0,130635.0,0.0,3000000.0,3000000.0,0.0,green
2026-06-29,CP01,Permian Producer A,active,0.0,2895765.0,91390.0,0.0,8000000.0,8000000.0,0.0,green
2026-06-29,CP02,Haynesville Producer B,active,0.0,9225535.0,112965.0,0.0,5000000.0,5000000.0,0.0,green
2026-06-29,CP03,Gulf Coast Utility C,active,2592955.0,0.0,10945.0,2603900.0,15000000.0,15000000.0,0.1736,green
2026-06-29,CP04,Texas Power Generator D,active,2214830.0,0.0,14770.0,2229600.0,10000000.0,10000000.0,0.223,green
2026-06-29,CP05,Petrochemical Plant E,active,6113720.0,0.0,-2100.0,6111620.0,12000000.0,12000000.0,0.5093,green
2026-06-29,CP06,LNG Feedgas Buyer F,active,4136850.0,0.0,-43735.0,4093115.0,20000000.0,20000000.0,0.2047,green
2026-06-29,CP07,LNG Feedgas Buyer G,commissioning,1998287.5,0.0,-11892.5,1986395.0,6000000.0,3000000.0,0.6621,green
2026-06-29,CP08,Regional Marketer H,active,1831000.0,4488640.0,89165.0,0.0,3000000.0,3000000.0,0.0,green
2026-06-30,CP01,Permian Producer A,active,0.0,2997750.0,76725.0,0.0,8000000.0,8000000.0,0.0,green
2026-06-30,CP02,Haynesville Producer B,active,0.0,9550050.0,79205.0,0.0,5000000.0,5000000.0,0.0,green
2026-06-30,CP03,Gulf Coast Utility C,active,2682900.0,0.0,20925.0,2703825.0,15000000.0,15000000.0,0.1803,green
2026-06-30,CP04,Texas Power Generator D,active,2294400.0,0.0,25575.0,2319975.0,10000000.0,10000000.0,0.232,green
2026-06-30,CP05,Petrochemical Plant E,active,6328800.0,0.0,16120.0,6344920.0,12000000.0,12000000.0,0.5287,green
2026-06-30,CP06,LNG Feedgas Buyer F,active,4279500.0,0.0,-28210.0,4251290.0,20000000.0,20000000.0,0.2126,green
2026-06-30,CP07,LNG Feedgas Buyer G,commissioning,2069325.0,0.0,6045.0,2075370.0,6000000.0,3000000.0,0.6918,green
2026-06-30,CP08,Regional Marketer H,active,1898400.0,4647150.0,95325.0,0.0,3000000.0,3000000.0,0.0,green
2026-07-01,CP01,Permian Producer A,active,0.0,3135590.0,127950.0,0.0,8000000.0,8000000.0,0.0,green
2026-07-01,CP02,Haynesville Producer B,active,0.0,9859617.5,231975.0,0.0,5000000.0,5000000.0,0.0,green
2026-07-01,CP03,Gulf Coast Utility C,active,2758725.0,0.0,20250.0,2778975.0,15000000.0,15000000.0,0.1853,green
2026-07-01,CP04,Texas Power Generator D,active,2343165.0,0.0,-10987.5,2332177.5,10000000.0,10000000.0,0.2332,green
2026-07-01,CP05,Petrochemical Plant E,active,6387497.5,0.0,7425.0,6394922.5,12000000.0,12000000.0,0.5329,green
2026-07-01,CP06,LNG Feedgas Buyer F,active,4367442.5,0.0,-117225.0,4250217.5,20000000.0,20000000.0,0.2125,green
2026-07-01,CP07,LNG Feedgas Buyer G,commissioning,2160102.5,0.0,7350.0,2167452.5,6000000.0,3000000.0,0.7225,green
2026-07-01,CP08,Regional Marketer H,active,2018915.0,4923445.0,100825.0,0.0,3000000.0,3000000.0,0.0,green
2026-07-02,CP01,Permian Producer A,active,0.0,3273430.0,137790.0,0.0,8000000.0,8000000.0,0.0,green
2026-07-02,CP02,Haynesville Producer B,active,0.0,10169185.0,233542.5,0.0,5000000.0,5000000.0,0.0,green
2026-07-02,CP03,Gulf Coast Utility C,active,2834550.0,0.0,19575.0,2854125.0,15000000.0,15000000.0,0.1903,green
2026-07-02,CP04,Texas Power Generator D,active,2391930.0,0.0,-4072.5,2387857.5,10000000.0,10000000.0,0.2388,green
2026-07-02,CP05,Petrochemical Plant E,active,6446195.0,0.0,7177.5,6453372.5,12000000.0,12000000.0,0.5378,green
2026-07-02,CP06,LNG Feedgas Buyer F,active,4455385.0,0.0,-106342.5,4349042.5,20000000.0,20000000.0,0.2175,green
2026-07-02,CP07,LNG Feedgas Buyer G,commissioning,2250880.0,0.0,19582.5,2270462.5,6000000.0,3000000.0,0.7568,amber
2026-07-02,CP08,Regional Marketer H,active,2139430.0,5199740.0,101210.0,0.0,3000000.0,3000000.0,0.0,green
2026-07-06,CP01,Permian Producer A,active,0.0,3823415.0,134685.0,0.0,8000000.0,8000000.0,0.0,green
2026-07-06,CP02,Haynesville Producer B,active,0.0,11405080.0,158427.5,0.0,5000000.0,5000000.0,0.0,green
2026-07-06,CP03,Gulf Coast Utility C,active,3136725.0,0.0,16875.0,3153600.0,15000000.0,15000000.0,0.2102,green
2026-07-06,CP04,Texas Power Generator D,active,2586990.0,0.0,8625.0,2595615.0,10000000.0,10000000.0,0.2596,green
2026-07-06,CP05,Petrochemical Plant E,active,6680235.0,0.0,9312.5,6689547.5,12000000.0,12000000.0,0.5575,green
2026-07-06,CP06,LNG Feedgas Buyer F,active,4807155.0,0.0,-67730.0,4739425.0,20000000.0,20000000.0,0.237,green
2026-07-06,CP07,LNG Feedgas Buyer G,commissioning,2612990.0,0.0,10462.5,2623452.5,6000000.0,3000000.0,0.8745,amber
2026-07-06,CP08,Regional Marketer H,active,2621115.0,6302420.0,91075.0,0.0,3000000.0,3000000.0,0.0,green
2026-07-07,CP01,Permian Producer A,active,0.0,3955480.0,90000.0,0.0,8000000.0,8000000.0,0.0,green
2026-07-07,CP02,Haynesville Producer B,active,0.0,11704672.5,-13830.0,0.0,5000000.0,5000000.0,0.0,green
2026-07-07,CP03,Gulf Coast Utility C,active,3207825.0,0.0,16200.0,3224025.0,15000000.0,15000000.0,0.2149,green
2026-07-07,CP04,Texas Power Generator D,active,2635755.0,0.0,76110.0,2711865.0,10000000.0,10000000.0,0.2712,green
2026-07-07,CP05,Petrochemical Plant E,active,6735782.5,0.0,18540.0,6754322.5,12000000.0,12000000.0,0.5629,green
2026-07-07,CP06,LNG Feedgas Buyer F,active,4895097.5,0.0,35752.5,4930850.0,20000000.0,20000000.0,0.2465,green
2026-07-07,CP07,LNG Feedgas Buyer G,commissioning,2699567.5,0.0,30660.0,2730227.5,6000000.0,3000000.0,0.9101,amber
2026-07-07,CP08,Regional Marketer H,active,2740055.0,6568215.0,72355.0,0.0,3000000.0,3000000.0,0.0,green
2026-07-08,CP01,Permian Producer A,active,0.0,4087545.0,59047.5,0.0,8000000.0,8000000.0,0.0,green
2026-07-08,CP02,Haynesville Producer B,active,0.0,12004265.0,-39797.5,0.0,5000000.0,5000000.0,0.0,green
2026-07-08,CP03,Gulf Coast Utility C,active,3278925.0,0.0,15525.0,3294450.0,15000000.0,15000000.0,0.2196,green
2026-07-08,CP04,Texas Power Generator D,active,2684520.0,0.0,111262.5,2795782.5,10000000.0,10000000.0,0.2796,green
2026-07-08,CP05,Petrochemical Plant E,active,6791330.0,0.0,31717.5,6823047.5,12000000.0,12000000.0,0.5686,green
2026-07-08,CP06,LNG Feedgas Buyer F,active,4983040.0,0.0,46207.5,5029247.5,20000000.0,20000000.0,0.2515,green
2026-07-08,CP07,LNG Feedgas Buyer G,commissioning,2786145.0,0.0,54802.5,2840947.5,6000000.0,3000000.0,0.947,amber
2026-07-08,CP08,Regional Marketer H,active,2858995.0,6834010.0,62320.0,0.0,3000000.0,3000000.0,0.0,green
2026-07-09,CP01,Permian Producer A,active,0.0,4220710.0,-114712.5,0.0,8000000.0,8000000.0,0.0,green
2026-07-09,CP02,Haynesville Producer B,active,0.0,12305757.5,-150755.0,0.0,5000000.0,5000000.0,0.0,green
2026-07-09,CP03,Gulf Coast Utility C,active,3350925.0,0.0,14850.0,3365775.0,15000000.0,15000000.0,0.2244,green
2026-07-09,CP04,Texas Power Generator D,active,2733285.0,0.0,235747.5,2969032.5,10000000.0,10000000.0,0.2969,green
2026-07-09,CP05,Petrochemical Plant E,active,6847477.5,0.0,121745.0,6969222.5,12000000.0,12000000.0,0.5808,green
2026-07-09,CP06,LNG Feedgas Buyer F,active,5070982.5,0.0,66640.0,5137622.5,20000000.0,20000000.0,0.2569,green
2026-07-09,CP07,LNG Feedgas Buyer G,commissioning,2873522.5,0.0,145350.0,3018872.5,6000000.0,3000000.0,1.0063,red
2026-07-09,CP08,Regional Marketer H,active,2978235.0,7101805.0,33900.0,0.0,3000000.0,3000000.0,0.0,green
2026-07-10,CP01,Permian Producer A,active,0.0,4341775.0,-321832.5,0.0,8000000.0,8000000.0,0.0,green
2026-07-10,CP02,Haynesville Producer B,active,0.0,12586350.0,-645112.5,0.0,5000000.0,5000000.0,0.0,green
2026-07-10,CP03,Gulf Coast Utility C,active,3413025.0,0.0,21150.0,3434175.0,15000000.0,15000000.0,0.2289,green
2026-07-10,CP04,Texas Power Generator D,active,2782050.0,0.0,423352.5,3205402.5,10000000.0,10000000.0,0.3205,green
2026-07-10,CP05,Petrochemical Plant E,active,6897025.0,0.0,177652.5,7074677.5,12000000.0,12000000.0,0.5896,green
2026-07-10,CP06,LNG Feedgas Buyer F,active,5158925.0,0.0,336712.5,5495637.5,20000000.0,20000000.0,0.2748,green
2026-07-10,CP07,LNG Feedgas Buyer G,commissioning,2952100.0,0.0,254902.5,3207002.5,6000000.0,3000000.0,1.069,red
2026-07-10,CP08,Regional Marketer H,active,3094175.0,7347600.0,-23155.0,0.0,3000000.0,3000000.0,0.0,green
2026-07-13,CP01,Permian Producer A,active,0.0,4707720.0,-319702.5,0.0,8000000.0,8000000.0,0.0,green
2026-07-13,CP02,Haynesville Producer B,active,0.0,13432877.5,-529210.0,0.0,5000000.0,5000000.0,0.0,green
2026-07-13,CP03,Gulf Coast Utility C,active,3601575.0,0.0,29122.5,3630697.5,15000000.0,15000000.0,0.242,green
2026-07-13,CP04,Texas Power Generator D,active,2928345.0,0.0,402900.0,3331245.0,10000000.0,10000000.0,0.3331,green
2026-07-13,CP05,Petrochemical Plant E,active,7047167.5,0.0,187830.0,7234997.5,12000000.0,12000000.0,0.6029,green
2026-07-13,CP06,LNG Feedgas Buyer F,active,5422752.5,0.0,258607.5,5681360.0,20000000.0,20000000.0,0.2841,green
2026-07-13,CP07,LNG Feedgas Buyer G,commissioning,3189832.5,0.0,260887.5,3450720.0,6000000.0,3000000.0,1.1502,red
2026-07-13,CP08,Regional Marketer H,active,3442745.0,8089985.0,-16947.5,0.0,3000000.0,3000000.0,0.0,green
2026-07-14,CP01,Permian Producer A,active,0.0,4829610.0,-299602.5,0.0,8000000.0,8000000.0,0.0,green
2026-07-14,CP02,Haynesville Producer B,active,0.0,13714895.0,-563817.5,0.0,5000000.0,5000000.0,0.0,green
2026-07-14,CP03,Gulf Coast Utility C,active,3664350.0,0.0,40770.0,3705120.0,15000000.0,15000000.0,0.247,green
2026-07-14,CP04,Texas Power Generator D,active,2977110.0,0.0,409552.5,3386662.5,10000000.0,10000000.0,0.3387,green
2026-07-14,CP05,Petrochemical Plant E,active,7097165.0,0.0,186027.5,7283192.5,12000000.0,12000000.0,0.6069,green
2026-07-14,CP06,LNG Feedgas Buyer F,active,5510695.0,0.0,279587.5,5790282.5,20000000.0,20000000.0,0.2895,green
2026-07-14,CP07,LNG Feedgas Buyer G,commissioning,3269010.0,0.0,262177.5,3531187.5,6000000.0,3000000.0,1.1771,red
2026-07-14,CP08,Regional Marketer H,active,3558910.0,8337280.0,-8725.0,0.0,3000000.0,3000000.0,0.0,green
2026-07-15,CP01,Permian Producer A,active,0.0,4952600.0,-254412.5,0.0,8000000.0,8000000.0,0.0,green
2026-07-15,CP02,Haynesville Producer B,active,0.0,13998812.5,-498100.0,0.0,5000000.0,5000000.0,0.0,green
2026-07-15,CP03,Gulf Coast Utility C,active,3728025.0,0.0,26145.0,3754170.0,15000000.0,15000000.0,0.2503,green
2026-07-15,CP04,Texas Power Generator D,active,3025875.0,0.0,392587.5,3418462.5,10000000.0,10000000.0,0.3418,green
2026-07-15,CP05,Petrochemical Plant E,active,7147762.5,0.0,173430.0,7321192.5,12000000.0,12000000.0,0.6101,green
2026-07-15,CP06,LNG Feedgas Buyer F,active,5598637.5,0.0,245295.0,5843932.5,20000000.0,20000000.0,0.2922,green
2026-07-15,CP07,LNG Feedgas Buyer G,commissioning,3348987.5,0.0,240150.0,3589137.5,6000000.0,3000000.0,1.1964,red
2026-07-15,CP08,Regional Marketer H,active,3675375.0,8586575.0,12330.0,0.0,3000000.0,3000000.0,0.0,green
2026-07-16,CP01,Permian Producer A,active,0.0,5076415.0,-327372.5,0.0,8000000.0,8000000.0,0.0,green
2026-07-16,CP02,Haynesville Producer B,active,0.0,14284155.0,-509957.5,0.0,5000000.0,5000000.0,0.0,green
2026-07-16,CP03,Gulf Coast Utility C,active,3792375.0,0.0,71505.0,3863880.0,15000000.0,15000000.0,0.2576,green
2026-07-16,CP04,Texas Power Generator D,active,3074640.0,0.0,455797.5,3530437.5,10000000.0,10000000.0,0.353,green
2026-07-16,CP05,Petrochemical Plant E,active,7198810.0,0.0,201397.5,7400207.5,12000000.0,12000000.0,0.6167,green
2026-07-16,CP06,LNG Feedgas Buyer F,active,5686580.0,0.0,237322.5,5923902.5,20000000.0,20000000.0,0.2962,green
2026-07-16,CP07,LNG Feedgas Buyer G,commissioning,3429565.0,0.0,282157.5,3711722.5,6000000.0,3000000.0,1.2372,red
2026-07-16,CP08,Regional Marketer H,active,3792065.0,8837370.0,-7445.0,0.0,3000000.0,3000000.0,0.0,green
2026-07-17,CP01,Permian Producer A,active,0.0,5198030.0,-225622.5,0.0,8000000.0,8000000.0,0.0,green
2026-07-17,CP02,Haynesville Producer B,active,0.0,14565697.5,-505590.0,0.0,5000000.0,5000000.0,0.0,green
2026-07-17,CP03,Gulf Coast Utility C,active,3854925.0,0.0,33862.5,3888787.5,15000000.0,15000000.0,0.2593,green
2026-07-17,CP04,Texas Power Generator D,active,3123405.0,0.0,404670.0,3528075.0,10000000.0,10000000.0,0.3528,green
2026-07-17,CP05,Petrochemical Plant E,active,7248657.5,0.0,178030.0,7426687.5,12000000.0,12000000.0,0.6189,green
2026-07-17,CP06,LNG Feedgas Buyer F,active,5774522.5,0.0,245682.5,6020205.0,20000000.0,20000000.0,0.301,green
2026-07-17,CP07,LNG Feedgas Buyer G,commissioning,3508542.5,0.0,246730.0,3755272.5,6000000.0,3000000.0,1.2518,red
2026-07-17,CP08,Regional Marketer H,active,3908155.0,9084165.0,-4607.5,0.0,3000000.0,3000000.0,0.0,green
2026-07-20,CP01,Permian Producer A,active,0.0,5564250.0,-313822.5,0.0,8000000.0,8000000.0,0.0,green
2026-07-20,CP02,Haynesville Producer B,active,0.0,15412700.0,-448812.5,0.0,5000000.0,5000000.0,0.0,green
2026-07-20,CP03,Gulf Coast Utility C,active,4043700.0,0.0,67410.0,4111110.0,15000000.0,15000000.0,0.2741,green
2026-07-20,CP04,Texas Power Generator D,active,3269700.0,0.0,433162.5,3702862.5,10000000.0,10000000.0,0.3703,green
2026-07-20,CP05,Petrochemical Plant E,active,7398950.0,0.0,195202.5,7594152.5,12000000.0,12000000.0,0.6328,green
2026-07-20,CP06,LNG Feedgas Buyer F,active,6038350.0,0.0,205462.5,6243812.5,20000000.0,20000000.0,0.3122,green
2026-07-20,CP07,LNG Feedgas Buyer G,commissioning,3746475.0,0.0,272072.5,4018547.5,6000000.0,3000000.0,1.3395,red
2026-07-20,CP08,Regional Marketer H,active,4256800.0,9827050.0,-5570.0,0.0,3000000.0,3000000.0,0.0,green
2026-07-21,CP01,Permian Producer A,active,0.0,5687240.0,-298982.5,0.0,8000000.0,8000000.0,0.0,green
2026-07-21,CP02,Haynesville Producer B,active,0.0,15696617.5,-427020.0,0.0,5000000.0,5000000.0,0.0,green
2026-07-21,CP03,Gulf Coast Utility C,active,4107375.0,0.0,63247.5,4170622.5,15000000.0,15000000.0,0.278,green
2026-07-21,CP04,Texas Power Generator D,active,3318465.0,0.0,425235.0,3743700.0,10000000.0,10000000.0,0.3744,green
2026-07-21,CP05,Petrochemical Plant E,active,7449547.5,0.0,198255.0,7647802.5,12000000.0,12000000.0,0.6373,green
2026-07-21,CP06,LNG Feedgas Buyer F,active,6126292.5,0.0,193357.5,6319650.0,20000000.0,20000000.0,0.316,green
2026-07-21,CP07,LNG Feedgas Buyer G,commissioning,3826452.5,0.0,265220.0,4091672.5,6000000.0,3000000.0,1.3639,red
2026-07-21,CP08,Regional Marketer H,active,4373265.0,10076345.0,13247.5,0.0,3000000.0,3000000.0,0.0,green
2026-07-22,CP01,Permian Producer A,active,0.0,5813805.0,-147242.5,0.0,8000000.0,8000000.0,0.0,green
2026-07-22,CP02,Haynesville Producer B,active,0.0,15986710.0,-307027.5,0.0,5000000.0,5000000.0,0.0,green
2026-07-22,CP03,Gulf Coast Utility C,active,4173975.0,0.0,20722.5,4194697.5,15000000.0,15000000.0,0.2796,green
2026-07-22,CP04,Texas Power Generator D,active,3367230.0,0.0,331170.0,3698400.0,10000000.0,10000000.0,0.3698,green
2026-07-22,CP05,Petrochemical Plant E,active,7502095.0,0.0,151882.5,7653977.5,12000000.0,12000000.0,0.6378,green
2026-07-22,CP06,LNG Feedgas Buyer F,active,6214235.0,0.0,136290.0,6350525.0,20000000.0,20000000.0,0.3175,green
2026-07-22,CP07,LNG Feedgas Buyer G,commissioning,3909030.0,0.0,206967.5,4115997.5,6000000.0,3000000.0,1.372,red
2026-07-22,CP08,Regional Marketer H,active,4490705.0,10332140.0,32877.5,0.0,3000000.0,3000000.0,0.0,green
2026-07-23,CP01,Permian Producer A,active,0.0,5940095.0,-165932.5,0.0,8000000.0,8000000.0,0.0,green
2026-07-23,CP02,Haynesville Producer B,active,0.0,16276327.5,-306060.0,0.0,5000000.0,5000000.0,0.0,green
2026-07-23,CP03,Gulf Coast Utility C,active,4240350.0,0.0,26325.0,4266675.0,15000000.0,15000000.0,0.2844,green
2026-07-23,CP04,Texas Power Generator D,active,3415995.0,0.0,338017.5,3754012.5,10000000.0,10000000.0,0.3754,green
2026-07-23,CP05,Petrochemical Plant E,active,7554492.5,0.0,157087.5,7711580.0,12000000.0,12000000.0,0.6426,green
2026-07-23,CP06,LNG Feedgas Buyer F,active,6302177.5,0.0,133215.0,6435392.5,20000000.0,20000000.0,0.3218,green
2026-07-23,CP07,LNG Feedgas Buyer G,commissioning,3991407.5,0.0,212540.0,4203947.5,6000000.0,3000000.0,1.4013,red
2026-07-23,CP08,Regional Marketer H,active,4608070.0,10587435.0,52815.0,0.0,3000000.0,3000000.0,0.0,green
2026-07-24,CP01,Permian Producer A,active,0.0,6065010.0,-266642.5,0.0,8000000.0,8000000.0,0.0,green
2026-07-24,CP02,Haynesville Producer B,active,0.0,16563570.0,-345342.5,0.0,5000000.0,5000000.0,0.0,green
2026-07-24,CP03,Gulf Coast Utility C,active,4305600.0,0.0,70987.5,4376587.5,15000000.0,15000000.0,0.2918,green
2026-07-24,CP04,Texas Power Generator D,active,3464760.0,0.0,390615.0,3855375.0,10000000.0,10000000.0,0.3855,green
2026-07-24,CP05,Petrochemical Plant E,active,7606140.0,0.0,188052.5,7794192.5,12000000.0,12000000.0,0.6495,green
2026-07-24,CP06,LNG Feedgas Buyer F,active,6390120.0,0.0,145660.0,6535780.0,20000000.0,20000000.0,0.3268,green
2026-07-24,CP07,LNG Feedgas Buyer G,commissioning,4072785.0,0.0,247962.5,4320747.5,6000000.0,3000000.0,1.4402,red
2026-07-24,CP08,Regional Marketer H,active,4725060.0,10840230.0,14257.5,0.0,3000000.0,3000000.0,0.0,green
2026-07-27,CP01,Permian Producer A,active,0.0,3435405.0,-497902.5,0.0,8000000.0,8000000.0,0.0,green
2026-07-27,CP02,Haynesville Producer B,active,0.0,7863847.5,-413815.0,0.0,5000000.0,5000000.0,0.0,green
2026-07-27,CP03,Gulf Coast Utility C,active,1813050.0,0.0,141502.5,1954552.5,15000000.0,15000000.0,0.1303,green
2026-07-27,CP04,Texas Power Generator D,active,1316655.0,0.0,508770.0,1825425.0,10000000.0,10000000.0,0.1825,green
2026-07-27,CP05,Petrochemical Plant E,active,1428682.5,0.0,258725.0,1687407.5,12000000.0,12000000.0,0.1406,green
2026-07-27,CP06,LNG Feedgas Buyer F,active,2374447.5,0.0,169187.5,2543635.0,20000000.0,20000000.0,0.1272,green
2026-07-27,CP07,LNG Feedgas Buyer G,commissioning,2242792.5,0.0,328405.0,2571197.5,6000000.0,3000000.0,0.8571,amber
2026-07-27,CP08,Regional Marketer H,active,3175830.0,6939465.0,-64642.5,0.0,3000000.0,3000000.0,0.0,green
2026-07-28,CP01,Permian Producer A,active,0.0,3554270.0,-718312.5,0.0,8000000.0,8000000.0,0.0,green
2026-07-28,CP02,Haynesville Producer B,active,0.0,8140640.0,-466347.5,0.0,5000000.0,5000000.0,0.0,green
2026-07-28,CP03,Gulf Coast Utility C,active,1873350.0,0.0,214065.0,2087415.0,15000000.0,15000000.0,0.1392,green
2026-07-28,CP04,Texas Power Generator D,active,1365420.0,0.0,639217.5,2004637.5,10000000.0,10000000.0,0.2005,green
2026-07-28,CP05,Petrochemical Plant E,active,1477030.0,0.0,329790.0,1806820.0,12000000.0,12000000.0,0.1506,green
2026-07-28,CP06,LNG Feedgas Buyer F,active,2462390.0,0.0,176332.5,2638722.5,20000000.0,20000000.0,0.1319,green
2026-07-28,CP07,LNG Feedgas Buyer G,commissioning,2319770.0,0.0,412052.5,2731822.5,6000000.0,3000000.0,0.9106,amber
2026-07-28,CP08,Regional Marketer H,active,3291170.0,7181260.0,-122950.0,0.0,3000000.0,3000000.0,0.0,green
2026-07-29,CP01,Permian Producer A,active,0.0,3671210.0,-554212.5,0.0,8000000.0,8000000.0,0.0,green
2026-07-29,CP02,Haynesville Producer B,active,0.0,8414107.5,-399130.0,0.0,5000000.0,5000000.0,0.0,green
2026-07-29,CP03,Gulf Coast Utility C,active,1932075.0,0.0,169447.5,2101522.5,15000000.0,15000000.0,0.1401,green
2026-07-29,CP04,Texas Power Generator D,active,1414185.0,0.0,520005.0,1934190.0,10000000.0,10000000.0,0.1934,green
2026-07-29,CP05,Petrochemical Plant E,active,1524327.5,0.0,284225.0,1808552.5,12000000.0,12000000.0,0.1507,green
2026-07-29,CP06,LNG Feedgas Buyer F,active,2550332.5,0.0,150467.5,2700800.0,20000000.0,20000000.0,0.135,green
2026-07-29,CP07,LNG Feedgas Buyer G,commissioning,2395347.5,0.0,345527.5,2740875.0,6000000.0,3000000.0,0.9136,amber
2026-07-29,CP08,Regional Marketer H,active,3405985.0,7419555.0,-79127.5,0.0,3000000.0,3000000.0,0.0,green
2026-07-30,CP01,Permian Producer A,active,0.0,3790075.0,-545872.5,0.0,8000000.0,8000000.0,0.0,green
2026-07-30,CP02,Haynesville Producer B,active,0.0,8690900.0,-367437.5,0.0,5000000.0,5000000.0,0.0,green
2026-07-30,CP03,Gulf Coast Utility C,active,1992375.0,0.0,175522.5,2167897.5,15000000.0,15000000.0,0.1445,green
2026-07-30,CP04,Texas Power Generator D,active,1462950.0,0.0,517890.0,1980840.0,10000000.0,10000000.0,0.1981,green
2026-07-30,CP05,Petrochemical Plant E,active,1572675.0,0.0,281902.5,1854577.5,12000000.0,12000000.0,0.1545,green
2026-07-30,CP06,LNG Feedgas Buyer F,active,2638275.0,0.0,131550.0,2769825.0,20000000.0,20000000.0,0.1385,green
2026-07-30,CP07,LNG Feedgas Buyer G,commissioning,2472325.0,0.0,340375.0,2812700.0,6000000.0,3000000.0,0.9376,amber
2026-07-30,CP08,Regional Marketer H,active,3521325.0,7661350.0,-71097.5,0.0,3000000.0,3000000.0,0.0,green
2026-07-31,CP01,Permian Producer A,active,0.0,3907290.0,-539632.5,0.0,8000000.0,8000000.0,0.0,green
2026-07-31,CP02,Haynesville Producer B,active,0.0,8964842.5,-342395.0,0.0,5000000.0,5000000.0,0.0,green
2026-07-31,CP03,Gulf Coast Utility C,active,2051325.0,0.0,174847.5,2226172.5,15000000.0,15000000.0,0.1484,green
2026-07-31,CP04,Texas Power Generator D,active,1511715.0,0.0,508875.0,2020590.0,10000000.0,10000000.0,0.2021,green
2026-07-31,CP05,Petrochemical Plant E,active,1620122.5,0.0,279930.0,1900052.5,12000000.0,12000000.0,0.1583,green
2026-07-31,CP06,LNG Feedgas Buyer F,active,2726217.5,0.0,116482.5,2842700.0,20000000.0,20000000.0,0.1421,green
2026-07-31,CP07,LNG Feedgas Buyer G,commissioning,2548102.5,0.0,336272.5,2884375.0,6000000.0,3000000.0,0.9615,amber
2026-07-31,CP08,Regional Marketer H,active,3636215.0,7900145.0,-72992.5,0.0,3000000.0,3000000.0,0.0,green
2026-08-03,CP01,Permian Producer A,active,0.0,4931262.5,-320810.0,0.0,8000000.0,8000000.0,0.0,green
2026-08-03,CP02,Haynesville Producer B,active,0.0,9402102.5,-249760.0,0.0,5000000.0,5000000.0,0.0,green
2026-08-03,CP03,Gulf Coast Utility C,active,2371380.0,0.0,105030.0,2476410.0,15000000.0,15000000.0,0.1651,green
2026-08-03,CP04,Texas Power Generator D,active,2150002.5,0.0,323650.0,2473652.5,10000000.0,10000000.0,0.2474,green
2026-08-03,CP05,Petrochemical Plant E,active,1831150.0,0.0,199290.0,2030440.0,12000000.0,12000000.0,0.1692,green
2026-08-03,CP06,LNG Feedgas Buyer F,active,2798802.5,0.0,87360.0,2886162.5,20000000.0,20000000.0,0.1443,green
2026-08-03,CP07,LNG Feedgas Buyer G,commissioning,2886282.5,0.0,226380.0,3112662.5,6000000.0,3000000.0,1.0376,red
2026-08-03,CP08,Regional Marketer H,active,4035230.0,8770225.0,-4315.0,0.0,3000000.0,3000000.0,0.0,green
2026-08-04,CP01,Permian Producer A,active,0.0,5276420.0,-432652.5,0.0,8000000.0,8000000.0,0.0,green
2026-08-04,CP02,Haynesville Producer B,active,0.0,9549772.5,-288090.0,0.0,5000000.0,5000000.0,0.0,green
2026-08-04,CP03,Gulf Coast Utility C,active,2479215.0,0.0,144045.0,2623260.0,15000000.0,15000000.0,0.1749,green
2026-08-04,CP04,Texas Power Generator D,active,2363915.0,0.0,439087.5,2803002.5,10000000.0,10000000.0,0.2803,green
2026-08-04,CP05,Petrochemical Plant E,active,1901492.5,0.0,234697.5,2136190.0,12000000.0,12000000.0,0.178,green
2026-08-04,CP06,LNG Feedgas Buyer F,active,2822997.5,0.0,107415.0,2930412.5,20000000.0,20000000.0,0.1465,green
2026-08-04,CP07,LNG Feedgas Buyer G,commissioning,2999392.5,0.0,279720.0,3279112.5,6000000.0,3000000.0,1.093,red
2026-08-04,CP08,Regional Marketer H,active,4168810.0,9063510.0,-68535.0,0.0,3000000.0,3000000.0,0.0,green
2026-08-05,CP01,Permian Producer A,active,0.0,5614577.5,-669295.0,0.0,8000000.0,8000000.0,0.0,green
2026-08-05,CP02,Haynesville Producer B,active,0.0,9693942.5,-368420.0,0.0,5000000.0,5000000.0,0.0,green
2026-08-05,CP03,Gulf Coast Utility C,active,2584950.0,0.0,223110.0,2808060.0,15000000.0,15000000.0,0.1872,green
2026-08-05,CP04,Texas Power Generator D,active,2575727.5,0.0,629525.0,3205252.5,10000000.0,10000000.0,0.3205,green
2026-08-05,CP05,Petrochemical Plant E,active,1971835.0,0.0,307905.0,2279740.0,12000000.0,12000000.0,0.19,green
2026-08-05,CP06,LNG Feedgas Buyer F,active,2847192.5,0.0,130170.0,2977362.5,20000000.0,20000000.0,0.1489,green
2026-08-05,CP07,LNG Feedgas Buyer G,commissioning,3111802.5,0.0,387660.0,3499462.5,6000000.0,3000000.0,1.1665,red
2026-08-05,CP08,Regional Marketer H,active,4301340.0,9350845.0,-140180.0,0.0,3000000.0,3000000.0,0.0,green
2026-08-06,CP01,Permian Producer A,active,0.0,5952735.0,-657537.5,0.0,8000000.0,8000000.0,0.0,green
2026-08-06,CP02,Haynesville Producer B,active,0.0,9838112.5,-354250.0,0.0,5000000.0,5000000.0,0.0,green
2026-08-06,CP03,Gulf Coast Utility C,active,2690685.0,0.0,218475.0,2909160.0,15000000.0,15000000.0,0.1939,green
2026-08-06,CP04,Texas Power Generator D,active,2787540.0,0.0,635012.5,3422552.5,10000000.0,10000000.0,0.3423,green
2026-08-06,CP05,Petrochemical Plant E,active,2042177.5,0.0,296062.5,2338240.0,12000000.0,12000000.0,0.1949,green
2026-08-06,CP06,LNG Feedgas Buyer F,active,2871387.5,0.0,132675.0,3004062.5,20000000.0,20000000.0,0.1502,green
2026-08-06,CP07,LNG Feedgas Buyer G,commissioning,3224212.5,0.0,372750.0,3596962.5,6000000.0,3000000.0,1.199,red
2026-08-06,CP08,Regional Marketer H,active,4433870.0,9638180.0,-156475.0,0.0,3000000.0,3000000.0,0.0,green
2026-08-07,CP01,Permian Producer A,active,0.0,6288892.5,-691980.0,0.0,8000000.0,8000000.0,0.0,green
2026-08-07,CP02,Haynesville Producer B,active,0.0,9981282.5,-359580.0,0.0,5000000.0,5000000.0,0.0,green
2026-08-07,CP03,Gulf Coast Utility C,active,2795820.0,0.0,230190.0,3026010.0,15000000.0,15000000.0,0.2017,green
2026-08-07,CP04,Texas Power Generator D,active,2998752.5,0.0,653700.0,3652452.5,10000000.0,10000000.0,0.3652,green
2026-08-07,CP05,Petrochemical Plant E,active,2112520.0,0.0,319320.0,2431840.0,12000000.0,12000000.0,0.2027,green
2026-08-07,CP06,LNG Feedgas Buyer F,active,2895582.5,0.0,131880.0,3027462.5,20000000.0,20000000.0,0.1514,green
2026-08-07,CP07,LNG Feedgas Buyer G,commissioning,3336422.5,0.0,402540.0,3738962.5,6000000.0,3000000.0,1.2463,red
2026-08-07,CP08,Regional Marketer H,active,4566100.0,9923815.0,-160620.0,0.0,3000000.0,3000000.0,0.0,green
2026-08-10,CP01,Permian Producer A,active,0.0,7305365.0,-316807.5,0.0,8000000.0,8000000.0,0.0,green
2026-08-10,CP02,Haynesville Producer B,active,0.0,10414792.5,-212070.0,0.0,5000000.0,5000000.0,0.0,green
2026-08-10,CP03,Gulf Coast Utility C,active,3113625.0,0.0,117285.0,3230910.0,15000000.0,15000000.0,0.2154,green
2026-08-10,CP04,Texas Power Generator D,active,3634790.0,0.0,304462.5,3939252.5,10000000.0,10000000.0,0.3939,green
2026-08-10,CP05,Petrochemical Plant E,active,2323547.5,0.0,205492.5,2529040.0,12000000.0,12000000.0,0.2108,green
2026-08-10,CP06,LNG Feedgas Buyer F,active,2968167.5,0.0,71895.0,3040062.5,20000000.0,20000000.0,0.152,green
2026-08-10,CP07,LNG Feedgas Buyer G,commissioning,3673852.5,0.0,185310.0,3859162.5,6000000.0,3000000.0,1.2864,red
2026-08-10,CP08,Regional Marketer H,active,4963990.0,10787520.0,-7005.0,0.0,3000000.0,3000000.0,0.0,green
2026-08-11,CP01,Permian Producer A,active,0.0,7653022.5,-209150.0,0.0,8000000.0,8000000.0,0.0,green
2026-08-11,CP02,Haynesville Producer B,active,0.0,10563712.5,-182100.0,0.0,5000000.0,5000000.0,0.0,green
2026-08-11,CP03,Gulf Coast Utility C,active,3222210.0,0.0,82275.0,3304485.0,15000000.0,15000000.0,0.2203,green
2026-08-11,CP04,Texas Power Generator D,active,3849452.5,0.0,223750.0,4073202.5,10000000.0,10000000.0,0.4073,green
2026-08-11,CP05,Petrochemical Plant E,active,2393890.0,0.0,164850.0,2558740.0,12000000.0,12000000.0,0.2132,green
2026-08-11,CP06,LNG Feedgas Buyer F,active,2992362.5,0.0,61650.0,3054012.5,20000000.0,20000000.0,0.1527,green
2026-08-11,CP07,LNG Feedgas Buyer G,commissioning,3787212.5,0.0,140950.0,3928162.5,6000000.0,3000000.0,1.3094,red
2026-08-11,CP08,Regional Marketer H,active,5097945.0,11082930.0,14950.0,0.0,3000000.0,3000000.0,0.0,green
2026-08-12,CP01,Permian Producer A,active,0.0,8002180.0,-145292.5,0.0,8000000.0,8000000.0,0.0,green
2026-08-12,CP02,Haynesville Producer B,active,0.0,10713382.5,-118230.0,0.0,5000000.0,5000000.0,0.0,green
2026-08-12,CP03,Gulf Coast Utility C,active,3331245.0,0.0,62715.0,3393960.0,15000000.0,15000000.0,0.2263,green
2026-08-12,CP04,Texas Power Generator D,active,4064565.0,0.0,156387.5,4220952.5,10000000.0,10000000.0,0.4221,green
2026-08-12,CP05,Petrochemical Plant E,active,2464232.5,0.0,146707.5,2610940.0,12000000.0,12000000.0,0.2176,green
2026-08-12,CP06,LNG Feedgas Buyer F,active,3016557.5,0.0,53055.0,3069612.5,20000000.0,20000000.0,0.1535,green
2026-08-12,CP07,LNG Feedgas Buyer G,commissioning,3900722.5,0.0,97040.0,3997762.5,6000000.0,3000000.0,1.3326,red
2026-08-12,CP08,Regional Marketer H,active,5232125.0,11379615.0,49955.0,0.0,3000000.0,3000000.0,0.0,green
2026-08-13,CP01,Permian Producer A,active,0.0,8351337.5,-157635.0,0.0,8000000.0,8000000.0,0.0,green
2026-08-13,CP02,Haynesville Producer B,active,0.0,10863052.5,-151260.0,0.0,5000000.0,5000000.0,0.0,green
2026-08-13,CP03,Gulf Coast Utility C,active,3440280.0,0.0,65205.0,3505485.0,15000000.0,15000000.0,0.2337,green
2026-08-13,CP04,Texas Power Generator D,active,4279677.5,0.0,191925.0,4471602.5,10000000.0,10000000.0,0.4472,green
2026-08-13,CP05,Petrochemical Plant E,active,2534575.0,0.0,145590.0,2680165.0,12000000.0,12000000.0,0.2233,green
2026-08-13,CP06,LNG Feedgas Buyer F,active,3040752.5,0.0,61560.0,3102312.5,20000000.0,20000000.0,0.1551,green
2026-08-13,CP07,LNG Feedgas Buyer G,commissioning,4014232.5,0.0,123930.0,4138162.5,6000000.0,3000000.0,1.3794,red
2026-08-13,CP08,Regional Marketer H,active,5366305.0,11676300.0,19860.0,0.0,3000000.0,3000000.0,0.0,green
2026-08-14,CP01,Permian Producer A,active,0.0,8698995.0,-178527.5,0.0,8000000.0,8000000.0,0.0,green
2026-08-14,CP02,Haynesville Producer B,active,0.0,11011972.5,-151740.0,0.0,5000000.0,5000000.0,0.0,green
2026-08-14,CP03,Gulf Coast Utility C,active,3548865.0,0.0,72945.0,3621810.0,15000000.0,15000000.0,0.2415,green
2026-08-14,CP04,Texas Power Generator D,active,4494340.0,0.0,206987.5,4701327.5,10000000.0,10000000.0,0.4701,green
2026-08-14,CP05,Petrochemical Plant E,active,2604917.5,0.0,151972.5,2756890.0,12000000.0,12000000.0,0.2297,green
2026-08-14,CP06,LNG Feedgas Buyer F,active,3064947.5,0.0,61440.0,3126387.5,20000000.0,20000000.0,0.1563,green
2026-08-14,CP07,LNG Feedgas Buyer G,commissioning,4127592.5,0.0,130045.0,4257637.5,6000000.0,3000000.0,1.4192,red
2026-08-14,CP08,Regional Marketer H,active,5500260.0,11971710.0,15490.0,0.0,3000000.0,3000000.0,0.0,green
2026-08-17,CP01,Permian Producer A,active,0.0,9740967.5,-166680.0,0.0,8000000.0,8000000.0,0.0,green
2026-08-17,CP02,Haynesville Producer B,active,0.0,11458232.5,-156280.0,0.0,5000000.0,5000000.0,0.0,green
2026-08-17,CP03,Gulf Coast Utility C,active,3874320.0,0.0,70590.0,3944910.0,15000000.0,15000000.0,0.263,green
2026-08-17,CP04,Texas Power Generator D,active,5138027.5,0.0,211725.0,5349752.5,10000000.0,10000000.0,0.535,green
2026-08-17,CP05,Petrochemical Plant E,active,2815945.0,0.0,138795.0,2954740.0,12000000.0,12000000.0,0.2462,green
2026-08-17,CP06,LNG Feedgas Buyer F,active,3137532.5,0.0,69180.0,3206712.5,20000000.0,20000000.0,0.1603,green
2026-08-17,CP07,LNG Feedgas Buyer G,commissioning,4467572.5,0.0,132290.0,4599862.5,6000000.0,3000000.0,1.5333,red
2026-08-17,CP08,Regional Marketer H,active,5901975.0,12857090.0,-22595.0,0.0,3000000.0,3000000.0,0.0,green
2026-08-18,CP01,Permian Producer A,active,0.0,10090125.0,-74672.5,0.0,8000000.0,8000000.0,0.0,green
2026-08-18,CP02,Haynesville Producer B,active,0.0,11607902.5,-78510.0,0.0,5000000.0,5000000.0,0.0,green
2026-08-18,CP03,Gulf Coast Utility C,active,3983355.0,0.0,45105.0,4028460.0,15000000.0,15000000.0,0.2686,green
2026-08-18,CP04,Texas Power Generator D,active,5353140.0,0.0,109212.5,5462352.5,10000000.0,10000000.0,0.5462,green
2026-08-18,CP05,Petrochemical Plant E,active,2886287.5,0.0,109702.5,2995990.0,12000000.0,12000000.0,0.2497,green
2026-08-18,CP06,LNG Feedgas Buyer F,active,3161727.5,0.0,22185.0,3183912.5,20000000.0,20000000.0,0.1592,green
2026-08-18,CP07,LNG Feedgas Buyer G,commissioning,4581082.5,0.0,63080.0,4644162.5,6000000.0,3000000.0,1.5481,red
2026-08-18,CP08,Regional Marketer H,active,6036155.0,13153775.0,99260.0,0.0,3000000.0,3000000.0,0.0,green
2026-08-19,CP01,Permian Producer A,active,0.0,10445282.5,51135.0,0.0,8000000.0,8000000.0,0.0,green
2026-08-19,CP02,Haynesville Producer B,active,0.0,11760572.5,-11040.0,0.0,5000000.0,5000000.0,0.0,green
2026-08-19,CP03,Gulf Coast Utility C,active,4094190.0,0.0,6570.0,4100760.0,15000000.0,15000000.0,0.2734,green
2026-08-19,CP04,Texas Power Generator D,active,5570052.5,0.0,-7050.0,5563002.5,10000000.0,10000000.0,0.5563,green
2026-08-19,CP05,Petrochemical Plant E,active,2956630.0,0.0,74310.0,3030940.0,12000000.0,12000000.0,0.2526,green
2026-08-19,CP06,LNG Feedgas Buyer F,active,3185922.5,0.0,-8760.0,3177162.5,20000000.0,20000000.0,0.1589,green
2026-08-19,CP07,LNG Feedgas Buyer G,commissioning,4695192.5,0.0,-8580.0,4686612.5,6000000.0,3000000.0,1.5622,red
2026-08-19,CP08,Regional Marketer H,active,6171235.0,13455560.0,186165.0,0.0,3000000.0,3000000.0,0.0,green
2026-08-20,CP01,Permian Producer A,active,0.0,10800440.0,23117.5,0.0,8000000.0,8000000.0,0.0,green
2026-08-20,CP02,Haynesville Producer B,active,0.0,11913242.5,-53970.0,0.0,5000000.0,5000000.0,0.0,green
2026-08-20,CP03,Gulf Coast Utility C,active,4205025.0,0.0,12060.0,4217085.0,15000000.0,15000000.0,0.2811,green
2026-08-20,CP04,Texas Power Generator D,active,5786965.0,0.0,37787.5,5824752.5,10000000.0,10000000.0,0.5825,green
2026-08-20,CP05,Petrochemical Plant E,active,3026972.5,0.0,82942.5,3109915.0,12000000.0,12000000.0,0.2592,green
2026-08-20,CP06,LNG Feedgas Buyer F,active,3210117.5,0.0,25545.0,3235662.5,20000000.0,20000000.0,0.1618,green
2026-08-20,CP07,LNG Feedgas Buyer G,commissioning,4809302.5,0.0,24010.0,4833312.5,6000000.0,3000000.0,1.6111,red
2026-08-20,CP08,Regional Marketer H,active,6306315.0,13757345.0,68395.0,0.0,3000000.0,3000000.0,0.0,green
2026-08-21,CP01,Permian Producer A,active,0.0,11149597.5,-43525.0,0.0,8000000.0,8000000.0,0.0,green
2026-08-21,CP02,Haynesville Producer B,active,0.0,12062912.5,-54300.0,0.0,5000000.0,5000000.0,0.0,green
2026-08-21,CP03,Gulf Coast Utility C,active,4314060.0,0.0,35475.0,4349535.0,15000000.0,15000000.0,0.29,green
2026-08-21,CP04,Texas Power Generator D,active,6002077.5,0.0,79025.0,6081102.5,10000000.0,10000000.0,0.6081,green
2026-08-21,CP05,Petrochemical Plant E,active,3097315.0,0.0,93750.0,3191065.0,12000000.0,12000000.0,0.2659,green
2026-08-21,CP06,LNG Feedgas Buyer F,active,3234312.5,0.0,16650.0,3250962.5,20000000.0,20000000.0,0.1625,green
2026-08-21,CP07,LNG Feedgas Buyer G,commissioning,4922812.5,0.0,41150.0,4963962.5,6000000.0,3000000.0,1.6547,red
2026-08-21,CP08,Regional Marketer H,active,6440495.0,14054030.0,102800.0,0.0,3000000.0,3000000.0,0.0,green
2026-08-24,CP01,Permian Producer A,active,0.0,12197570.0,6022.5,0.0,8000000.0,8000000.0,0.0,green
2026-08-24,CP02,Haynesville Producer B,active,0.0,12512172.5,-21140.0,0.0,5000000.0,5000000.0,0.0,green
2026-08-24,CP03,Gulf Coast Utility C,active,4641315.0,0.0,23370.0,4664685.0,15000000.0,15000000.0,0.311,green
2026-08-24,CP04,Texas Power Generator D,active,6647565.0,0.0,37612.5,6685177.5,10000000.0,10000000.0,0.6685,green
2026-08-24,CP05,Petrochemical Plant E,active,3308342.5,0.0,68797.5,3377140.0,12000000.0,12000000.0,0.2814,green
2026-08-24,CP06,LNG Feedgas Buyer F,active,3306897.5,0.0,2940.0,3309837.5,20000000.0,20000000.0,0.1655,green
2026-08-24,CP07,LNG Feedgas Buyer G,commissioning,5263392.5,0.0,11545.0,5274937.5,6000000.0,3000000.0,1.7583,red
2026-08-24,CP08,Regional Marketer H,active,6843110.0,14944510.0,160790.0,0.0,3000000.0,3000000.0,0.0,green
2026-08-25,CP01,Permian Producer A,active,0.0,8633437.5,-43020.0,0.0,8000000.0,8000000.0,0.0,green
2026-08-25,CP02,Haynesville Producer B,active,0.0,3694000.0,-32670.0,0.0,5000000.0,5000000.0,0.0,green
2026-08-25,CP03,Gulf Coast Utility C,active,2697225.0,0.0,56760.0,2753985.0,15000000.0,15000000.0,0.1836,green
2026-08-25,CP04,Texas Power Generator D,active,5349162.5,0.0,79575.0,5428737.5,10000000.0,10000000.0,0.5429,green
2026-08-25,CP05,Petrochemical Plant E,active,1758562.5,0.0,83280.0,1841842.5,12000000.0,12000000.0,0.1535,green
2026-08-25,CP06,LNG Feedgas Buyer F,active,604875.0,0.0,11220.0,616095.0,20000000.0,20000000.0,0.0308,green
2026-08-25,CP07,LNG Feedgas Buyer G,commissioning,2828200.0,0.0,41610.0,2869810.0,6000000.0,3000000.0,0.9566,amber
2026-08-25,CP08,Regional Marketer H,active,3340175.0,7335950.0,125370.0,0.0,3000000.0,3000000.0,0.0,green
2026-08-26,CP01,Permian Producer A,active,0.0,8982095.0,41637.5,0.0,8000000.0,8000000.0,0.0,green
2026-08-26,CP02,Haynesville Producer B,active,0.0,3843420.0,65650.0,0.0,5000000.0,5000000.0,0.0,green
2026-08-26,CP03,Gulf Coast Utility C,active,2806110.0,0.0,-10200.0,2795910.0,15000000.0,15000000.0,0.1864,green
2026-08-26,CP04,Texas Power Generator D,active,5564125.0,0.0,-12812.5,5551312.5,10000000.0,10000000.0,0.5551,green
2026-08-26,CP05,Petrochemical Plant E,active,1828905.0,0.0,48712.5,1877617.5,12000000.0,12000000.0,0.1565,green
2026-08-26,CP06,LNG Feedgas Buyer F,active,629070.0,0.0,-29250.0,599820.0,20000000.0,20000000.0,0.03,green
2026-08-26,CP07,LNG Feedgas Buyer G,commissioning,2941660.0,0.0,-36525.0,2905135.0,6000000.0,3000000.0,0.9684,amber
2026-08-26,CP08,Regional Marketer H,active,3474280.0,7632210.0,257800.0,0.0,3000000.0,3000000.0,0.0,green
2026-08-27,CP01,Permian Producer A,active,0.0,9334752.5,99870.0,0.0,8000000.0,8000000.0,0.0,green
2026-08-27,CP02,Haynesville Producer B,active,0.0,3994840.0,165445.0,0.0,5000000.0,5000000.0,0.0,green
2026-08-27,CP03,Gulf Coast Utility C,active,2916195.0,0.0,-64785.0,2851410.0,15000000.0,15000000.0,0.1901,green
2026-08-27,CP04,Texas Power Generator D,active,5780287.5,0.0,-81450.0,5698837.5,10000000.0,10000000.0,0.5699,green
2026-08-27,CP05,Petrochemical Plant E,active,1899247.5,0.0,-4605.0,1894642.5,12000000.0,12000000.0,0.1579,green
2026-08-27,CP06,LNG Feedgas Buyer F,active,653265.0,0.0,-64020.0,589245.0,20000000.0,20000000.0,0.0295,green
2026-08-27,CP07,LNG Feedgas Buyer G,commissioning,3055520.0,0.0,-98885.0,2956635.0,6000000.0,3000000.0,0.9855,amber
2026-08-27,CP08,Regional Marketer H,active,3608985.0,7931870.0,363080.0,0.0,3000000.0,3000000.0,0.0,green
2026-08-28,CP01,Permian Producer A,active,0.0,9683910.0,91027.5,0.0,8000000.0,8000000.0,0.0,green
2026-08-28,CP02,Haynesville Producer B,active,0.0,4144510.0,167115.0,0.0,5000000.0,5000000.0,0.0,green
2026-08-28,CP03,Gulf Coast Utility C,active,3025230.0,0.0,-61770.0,2963460.0,15000000.0,15000000.0,0.1976,green
2026-08-28,CP04,Texas Power Generator D,active,5995400.0,0.0,-76012.5,5919387.5,10000000.0,10000000.0,0.5919,green
2026-08-28,CP05,Petrochemical Plant E,active,1969590.0,0.0,-5197.5,1964392.5,12000000.0,12000000.0,0.1637,green
2026-08-28,CP06,LNG Feedgas Buyer F,active,677460.0,0.0,-51015.0,626445.0,20000000.0,20000000.0,0.0313,green
2026-08-28,CP07,LNG Feedgas Buyer G,commissioning,3169030.0,0.0,-97545.0,3071485.0,6000000.0,3000000.0,1.0238,red
2026-08-28,CP08,Regional Marketer H,active,3743165.0,8228555.0,357135.0,0.0,3000000.0,3000000.0,0.0,green
2026-08-31,CP01,Permian Producer A,active,0.0,10735382.5,132600.0,0.0,8000000.0,8000000.0,0.0,green
2026-08-31,CP02,Haynesville Producer B,active,0.0,4595520.0,211725.0,0.0,5000000.0,5000000.0,0.0,green
2026-08-31,CP03,Gulf Coast Utility C,active,3353535.0,0.0,-71625.0,3281910.0,15000000.0,15000000.0,0.2188,green
2026-08-31,CP04,Texas Power Generator D,active,6641937.5,0.0,-89400.0,6552537.5,10000000.0,10000000.0,0.6553,green
2026-08-31,CP05,Petrochemical Plant E,active,2180617.5,0.0,-18900.0,2161717.5,12000000.0,12000000.0,0.1801,green
2026-08-31,CP06,LNG Feedgas Buyer F,active,750045.0,0.0,-82005.0,668040.0,20000000.0,20000000.0,0.0334,green
2026-08-31,CP07,LNG Feedgas Buyer G,commissioning,3509960.0,0.0,-120825.0,3389135.0,6000000.0,3000000.0,1.1297,red
2026-08-31,CP08,Regional Marketer H,active,4146305.0,9122010.0,358200.0,0.0,3000000.0,3000000.0,0.0,green
2026-09-01,CP01,Permian Producer A,active,0.0,10869110.0,116342.5,0.0,8000000.0,8000000.0,0.0,green
2026-09-01,CP02,Haynesville Producer B,active,0.0,4799630.0,177440.0,0.0,5000000.0,5000000.0,0.0,green
2026-09-01,CP03,Gulf Coast Utility C,active,3438305.0,0.0,-64670.0,3373635.0,15000000.0,15000000.0,0.2249,green
2026-09-01,CP04,Texas Power Generator D,active,6725477.5,0.0,-62520.0,6662957.5,10000000.0,10000000.0,0.6663,green
2026-09-01,CP05,Petrochemical Plant E,active,2310395.0,0.0,-6770.0,2303625.0,12000000.0,12000000.0,0.192,green
2026-09-01,CP06,LNG Feedgas Buyer F,active,827430.0,0.0,-62075.0,765355.0,20000000.0,20000000.0,0.0383,green
2026-09-01,CP07,LNG Feedgas Buyer G,commissioning,3571340.0,0.0,-112230.0,3459110.0,6000000.0,3000000.0,1.153,red
2026-09-01,CP08,Regional Marketer H,active,4223930.0,9398295.0,336110.0,0.0,3000000.0,3000000.0,0.0,green
2026-09-02,CP01,Permian Producer A,active,0.0,11002137.5,121440.0,0.0,8000000.0,8000000.0,0.0,green
2026-09-02,CP02,Haynesville Producer B,active,0.0,5003140.0,179740.0,0.0,5000000.0,5000000.0,0.0,green
2026-09-02,CP03,Gulf Coast Utility C,active,3522925.0,0.0,-49840.0,3473085.0,15000000.0,15000000.0,0.2315,green
2026-09-02,CP04,Texas Power Generator D,active,6808817.5,0.0,-80100.0,6728717.5,10000000.0,10000000.0,0.6729,green
2026-09-02,CP05,Petrochemical Plant E,active,2439672.5,0.0,-6937.5,2432735.0,12000000.0,12000000.0,0.2027,green
2026-09-02,CP06,LNG Feedgas Buyer F,active,904565.0,0.0,-75490.0,829075.0,20000000.0,20000000.0,0.0415,green
2026-09-02,CP07,LNG Feedgas Buyer G,commissioning,3632720.0,0.0,-95760.0,3536960.0,6000000.0,3000000.0,1.179,red
2026-09-02,CP08,Regional Marketer H,active,4301505.0,9674080.0,296520.0,0.0,3000000.0,3000000.0,0.0,green
2026-09-03,CP01,Permian Producer A,active,0.0,11137615.0,127962.5,0.0,8000000.0,8000000.0,0.0,green
2026-09-03,CP02,Haynesville Producer B,active,0.0,5208750.0,228115.0,0.0,5000000.0,5000000.0,0.0,green
2026-09-03,CP03,Gulf Coast Utility C,active,3608070.0,0.0,-90585.0,3517485.0,15000000.0,15000000.0,0.2345,green
2026-09-03,CP04,Texas Power Generator D,active,6892857.5,0.0,-88180.0,6804677.5,10000000.0,10000000.0,0.6805,green
2026-09-03,CP05,Petrochemical Plant E,active,2570700.0,0.0,-34417.5,2536282.5,12000000.0,12000000.0,0.2114,green
2026-09-03,CP06,LNG Feedgas Buyer F,active,982575.0,0.0,-81780.0,900795.0,20000000.0,20000000.0,0.045,green
2026-09-03,CP07,LNG Feedgas Buyer G,commissioning,3694100.0,0.0,-134865.0,3559235.0,6000000.0,3000000.0,1.1864,red
2026-09-03,CP08,Regional Marketer H,active,4379255.0,9951615.0,380430.0,0.0,3000000.0,3000000.0,0.0,green
2026-09-04,CP01,Permian Producer A,active,0.0,11272042.5,132785.0,0.0,8000000.0,8000000.0,0.0,green
2026-09-04,CP02,Haynesville Producer B,active,0.0,5413460.0,225140.0,0.0,5000000.0,5000000.0,0.0,green
2026-09-04,CP03,Gulf Coast Utility C,active,3692990.0,0.0,-69680.0,3623310.0,15000000.0,15000000.0,0.2416,green
2026-09-04,CP04,Texas Power Generator D,active,6976597.5,0.0,-106560.0,6870037.5,10000000.0,10000000.0,0.687,green
2026-09-04,CP05,Petrochemical Plant E,active,2700977.5,0.0,-31510.0,2669467.5,12000000.0,12000000.0,0.2225,green
2026-09-04,CP06,LNG Feedgas Buyer F,active,1060210.0,0.0,-95795.0,964415.0,20000000.0,20000000.0,0.0482,green
2026-09-04,CP07,LNG Feedgas Buyer G,commissioning,3755480.0,0.0,-112320.0,3643160.0,6000000.0,3000000.0,1.2144,red
2026-09-04,CP08,Regional Marketer H,active,4456930.0,10228400.0,327340.0,0.0,3000000.0,3000000.0,0.0,green
2026-09-08,CP01,Permian Producer A,active,0.0,11809052.5,91905.0,0.0,8000000.0,8000000.0,0.0,green
2026-09-08,CP02,Haynesville Producer B,active,0.0,6231700.0,141900.0,0.0,5000000.0,5000000.0,0.0,green
2026-09-08,CP03,Gulf Coast Utility C,active,4032520.0,0.0,-49060.0,3983460.0,15000000.0,15000000.0,0.2656,green
2026-09-08,CP04,Texas Power Generator D,active,7311357.5,0.0,-45740.0,7265617.5,10000000.0,10000000.0,0.7266,green
2026-09-08,CP05,Petrochemical Plant E,active,3221587.5,0.0,-4502.5,3217085.0,12000000.0,12000000.0,0.2681,green
2026-09-08,CP06,LNG Feedgas Buyer F,active,1370500.0,0.0,-51100.0,1319400.0,20000000.0,20000000.0,0.066,green
2026-09-08,CP07,LNG Feedgas Buyer G,commissioning,4001000.0,0.0,-85140.0,3915860.0,6000000.0,3000000.0,1.3053,red
2026-09-08,CP08,Regional Marketer H,active,4767580.0,11335040.0,254980.0,0.0,3000000.0,3000000.0,0.0,green
2026-09-09,CP01,Permian Producer A,active,0.0,11939630.0,35117.5,0.0,8000000.0,8000000.0,0.0,green
2026-09-09,CP02,Haynesville Producer B,active,0.0,6433110.0,-2845.0,0.0,5000000.0,5000000.0,0.0,green
2026-09-09,CP03,Gulf Coast Utility C,active,4116615.0,0.0,-4305.0,4112310.0,15000000.0,15000000.0,0.2742,green
2026-09-09,CP04,Texas Power Generator D,active,7393997.5,0.0,53800.0,7447797.5,10000000.0,10000000.0,0.7448,green
2026-09-09,CP05,Petrochemical Plant E,active,3349115.0,0.0,55875.0,3404990.0,12000000.0,12000000.0,0.2837,green
2026-09-09,CP06,LNG Feedgas Buyer F,active,1446760.0,0.0,23325.0,1470085.0,20000000.0,20000000.0,0.0735,green
2026-09-09,CP07,LNG Feedgas Buyer G,commissioning,4062380.0,0.0,-38745.0,4023635.0,6000000.0,3000000.0,1.3412,red
2026-09-09,CP08,Regional Marketer H,active,4844980.0,11609075.0,148890.0,0.0,3000000.0,3000000.0,0.0,green
2026-09-10,CP01,Permian Producer A,active,0.0,12068457.5,23440.0,0.0,8000000.0,8000000.0,0.0,green
2026-09-10,CP02,Haynesville Producer B,active,0.0,6633020.0,-40220.0,0.0,5000000.0,5000000.0,0.0,green
2026-09-10,CP03,Gulf Coast Utility C,active,4200335.0,0.0,18400.0,4218735.0,15000000.0,15000000.0,0.2812,green
2026-09-10,CP04,Texas Power Generator D,active,7476137.5,0.0,68020.0,7544157.5,10000000.0,10000000.0,0.7544,amber
2026-09-10,CP05,Petrochemical Plant E,active,3475392.5,0.0,72007.5,3547400.0,12000000.0,12000000.0,0.2956,green
2026-09-10,CP06,LNG Feedgas Buyer F,active,1522395.0,0.0,33760.0,1556155.0,20000000.0,20000000.0,0.0778,green
2026-09-10,CP07,LNG Feedgas Buyer G,commissioning,4123760.0,0.0,-14400.0,4109360.0,6000000.0,3000000.0,1.3698,red
2026-09-10,CP08,Regional Marketer H,active,4922255.0,11881860.0,91800.0,0.0,3000000.0,3000000.0,0.0,green
2026-09-11,CP01,Permian Producer A,active,0.0,12195535.0,8362.5,0.0,8000000.0,8000000.0,0.0,green
2026-09-11,CP02,Haynesville Producer B,active,0.0,6831430.0,-82645.0,0.0,5000000.0,5000000.0,0.0,green
2026-09-11,CP03,Gulf Coast Utility C,active,4283680.0,0.0,38855.0,4322535.0,15000000.0,15000000.0,0.2882,green
2026-09-11,CP04,Texas Power Generator D,active,7557777.5,0.0,89540.0,7647317.5,10000000.0,10000000.0,0.7647,amber
2026-09-11,CP05,Petrochemical Plant E,active,3600420.0,0.0,89627.5,3690047.5,12000000.0,12000000.0,0.3075,green
2026-09-11,CP06,LNG Feedgas Buyer F,active,1597405.0,0.0,49670.0,1647075.0,20000000.0,20000000.0,0.0824,green
2026-09-11,CP07,LNG Feedgas Buyer G,commissioning,4185140.0,0.0,7695.0,4192835.0,6000000.0,3000000.0,1.3976,red
2026-09-11,CP08,Regional Marketer H,active,4999405.0,12153395.0,39710.0,0.0,3000000.0,3000000.0,0.0,green
2026-09-14,CP01,Permian Producer A,active,0.0,12581667.5,51570.0,0.0,8000000.0,8000000.0,0.0,green
2026-09-14,CP02,Haynesville Producer B,active,0.0,7430860.0,58660.0,0.0,5000000.0,5000000.0,0.0,green
2026-09-14,CP03,Gulf Coast Utility C,active,4534765.0,0.0,-17680.0,4517085.0,15000000.0,15000000.0,0.3011,green
2026-09-14,CP04,Texas Power Generator D,active,7804097.5,0.0,3420.0,7807517.5,10000000.0,10000000.0,0.7808,amber
2026-09-14,CP05,Petrochemical Plant E,active,3979002.5,0.0,20482.5,3999485.0,12000000.0,12000000.0,0.3333,green
2026-09-14,CP06,LNG Feedgas Buyer F,active,1824185.0,0.0,-15610.0,1808575.0,20000000.0,20000000.0,0.0904,green
2026-09-14,CP07,LNG Feedgas Buyer G,commissioning,4369280.0,0.0,-43920.0,4325360.0,6000000.0,3000000.0,1.4418,red
2026-09-14,CP08,Regional Marketer H,active,5231205.0,12971500.0,145440.0,0.0,3000000.0,3000000.0,0.0,green
2026-09-15,CP01,Permian Producer A,active,0.0,12717845.0,77802.5,0.0,8000000.0,8000000.0,0.0,green
2026-09-15,CP02,Haynesville Producer B,active,0.0,7637070.0,145405.0,0.0,5000000.0,5000000.0,0.0,green
2026-09-15,CP03,Gulf Coast Utility C,active,4620060.0,0.0,-57075.0,4562985.0,15000000.0,15000000.0,0.3042,green
2026-09-15,CP04,Texas Power Generator D,active,7888337.5,0.0,-44380.0,7843957.5,10000000.0,10000000.0,0.7844,amber
2026-09-15,CP05,Petrochemical Plant E,active,4110530.0,0.0,-21142.5,4089387.5,12000000.0,12000000.0,0.3408,green
2026-09-15,CP06,LNG Feedgas Buyer F,active,1902445.0,0.0,-51690.0,1850755.0,20000000.0,20000000.0,0.0925,green
2026-09-15,CP07,LNG Feedgas Buyer G,commissioning,4430660.0,0.0,-81675.0,4348985.0,6000000.0,3000000.0,1.4497,red
2026-09-15,CP08,Regional Marketer H,active,5309005.0,13249535.0,226350.0,0.0,3000000.0,3000000.0,0.0,green
2026-09-16,CP01,Permian Producer A,active,0.0,12855072.5,69475.0,0.0,8000000.0,8000000.0,0.0,green
2026-09-16,CP02,Haynesville Producer B,active,0.0,7844180.0,136780.0,0.0,5000000.0,5000000.0,0.0,green
2026-09-16,CP03,Gulf Coast Utility C,active,4705580.0,0.0,-62720.0,4642860.0,15000000.0,15000000.0,0.3095,green
2026-09-16,CP04,Texas Power Generator D,active,7972877.5,0.0,-30560.0,7942317.5,10000000.0,10000000.0,0.7942,amber
2026-09-16,CP05,Petrochemical Plant E,active,4242807.5,0.0,-20910.0,4221897.5,12000000.0,12000000.0,0.3518,green
2026-09-16,CP06,LNG Feedgas Buyer F,active,1981080.0,0.0,-41555.0,1939525.0,20000000.0,20000000.0,0.097,green
2026-09-16,CP07,LNG Feedgas Buyer G,commissioning,4492040.0,0.0,-85680.0,4406360.0,6000000.0,3000000.0,1.4688,red
2026-09-16,CP08,Regional Marketer H,active,5386880.0,13528320.0,232260.0,0.0,3000000.0,3000000.0,0.0,green
2026-09-17,CP01,Permian Producer A,active,0.0,12988800.0,51052.5,0.0,8000000.0,8000000.0,0.0,green
2026-09-17,CP02,Haynesville Producer B,active,0.0,8048290.0,77340.0,0.0,5000000.0,5000000.0,0.0,green
2026-09-17,CP03,Gulf Coast Utility C,active,4790350.0,0.0,-28990.0,4761360.0,15000000.0,15000000.0,0.3174,green
2026-09-17,CP04,Texas Power Generator D,active,8056417.5,0.0,-5300.0,8051117.5,10000000.0,10000000.0,0.8051,amber
2026-09-17,CP05,Petrochemical Plant E,active,4372585.0,0.0,5487.5,4378072.5,12000000.0,12000000.0,0.3648,green
2026-09-17,CP06,LNG Feedgas Buyer F,active,2058465.0,0.0,-22840.0,2035625.0,20000000.0,20000000.0,0.1018,green
2026-09-17,CP07,LNG Feedgas Buyer G,commissioning,4553420.0,0.0,-50310.0,4503110.0,6000000.0,3000000.0,1.501,red
2026-09-17,CP08,Regional Marketer H,active,5464505.0,13804605.0,150670.0,0.0,3000000.0,3000000.0,0.0,green
2026-09-18,CP01,Permian Producer A,active,0.0,13124977.5,60940.0,0.0,8000000.0,8000000.0,0.0,green
2026-09-18,CP02,Haynesville Producer B,active,0.0,8254500.0,113720.0,0.0,5000000.0,5000000.0,0.0,green
2026-09-18,CP03,Gulf Coast Utility C,active,4875645.0,0.0,-45660.0,4829985.0,15000000.0,15000000.0,0.322,green
2026-09-18,CP04,Texas Power Generator D,active,8140657.5,0.0,-25460.0,8115197.5,10000000.0,10000000.0,0.8115,amber
2026-09-18,CP05,Petrochemical Plant E,active,4504112.5,0.0,-13147.5,4490965.0,12000000.0,12000000.0,0.3742,green
2026-09-18,CP06,LNG Feedgas Buyer F,active,2136725.0,0.0,-38190.0,2098535.0,20000000.0,20000000.0,0.1049,green
2026-09-18,CP07,LNG Feedgas Buyer G,commissioning,4614800.0,0.0,-65340.0,4549460.0,6000000.0,3000000.0,1.5165,red
2026-09-18,CP08,Regional Marketer H,active,5542305.0,14082640.0,181080.0,0.0,3000000.0,3000000.0,0.0,green
2026-09-21,CP01,Permian Producer A,active,0.0,13532110.0,18187.5,0.0,8000000.0,8000000.0,0.0,green
2026-09-21,CP02,Haynesville Producer B,active,0.0,8871930.0,23955.0,0.0,5000000.0,5000000.0,0.0,green
2026-09-21,CP03,Gulf Coast Utility C,active,5131230.0,0.0,-26145.0,5105085.0,15000000.0,15000000.0,0.3403,green
2026-09-21,CP04,Texas Power Generator D,active,8392977.5,0.0,43440.0,8436417.5,10000000.0,10000000.0,0.8436,amber
2026-09-21,CP05,Petrochemical Plant E,active,4897695.0,0.0,18090.0,4915785.0,12000000.0,12000000.0,0.4096,green
2026-09-21,CP06,LNG Feedgas Buyer F,active,2371005.0,0.0,12795.0,2383800.0,20000000.0,20000000.0,0.1192,green
2026-09-21,CP07,LNG Feedgas Buyer G,commissioning,4798940.0,0.0,-40905.0,4758035.0,6000000.0,3000000.0,1.586,red
2026-09-21,CP08,Regional Marketer H,active,5775605.0,14915745.0,117810.0,0.0,3000000.0,3000000.0,0.0,green
2026-09-22,CP01,Permian Producer A,active,0.0,13665837.5,50780.0,0.0,8000000.0,8000000.0,0.0,green
2026-09-22,CP02,Haynesville Producer B,active,0.0,9076040.0,86320.0,0.0,5000000.0,5000000.0,0.0,green
2026-09-22,CP03,Gulf Coast Utility C,active,5216000.0,0.0,-17840.0,5198160.0,15000000.0,15000000.0,0.3465,green
2026-09-22,CP04,Texas Power Generator D,active,8476517.5,0.0,-27680.0,8448837.5,10000000.0,10000000.0,0.8449,amber
2026-09-22,CP05,Petrochemical Plant E,active,5027472.5,0.0,-5780.0,5021692.5,12000000.0,12000000.0,0.4185,green
2026-09-22,CP06,LNG Feedgas Buyer F,active,2448390.0,0.0,-40775.0,2407615.0,20000000.0,20000000.0,0.1204,green
2026-09-22,CP07,LNG Feedgas Buyer G,commissioning,4860320.0,0.0,-30960.0,4829360.0,6000000.0,3000000.0,1.6098,red
2026-09-22,CP08,Regional Marketer H,active,5853230.0,15192030.0,92720.0,0.0,3000000.0,3000000.0,0.0,green
